Order_ID,Customer_ID,Product_ID,Region,Discount_Pct,Sales,Profit,Order_date,Quantity,Product_Price
O24-001369,CUST01357,P0039,East,0.06,37.93,6.58,2024-10-14,3,13.45
O24-003178,CUST00036,P0039,West,0.08,38.01,5.18,2024-10-27,3,13.77
O24-000752,CUST01343,P0002,West,0.15,903.04,227.59,2024-07-17,2,531.2
O24-001425,CUST01397,P0015,North,0.11,49.12,13.53,2024-12-23,1,55.19
O24-003242,CUST00171,P0021,West,0.11,563.42,109.33,2024-08-02,3,211.02
O24-003166,CUST01493,P0038,North,0.11,12.42,2.19,2024-08-25,1,13.96
O24-004607,CUST00856,P0010,East,0.07,335.1,73.42,2024-06-07,4,90.08
O24-007044,CUST00113,P0034,North,0.14,8.55,1.12,2024-04-28,1,9.94
O24-009856,CUST01189,P0012,West,0.05,110.58,22.06,2024-01-30,6,19.4
O24-008720,CUST00593,P0012,West,0.03,19.31,4.8,2024-02-11,1,19.91
O24-009306,CUST01056,P0001,West,0.06,3430.14,875.93,2024-03-23,3,1216.36
O24-008321,CUST00795,P0034,North,0.04,9.13,1.7,2024-03-09,1,9.51
O24-005303,CUST00805,P0024,North,0.06,3616.09,607.34,2024-04-12,6,641.15
O24-006907,CUST00154,P0008,West,0.21,1803.44,295.36,2024-04-16,4,570.71
O24-006356,CUST01217,P0004,West,0.09,830.12,227.45,2024-05-23,1,912.22
O24-004254,CUST01077,P0042,East,0.31,137.85,12.29,2024-04-01,7,28.54
O24-006140,CUST01075,P0043,North,0.16,131.68,32.75,2024-11-07,4,39.19
O24-003621,CUST01219,P0011,East,0.11,79.49,17.88,2024-06-19,1,89.32
O24-007818,CUST00508,P0034,South,0.1,70.78,9.75,2024-03-22,8,9.830555556
O24-005189,CUST00736,P0035,West,0.04,16.09,3.55,2024-09-30,4,4.190104167
O24-001160,CUST00634,P0048,East,0,2.22,0.48,2024-09-16,1,2.22
O24-007953,CUST00824,P0005,West,0.11,412.52,98.61,2024-01-05,1,463.5
O24-003973,CUST00133,P0038,West,0.06,38.83,7.72,2024-05-17,3,13.77
O24-008942,CUST01171,P0040,East,0.12,25.7,4.57,2024-10-10,2,14.6
O24-004525,CUST01307,P0013,South,0.09,37.2,5.9,2024-10-31,2,20.44
O24-007826,CUST00617,P0010,West,0.12,161.32,35.54,2024-02-02,2,91.66
O24-006416,CUST01012,P0002,North,0.22,426.81,94.93,2024-03-02,1,547.19
O24-003663,CUST01449,P0002,West,0.18,1290.79,342.6,2024-04-26,3,524.71
O24-003873,CUST00989,P0039,East,0.19,10.82,2.05,2024-03-30,1,13.36
O24-004617,CUST00535,P0026,South,0.11,1904.24,175.09,2024-01-14,4,534.9
O24-001676,CUST00289,P0018,North,0.01,1730.28,286.54,2024-12-31,4,436.9393939
O24-003574,CUST00048,P0007,North,0.2,343.78,82.88,2024-09-22,2,214.86
O24-008189,CUST01024,P0036,West,0.14,90.26,15.91,2024-12-01,5,20.99
O24-000120,CUST00800,P0018,South,0.19,2696.59,338.44,2024-09-12,8,416.14
O24-004976,CUST00607,P0011,North,0.05,161.94,43.7,2024-12-06,2,85.23157895
O24-000748,CUST00570,P0006,West,0,768.32,201.22,2024-01-29,2,384.16
O24-002998,CUST00683,P0034,West,0.01,19.76,4.92,2024-01-13,2,9.98
O24-005664,CUST00972,P0004,North,0.12,2421.04,615.01,2024-06-10,3,917.06
O24-004515,CUST01427,P0034,North,0,61.86,14,2024-04-25,6,10.31
O24-006154,CUST00486,P0016,East,0.31,175.4,31.66,2024-01-11,4,63.55
O24-000556,CUST00054,P0048,South,0.1,3.83,0.49,2024-12-14,2,2.13
O24-002275,CUST00056,P0004,North,0,11120.56,2604.05,2024-05-25,13,900.45
O24-001361,CUST00211,P0014,East,0.06,71.65,20.08,2024-05-27,2,38.11
O24-000036,CUST00253,P0033,South,0.32,52.92,2.84,2024-11-01,6,12.97
O24-009582,CUST00041,P0007,East,0.1,753.52,191.86,2024-05-18,4,209.31
O24-008021,CUST00537,P0029,North,0.1,557.93,52.17,2024-10-22,2,309.96
O24-005565,CUST00628,P0007,East,0.15,567.27,104.3,2024-04-30,3,222.46
O24-000022,CUST01496,P0016,South,0.11,107.89,21.58,2024-10-04,2,60.61
O24-001286,CUST01319,P0017,South,0.25,488.39,25.7,2024-04-10,3,217.06
O24-003717,CUST00512,P0035,South,0.14,3.47,0.43,2024-08-17,1,4.03
O24-007538,CUST01080,P0034,West,0.08,29.06,7.67,2024-04-26,3,10.53
O24-001196,CUST00468,P0013,North,0.37,12.52,1.62,2024-09-28,1,19.87
O24-001078,CUST01434,P0007,West,0.12,1282.76,294.37,2024-11-16,7,208.24
O24-005575,CUST00225,P0016,South,0.22,98.5,15.32,2024-04-10,2,63.14
O24-004185,CUST00167,P0039,South,0.1,12.39,1.29,2024-09-16,1,13.77
O24-004118,CUST01478,P0038,West,0.06,13.04,2.45,2024-11-10,1,13.87
O24-007650,CUST00012,P0005,North,0.06,877.73,182.12,2024-04-12,2,466.88
O24-004204,CUST00666,P0002,West,0.06,3066.36,841.68,2024-04-29,6,543.68
O24-003358,CUST01412,P0045,East,0.16,2.14,0.31,2024-05-20,1,2.55
O24-000972,CUST00028,P0011,East,0.26,64.49,11.17,2024-12-25,1,87.15
O24-009242,CUST01054,P0010,West,0.09,252.69,65.44,2024-09-10,3,92.56
O24-001232,CUST00849,P0039,West,0.08,12.7,2.62,2024-07-18,1,13.8
O24-004322,CUST00105,P0038,East,0.06,12.92,2.87,2024-01-24,1,13.74
O24-006145,CUST00338,P0030,East,0,104.14,17.35,2024-12-26,1,104.14
O24-001131,CUST00509,P0024,West,0.14,2751.61,314.07,2024-11-12,5,639.91
O24-007726,CUST01265,P0037,East,0.06,12.89,2.55,2024-03-26,1,13.71
O24-000303,CUST01189,P0010,East,0.06,170.06,38.32,2024-04-14,2,90.46
O24-004498,CUST00320,P0034,North,0.17,8.47,1.23,2024-06-11,1,10.2
O24-005541,CUST01041,P0044,North,0.16,12.91,1.76,2024-08-25,1,15.37
O24-007779,CUST01356,P0010,East,0.03,90.38,27.01,2024-09-27,1,93.18
O24-004520,CUST00785,P0004,North,0,3536.8,948.98,2024-09-09,4,884.2
O24-003593,CUST01457,P0013,West,0.08,37.11,7.74,2024-04-01,2,20.17
O24-005973,CUST00537,P0009,South,0.11,42.72,6.81,2024-11-23,2,24
O24-005255,CUST00867,P0004,North,0.38,2137.29,359.89,2024-12-25,4,861.81
O24-004684,CUST00927,P0014,East,0.19,31.6,6.05,2024-09-11,1,39.01
O24-008295,CUST00972,P0043,South,0.06,74.37,9.35,2024-03-27,2,39.56
O24-009001,CUST01437,P0011,East,0.12,77.48,17.29,2024-05-24,1,88.04545455
O24-006934,CUST00492,P0043,East,0.23,31.75,5.55,2024-03-28,1,41.23
O24-003096,CUST01211,P0009,East,0.09,64.13,15.4,2024-12-15,3,23.49
O24-002517,CUST00378,P0016,East,0.04,185.53,42.4,2024-07-11,3,64.42
O24-002418,CUST00073,P0005,West,0.08,1229.06,301.13,2024-06-27,3,445.31
O24-008635,CUST00617,P0018,North,0.08,401.22,57.08,2024-07-11,1,436.11
O24-003937,CUST01112,P0036,East,0.03,41.69,7.09,2024-04-09,2,21.49
O24-006055,CUST00483,P0028,South,0.09,4040.86,377.43,2024-07-27,10,444.05
O24-001449,CUST00914,P0009,West,0.06,90.95,23.46,2024-05-14,4,24.19
O24-005032,CUST01414,P0041,South,0.19,52.42,5.45,2024-12-11,2,32.36
O24-009239,CUST00314,P0002,West,0.31,706.02,118.2,2024-02-01,2,511.61
O24-001354,CUST00828,P0017,North,0.1,397.42,42.69,2024-06-30,2,220.79
O24-004878,CUST00436,P0012,South,0.18,83.31,15.95,2024-03-08,5,20.32
O24-007978,CUST00006,P0012,South,0.13,34.23,6.92,2024-04-04,2,19.67
O24-008654,CUST01492,P0007,North,0.1,1500.26,351.29,2024-12-01,8,208.37
O24-004569,CUST00951,P0043,West,0.07,187.07,33.88,2024-06-24,5,40.23
O24-005622,CUST00750,P0006,South,0.16,324.58,56.38,2024-05-07,1,386.41
O24-002174,CUST00871,P0018,West,0.09,1539.03,174.1,2024-03-19,4,422.81
O24-003916,CUST00412,P0044,East,0.04,73.25,14.23,2024-03-30,5,15.26
O24-009577,CUST00596,P0043,West,0.18,95.99,11.98,2024-09-14,3,39.02
O24-006400,CUST01296,P0046,West,0.07,11.46,2.1,2024-09-22,4,3.08
O24-008521,CUST01005,P0009,East,0.16,121.82,29.97,2024-02-13,6,24.17
O24-000551,CUST01126,P0040,West,0.06,41.85,7.76,2024-10-18,3,14.84
O24-007161,CUST00332,P0024,East,0.1,1176.77,223.09,2024-08-15,2,653.76
O24-002431,CUST00324,P0036,West,0.1,39.96,7.73,2024-06-12,2,22.2
O24-000783,CUST01497,P0013,North,0.04,115.26,28.42,2024-04-21,6,20.01041667
O24-008864,CUST01111,P0048,West,0.07,3.98,0.86,2024-07-18,2,2.14
O24-006321,CUST00932,P0008,West,0.21,911.3,193.06,2024-06-28,2,576.77
O24-008911,CUST00312,P0001,East,0.14,3846.37,946.62,2024-01-25,4,1118.13
O24-003205,CUST00866,P0003,East,0.2,1114.82,217.6,2024-08-11,1,1393.53
O24-002608,CUST00810,P0019,West,0.11,349.32,60.79,2024-01-04,1,392.49
O24-002375,CUST00337,P0022,South,0.24,1039.73,55.26,2024-02-02,2,684.03
O24-001383,CUST01168,P0009,East,0.08,169.28,40.52,2024-01-10,8,23
O24-005797,CUST01433,P0029,North,0.07,261.45,39.75,2024-11-29,1,281.13
O24-002767,CUST00627,P0007,West,0.11,538.27,121.44,2024-09-10,3,201.6
O24-007806,CUST01313,P0005,North,0.13,406.21,80.58,2024-06-12,1,466.91
O24-001469,CUST01212,P0025,North,0.05,1468.75,225.93,2024-01-30,3,515.35
O24-006526,CUST01330,P0038,West,0.17,22.97,3.81,2024-06-24,2,13.84
O24-002648,CUST00510,P0006,East,0.2,1645.36,453.39,2024-04-08,5,411.34
O24-009890,CUST00636,P0006,South,0.19,639.37,114.26,2024-10-17,2,394.67
O24-001501,CUST01442,P0040  ,North,0.15,13.29,1.29,2024-04-15,1,15.64
O24-003939,CUST01115,P0044,South,0.11,13.78,2.08,2024-09-05,1,15.48
O24-009249,CUST00640,P0040,East,0.26,22.38,3.74,2024-10-11,2,15.12
O24-002609,CUST01276,P0028,West,0.09,404.29,43.95,2024-11-30,1,444.28
O24-000515,CUST00431,P0006,East,0.14,3306.61,834.26,2024-11-08,10,384.49
O24-009174,CUST00144,P0041,West,0.1,27.5,5.07,2024-06-11,1,30.56
O24-006222,CUST00153,P0041,West,0.18,54.22,8.2,2024-08-06,2,33.06
O24-002539,CUST01014,P0042,North,0.08,28.82,5.83,2024-04-19,1,31.33
O24-004039,CUST00011,P0005,South,0.25,1008.09,155.4,2024-09-03,3,448.04
O24-009706,CUST01210,P0008,East,0.15,4013.5,1056.26,2024-03-16,8,590.22
O24-007794,CUST01239,P0021,West,0.01,223.54,36.08,2024-03-28,1,225.8
O24-002457,CUST01004,P0042,North,0.07,223.42,36.24,2024-05-28,8,30.03
O24-001447,CUST00008,P0011,East,0.1,156.04,37.36,2024-07-26,2,86.68888889
O24-006524,CUST00706,P0013,West,0.08,17.25,3.93,2024-07-02,1,18.75
O24-005600,CUST01471,P0016,East,0.01,65.12,15.45,2024-12-23,1,65.78
O24-006146,CUST00108,P0008,North,0.32,1162.43,166,2024-02-13,3,569.82
O24-001998,CUST00922,P0037,East,0.16,45.39,8.37,2024-01-07,4,13.51
O24-007966,CUST00105,P0001,West,0.07,1117.68,262.43,2024-07-29,1,1201.81
O24-005317,CUST00456,P0017,North,0.18,342.83,62.82,2024-03-17,2,209.04
O24-005618,CUST00738,P0017,East,0.15,183.9,18.97,2024-11-18,1,216.35
O24-009682,CUST01271,P0009,East,0.05,21.27,5.5,2024-12-16,1,22.39
O24-005685,CUST00140,P0008,West,0.03,1177.06,311.36,2024-01-30,2,606.73
O24-001489,CUST00264,  P0010,East,0.15,159.53,42.5,2024-03-30,2,93.84
O24-002103,CUST00511,P0018,West,0.04,826.06,117.06,2024-06-27,2,430.24
O24-004041,CUST00534,P0044,South,0.22,12.24,1.5,2024-03-21,1,15.69
O24-008891,CUST00020,P0029,South,0.36,710.48,7.33,2024-08-10,4,277.53
O24-002446,CUST01163,P0046,West,0.06,2.77,0.45,2024-03-06,1,2.95
O24-001058,CUST00126,P0004,East,0,5434.68,1630.4,2024-10-30,6,905.78
O24-005357,CUST00804,P0003,South,0.29,5183.43,908.38,2024-10-13,5,1460.121127
O24-001601,CUST01362,P0005,East,0.15,1519.94,292.36,2024-08-09,4,447.04
O24-006737,CUST00630,P0001,South,0.21,1780.28,309.72,2024-07-10,2,1126.76
O24-005264,CUST00739,P0023,West,0.38,662.93,34.67,2024-07-25,4,267.31
O24-000916,CUST01439,P0034,South,0.11,37.42,5.9,2024-12-13,4,10.51
O24-000327,CUST00376,P0023,North,0.16,434.68,41.07,2024-05-20,2,258.74
O24-004604,CUST00902,P0006,West,0.09,993.09,226.32,2024-10-31,3,363.77
O24-009419,CUST00448,P0032,South,0.15,1211.58,84.77,2024-11-20,3,475.13
O24-003979,CUST00776,P0022,North,0.35,460.66,6.45,2024-12-26,1,708.7
O24-000753,CUST00812,P0040,West,0.15,37.48,6.09,2024-06-30,3,14.7
O24-003915,CUST01225,P0030,West,0.08,464.28,76.41,2024-06-06,5,100.93
O24-008511,CUST00529,P0041,North,0.11,114.2,22.21,2024-10-29,4,32.08
O24-004397,CUST00716,P0022,East,0.05,633.49,86.59,2024-10-22,1,666.83
O24-002806,CUST00650,P0047,East,0.04,9.72,1.7,2024-11-07,1,10.13
O24-007048,CUST00644,P0048,West,0.09,12.39,2.31,2024-11-26,6,2.27
O24-005055,CUST00618,P0035,North,0.19,3.17,0.5,2024-02-29,1,3.91
O24-000247,CUST00108,P0001,East,0.09,996.96,259.52,2024-03-07,1,1095.56
O24-007523,CUST00137,P0024,North,0.16,2759.23,409.5,2024-08-29,5,656.96
O24-007347,CUST00652,P0011,East,0.07,81.77,20.87,2024-01-12,1,87.93
O24-000676,CUST01129,P0037,West,0.08,23.86,3.9,2024-12-03,2,12.97
O24-001939,CUST01427,P0022,East,0.18,2737.57,282.56,2024-10-08,5,667.7
O24-003528,CUST01365,P0015,East,0.18,85.44,18.97,2024-08-01,2,52.1
O24-006050,CUST01427,P0006,North,0,1174.8,318.34,2024-09-09,3,391.6
O24-005382,CUST01194,P0009,North,0.19,96.19,21.99,2024-02-15,5,23.75
O24-000297,CUST01024,P0012,East,0.31,13.54,2.44,2024-09-21,1,19.63
O24-002028,CUST01358,P0043,East,0.16,32.84,4.93,2024-12-29,1,39.1
O24-001497,CUST00606,P0009,West,0.27,50.81,10.07,2024-05-04,3,23.2
O24-003201,CUST00608,P0020,South,0.18,1248.35,27.72,2024-06-09,6,253.73
O24-000763,CUST00997,P0020,East,0.08,257,31.07,2024-07-06,1,279.35
O24-000246,CUST00231,P0014,North,0,165.04,35.91,2024-09-05,4,41.26
O24-008990,CUST01430,P0017,West,0.01,1559.32,233.02,2024-06-14,7,225.01
O24-000112,CUST00500,P0034,North,0.16,25.86,5.51,2024-11-19,3,10.26
O24-008202,CUST00001,P0004,South,0.4,557.49,69.9,2024-02-12,1,929.15
O24-002980,CUST00310,P0019,North,0.06,1144.41,160.28,2024-04-01,3,405.82
O24-002002,CUST00768,P0001,East,0.13,8525.3,1698.13,2024-01-01,8,1224.9
O24-004097,CUST01306,P0016,South,0.2,102.37,17.11,2024-05-22,2,63.98
O24-008602,CUST01052,P0040,South,0.13,69.82,13.03,2024-10-15,5,16.05
O24-008879,CUST01111,P0019,East,0.09,739.88,132.76,2024-12-12,2,406.53
O24-008707,CUST00306,P0006,North,0.36,510.02,98.15,2024-05-08,2,398.45
O24-005808,CUST00266,P0022,West,0.06,639.09,80.55,2024-02-02,1,679.88
O24-009282,CUST01173,P0010,South,0.14,77.41,16.17,2024-02-13,1,90.01
O24-008283,CUST00345,P0046,West,0.17,4.91,0.85,2024-09-22,2,2.96
O24-004595,CUST00598,P0030,East,0.1,383.58,47.59,2024-09-25,4,106.55
O24-003782,CUST01081,P0032,North,0.35,886.43,31.17,2024-05-19,3,454.58
O24-007326,CUST00323,P0017,South,0.35,135.1,5.56,2024-05-29,1,207.85
O24-004335,CUST00318,  P0048,East,0.08,8.06,1.19,2024-11-13,4,2.19
O24-002569,CUST00619,P0010,West,0.12,780.38,198.37,2024-06-03,10,88.68
O24-002514,CUST01491,P0033,North,0.08,35.69,8.41,2024-01-31,3,12.93
O24-001259,CUST00230,P0036,South,0,39.46,5.22,2024-06-07,2,22.17
O24-006354,CUST00050,P0042,South,0.18,115.54,20.68,2024-04-28,5,28.18
O24-001995,CUST00563,P0045,South,0.15,4.57,0.52,2024-10-08,2,2.69
O24-006301,CUST01195,P0015,East,0.02,208.11,51.18,2024-12-07,4,53.09
O24-001265,CUST00648,P0045,West,0.09,9.79,1.55,2024-03-10,4,2.69
O24-007714,CUST00331,P0040,North,0.1,27.61,4.56,2024-12-20,2,15.34
O24-000890,CUST00679,P0031,East,0,279.76,46.54,2024-09-20,1,279.76
O24-009445,CUST01424,P0018,North,0.18,1055.36,123.42,2024-11-09,3,429.01
O24-001674,CUST00533,P0047,West,0.01,10.49,2.04,2024-06-18,1,10.6
O24-000261,CUST01490,P0010,West,0.12,587.23,114.48,2024-06-13,7,95.33
O24-000363,CUST00527,P0006,North,0.23,2273.04,394.31,2024-06-06,8,369
O24-003864,CUST00065,P0012  ,West,0.08,18.17,5.06,2024-12-05,1,19.75
O24-001359,CUST00487, P0016 ,East,0.04,237.66,60.09,2024-05-25,4,61.89
O24-005437,CUST01087,P0047,South,0.16,8.76,1.12,2024-09-30,1,10.43
O24-000059,CUST00042,P0001,South,0.17,3852.69,795.1,2024-11-17,4,1160.45
O24-008391,CUST01483,P0017  ,North,0.13,571.96,69.93,2024-12-08,3,219.14
O24-007844,CUST00213,P0026,North,0.19,3186.48,413.78,2024-11-20,8,491.74
O24-007587,CUST00689,P0009,East,0.15,20.63,5.39,2024-06-15,1,24.27
O24-009998,CUST00019,P0043,West,0.14,168.73,26.72,2024-01-04,5,39.24
O24-001620,CUST00698,P0009,East,0.14,103.16,23,2024-07-11,5,23.99
O24-006587,CUST00453,P0028,South,0.1,425.4,60.36,2024-02-22,1,472.67
O24-004828,CUST00450,P0046,East,0.05,2.9,0.65,2024-02-01,1,3.05
O24-002146,CUST00134,P0039,North,0.07,80.07,16.24,2024-08-09,6,14.35
O24-004971,CUST01048,P0028,North,0.14,372.26,51.85,2024-01-11,1,432.86
O24-001431,CUST01462,P0044,North,0.14,13.42,2.45,2024-10-13,1,15.61
O24-000923,CUST00842,P0006,West,0.04,1453.29,351.45,2024-09-21,4,378.46
O24-000047,CUST00314,P0035,North,0.06,11.73,2.05,2024-07-10,3,4.16
O24-008983,CUST00862,P0007,South,0.12,745.4,135.74,2024-07-01,4,211.76
O24-009414,CUST01442,P0046,South,0.1,2.74,0.4,2024-07-09,1,3.05
O24-004986,CUST00080,P0035,North,0.1,3.65,0.74,2024-10-12,1,4.06
O24-003940,CUST01360,P0013,South,0.07,147.31,30.47,2024-09-14,8,19.8
O24-002128,CUST01419,P0013,West,0.05,142.65,35.05,2024-06-26,8,18.77
O24-003931,CUST00263,P0004,East,0.27,1937.16,410.58,2024-11-14,3,884.55
O24-003750,CUST01246,P0034,East,0.09,27.33,4.55,2024-09-26,3,10.01
O24-008355,CUST00039,P0010,East,0.12,325.46,87.33,2024-08-26,4,92.46
O24-006688,CUST00046,P0004,East,0.16,2341.08,562.71,2024-11-26,3,929
O24-009044,CUST01277,P0044,East,0.08,28.72,4.79,2024-10-11,2,15.61
O24-005899,CUST00152,P0030  ,East,0.04,104.52,18.02,2024-12-21,1,108.88
O24-005175,CUST01122,P0026,West,0.04,2426.93,285.79,2024-10-29,5,505.61
O24-005267,CUST00125,P0047,East,0.14,70.45,8.56,2024-10-22,8,10.24
O24-008127,CUST00290,P0006,South,0.15,2511.38,342.45,2024-08-13,8,369.32
O24-000505,CUST00011,P0013,East,0.23,78.46,16.07,2024-11-01,5,20.38
O24-000884,CUST00638,P0032,North,0.1,436.68,53.46,2024-04-07,1,485.2
O24-007900,CUST00746,P0046,North,0.2,2.43,0.36,2024-06-10,1,3.04
O24-001322,CUST00060,P0015,North,0.14,90.23,22.34,2024-03-02,2,52.46
O24-002581,CUST00039,P0035,North,0.17,6.67,1.06,2024-07-30,2,4.02
O24-009032,CUST01455,P0002,North,0.14,4617.94,1059.39,2024-11-30,10,536.97
O24-003590,CUST01492,P0014,East,0.08,185.15,37.27,2024-12-17,5,40.25
O24-000047,CUST00314,P0035,North,0.06,11.73,2.05,2024-07-10,3,4.16
O24-009168,CUST00936,P0008,West,0.15,1455.03,320.82,2024-11-02,3,570.6
O24-005947,CUST00008,P0035,North,0.18,6.76,1.27,2024-09-03,2,4.12
O24-002262,CUST00055,P0025,East,0.12,897.93,111.8,2024-11-19,2,510.19
O24-002790,CUST00203,P0024,East,0.11,1138.84,187.23,2024-06-11,2,639.8
O24-005004,CUST01117,P0033,North,0.06,13.04,2.36,2024-02-04,1,13.87
O24-009795,CUST01413,P0020,East,0.12,247.43,32.74,2024-07-11,1,281.17
O24-007948,CUST00045,P0021,North,0.15,546.36,86.28,2024-12-15,3,214.26
O24-006129,CUST00174,P0009,South,0.17,63.15,13.97,2024-03-24,3,25.36
O24-002055,CUST00300,P0004,West,0.02,906.67,245.56,2024-12-30,1,925.17
O24-007435,CUST00320,P0038,North,0.24,40.28,7.51,2024-12-19,4,13.25
O24-006166,CUST00011,P0022,West,0.1,582.38,71.97,2024-01-07,1,647.09
O24-005780,CUST00857,P0018,West,0.24,626.54,58.62,2024-11-29,2,412.2
O24-008246,CUST00531,  P0008,South,0.18,481.59,89.18,2024-07-29,1,587.3
O24-004488,CUST00670,P0014,West,0.25,124.86,26.1,2024-06-16,4,41.62
O24-009097,CUST00847,P0027,North,0.05,357.93,48.89,2024-07-14,3,125.59
O24-009261,CUST01026,P0026,North,0.31,339.3,24.61,2024-01-27,1,491.74
O24-008453,CUST00766,P0027,West,0.05,476.82,70.79,2024-06-15,4,125.48
O24-005295,CUST00345,P0047,East,0.21,8.34,1.42,2024-04-16,1,10.56
O24-003186,CUST00561,P0008,East,0.05,2215.48,530.83,2024-12-07,4,583.02
O24-004029,CUST00734,P0033,North,0.13,93.75,17.5,2024-12-26,8,13.47
O24-005543,CUST00278,P0004,North,0.21,715.79,148.78,2024-12-02,1,906.06
O24-003190,CUST01480,P0034,North,0.28,38.48,4.1,2024-07-22,5,10.69
O24-007583,CUST00540,P0009,North,0.01,46.21,11.48,2024-03-09,2,23.34
O24-006429,CUST00932,P0007,East,0.08,735.26,173.64,2024-08-24,4,199.8
O24-009532,CUST01377,P0013,South,0.13,31.88,5.93,2024-05-12,2,18.32
O24-000680,CUST00243,P0039,East,0.16,59.14,9.98,2024-07-25,5,14.08
O24-007412,CUST01404,P0004,East,0.07,838.68,209.64,2024-11-16,1,901.81
O24-002737,CUST00593,P0006,East,0.34,769.9,150.57,2024-04-03,3,388.84
O24-000589,CUST00707,P0043,North,0.2,126.37,18.15,2024-06-19,4,39.49
O24-007630,CUST00145,P0046,South,0.15,21.62,2.89,2024-11-18,8,3.18
O24-009581,CUST00713,P0015,East,0.06,50.89,11.44,2024-01-15,1,54.14
O24-002552,CUST00265,P0004,West,0.03,2568.22,647,2024-06-21,3,882.55
O24-002524,CUST00890,P0044,West,0.1,13.87,2.79,2024-06-23,1,15.41
O24-005202,CUST00007,P0037,South,0.34,9.06,0.69,2024-11-03,1,13.73
O24-000444,CUST01277,P0007,North,0.33,541.36,100.04,2024-09-02,4,202
O24-002117,CUST00380,P0018,North,0.11,1143.61,160.16,2024-10-27,3,428.32
O24-007725,CUST00800,P0033,North,0,21.23,3.23,2024-03-23,2,12.06
O24-001234,CUST00379,P0034,West,0.14,25.67,4.31,2024-04-22,3,9.949612403
O24-003442,CUST00019,P0002,South,0.15,911.8,143.36,2024-06-27,2,536.35
O24-002592,CUST00300,P0011,South,0.29,240.69,41.67,2024-01-06,4,84.75
O24-009363,CUST01272,P0047,West,0.33,42.01,4.42,2024-06-06,6,10.45
O24-002241,CUST00772,P0045,West,0.08,7.42,1.34,2024-11-20,3,2.69
O24-008161,CUST01180,P0046,South,0.2,2.5,0.28,2024-08-02,1,3.12
O24-007215,CUST00745,  P0046,North,0.13,2.71,0.45,2024-09-21,1,3.11
O24-000127,CUST01025,P0014,East,0.07,112.16,26.95,2024-11-30,3,40.2
O24-008017,CUST00921,P0005,North,0.06,1697,424.78,2024-01-31,4,451.33
O24-009634,CUST00785,P0010,West,0.01,266.47,68.29,2024-03-28,3,89.72
O24-009326,CUST00507,P0040,West,0.11,28.68,4.13,2024-08-07,2,16.11
O24-002997,CUST01366,P0028,North,0.09,2016.79,325.72,2024-12-17,5,443.25
O24-002479,CUST00815,P0048,South,0.07,2.04,0.38,2024-07-24,1,2.19
O24-004997,CUST00337,P0033,South,0.15,34.68,4.33,2024-06-17,3,13.6
O24-009388,CUST00467,P0006,South,0.12,1348.93,278.95,2024-04-21,4,383.22
O24-000087,CUST00894,P0020,North,0.18,441.67,65.69,2024-09-10,2,269.31
O24-005318,CUST01204,P0035,West,0.11,35.69,7.67,2024-12-21,10,4.01
O24-001428,CUST00939,P0010,West,0.09,506.2,119.78,2024-11-22,6,92.71
O24-009205,CUST00133,P0016,East,0.05,255.32,65.28,2024-01-09,4,67.19
O24-001724,CUST00305,P0030,West,0.23,159.28,17.03,2024-06-08,2,103.43
O24-009809,CUST00284,P0010,West,0.24,143.31,32.17,2024-03-19,2,94.28
O24-005360,CUST01386,P0008,West,0.04,1139.94,282.42,2024-12-17,2,593.72
O24-005339,CUST01441,P0015,South,0.16,89.07,20.96,2024-03-17,2,53.02
O24-008196,CUST01359,P0013,North,0.3,26.64,5.48,2024-10-22,2,19.03
O24-004975,CUST00763,P0032,East,0.17,805.03,91.48,2024-06-30,2,484.96
O24-006112,CUST00755,P0020,North,0.14,439.84,54.82,2024-02-24,2,255.7209302
O24-004468,CUST00047,P0027,West,0,374.25,50.11,2024-07-15,3,124.75
O24-003761,CUST01405,P0046,East,0.02,8.94,1.98,2024-07-26,3,3.04
O24-009054,CUST00474,P0022,North,0.16,2796.32,419.05,2024-08-01,5,665.79
O24-003093,CUST00225,P0017,East,0.37,406.07,35.18,2024-03-16,3,214.85
O24-005158,CUST01438,P0041,East,0.13,27.81,4.94,2024-01-20,1,31.96
O24-001148,CUST00374,P0014,South,0.15,34.23,5.2,2024-10-21,1,40.27058824
O24-006275,CUST01300,P0001,East,0.08,1064.93,266.93,2024-04-05,1,1157.53
O24-000420,CUST01114,P0032,North,0.08,852.6,132.71,2024-04-14,2,463.37
O24-008315,CUST00254,P0004,East,0.25,3365.89,848.03,2024-11-01,5,897.57
O24-007938,CUST00847,P0028,East,0.16,778.26,102.17,2024-01-25,2,463.25
O24-007163,CUST00649,P0002,West,0.12,904.31,210.2,2024-02-08,2,513.81
O24-003054,CUST00420,P0046  ,East,0.34,1.92,0.24,2024-07-30,1,2.91
O24-000293,CUST01176,P0013,West,0.08,95.5,25.24,2024-07-16,5,20.76
O24-000697,CUST00388,P0006,East,0.06,367.23,77.16,2024-07-11,1,390.67
O24-000987,CUST00658,P0020,East,0,529.34,94.65,2024-06-14,2,264.67
O24-002326,CUST00732,P0003,North,0.16,2342.37,492.19,2024-09-06,2,1394.27
O24-000326,CUST00700,P0041,West,0.02,129.16,26.94,2024-04-07,4,32.95
O24-005429,CUST01444,P0027,North,0.01,598.26,102,2024-12-29,5,120.86
O24-009678,CUST01419,P0009,South,0.07,156.44,34.89,2024-01-27,7,24.03
O24-004510,CUST00657,P0031,East,0.01,525.91,125.55,2024-08-26,2,265.61
O24-001749,CUST01396,P0019,East,0.08,724.94,87.18,2024-10-15,2,393.99
O24-007295,CUST01121,P0034,North,0.07,9.08,1.77,2024-10-30,1,9.76
O24-008987,CUST00901,P0008,East,0.34,797.78,181.18,2024-06-17,2,604.38
O24-002959,CUST00598,P0003,North,0.36,861.48,126.76,2024-09-17,1,1346.06
O24-008800,CUST00187,P0005,West,0.35,314.55,65.33,2024-03-11,1,483.93
O24-006332,CUST01173, P0018 ,North,0.1,1934.32,179.25,2024-03-12,5,429.85
O24-006350,CUST00409,P0003,West,0.1,1256.82,328.51,2024-11-18,1,1396.47
O24-006552,CUST00992,P0036,South,0.1,39.2,7.44,2024-02-24,2,21.78
O24-007769,CUST00122,P0025,North,0.21,820.73,85.05,2024-11-09,2,519.45
O24-005924,CUST00984,P0026,South,0.27,1148.46,93.6,2024-12-08,3,524.41
O24-005358,CUST00933,P0001,North,0.16,2921.99,628.62,2024-06-07,3,1159.52
O24-008264,CUST00842,P0036,South,0.18,32.93,5.65,2024-08-17,2,20.08
O24-005996,CUST01222,P0041,North,0.26,74.66,9.35,2024-07-07,3,33.63
O24-006995,CUST00937,P0021,North,0.06,417.81,64.87,2024-06-30,2,222.24
O24-007866,CUST00229,P0001,East,0.06,2191.31,521.99,2024-09-19,2,1165.59
O24-005167,CUST00224,P0004,West,0.12,763.51,170.39,2024-05-16,1,867.625
O24-006634,CUST00905,P0031,North,0,1060.56,186.9,2024-04-26,4,265.14
O24-007550,CUST00345,P0013,South,0.16,85.26,15.08,2024-09-24,5,20.3
O24-000795,CUST01118,P0043,West,0,79.82,16.41,2024-10-20,2,39.91
O24-007634,CUST00283,P0037,East,0,12.25,2.33,2024-06-07,1,13.32
O24-005226,CUST00773,P0011,West,0.14,150.22,35.04,2024-09-28,2,87.34
O24-006191,CUST00357,P0028,North,0.04,2149.2,329.51,2024-04-27,5,447.75
O24-004318,CUST00966,P0031,North,0.04,752.05,100.5,2024-12-17,3,261.13
O24-005495,CUST00276,P0030,East,0.06,964.16,139.22,2024-12-23,10,102.57
O24-001785,CUST01319,P0005,North,0.02,1328.23,335.7,2024-01-20,3,451.78
O24-007574,CUST00764,P0017,East,0.15,180.17,20.53,2024-01-02,1,211.96
O24-002618,CUST00398,P0010,North,0.04,271.3,57.01,2024-06-24,3,94.2
O24-004028,CUST00098,  P0025,North,0.1,4629.24,690.37,2024-01-26,10,514.36
O24-000894,CUST00476,P0013,East,0,59.25,17.68,2024-11-17,3,19.75
O24-002459,CUST00367,P0040,East,0.25,23.54,2.28,2024-02-09,2,15.69
O24-008965,CUST00794,P0017,East,0.27,162.26,10.03,2024-06-26,1,222.27
O24-009608,CUST00237,P0039,North,0.22,54.72,9.01,2024-07-12,5,14.03
O24-007304,CUST00870,P0028,East,0.13,1485.61,229.65,2024-05-06,4,426.9
O24-000407,CUST00311,P0015,South,0.1,280.85,55.31,2024-11-07,6,52.01
O24-006517,CUST01167,P0010,West,0.06,178.49,49.56,2024-05-05,2,94.94
O24-001388,CUST00465,P0030,East,0.11,374.83,50.36,2024-09-27,4,105.29
O24-001377,CUST00755,P0006,West,0.16,614.19,114.59,2024-09-24,2,365.59
O24-009994,CUST00262,P0003,North,0.07,1297.52,296.15,2024-03-16,1,1395.18
O24-001597,CUST00652,P0041,West,0.07,58.12,9.78,2024-11-07,2,31.25
O24-001773,CUST01389,P0014,East,0.11,104.21,23.05,2024-11-20,3,39.03
O24-009950,CUST00384,P0003,North,0.11,6088.04,1485.06,2024-10-24,5,1368.1
O24-005454,CUST01401,P0014,North,0.09,148.04,31.47,2024-06-09,4,40.67
O24-008567,CUST01116,P0034,South,0.04,77.11,11.88,2024-11-26,8,10.04
O24-003368,CUST00407,P0042,West,0.15,73.44,12.66,2024-08-28,3,28.8
O24-003426,CUST01446,P0014,West,0.06,37.32,8.75,2024-10-06,1,39.70212766
O24-006470,CUST00710,P0034,East,0.09,28.2,3.4,2024-09-07,3,10.33
O24-009130,CUST01253,P0029,West,0.12,1072.54,130.68,2024-10-18,4,304.7
O24-009404,CUST00467,P0029,North,0.15,524.14,59.85,2024-10-27,2,308.32
O24-003307,CUST00025,P0037,South,0.18,11.31,1.42,2024-03-28,1,13.79
O24-009484,CUST00424,P0030,East,0.16,167.83,23.67,2024-09-30,2,99.9
O24-007352,CUST01277,P0028,East,0.17,371.55,38.17,2024-03-07,1,447.65
O24-002027,CUST00135,P0015,East,0.16,132.2,27,2024-07-22,3,52.46
O24-005553,CUST01320,P0037,South,0.17,11.47,1,2024-10-08,1,13.82
O24-002889,CUST01053,P0008,West,0.07,2125.83,461.32,2024-05-11,4,571.46
O24-002328,CUST00195,P0016,West,0.1,59.35,11.89,2024-05-09,1,65.94
O24-008129,CUST01388,P0037,South,0.16,59.64,6.64,2024-12-17,5,14.2
O24-000658,CUST01276,P0009,North,0.06,89.07,25.71,2024-01-16,4,23.69
O24-007116,CUST00621,P0015,North,0.11,90.67,21.03,2024-12-10,2,50.94
O24-009649,CUST00600,P0001,West,0.09,1053.62,268.89,2024-04-13,1,1157.82
O24-002205,CUST01408,P0004,South,0.12,1680.92,282.97,2024-11-08,2,955.07
O24-007737,CUST00711,P0013,South,0.12,34.43,6.98,2024-10-11,2,19.56
O24-005405,CUST00591,P0046,South,0.2,9.76,1.09,2024-08-03,4,3.05
O24-009674,CUST00818,P0003,West,0.13,3512.85,712.07,2024-02-09,3,1345.92
O24-001746,CUST00622,P0042,East,0.14,72.09,11.55,2024-07-31,3,27.94
O24-000516,CUST00103,P0006,North,0.11,358.41,73.57,2024-09-05,1,402.71
O24-003486,CUST00778,P0026,East,0.18,1615.89,222.75,2024-08-04,4,492.65
O24-006999,CUST00655,P0034,East,0.12,8.94,1.91,2024-10-13,1,10.16
O24-004413,CUST00645,P0007,North,0.04,1207.41,289.46,2024-08-25,6,209.62
O24-005828,CUST00239,P0038,North,0.11,37.33,6.83,2024-06-03,3,13.98
O24-003891,CUST01046,P0010,North,0.03,275.75,81.77,2024-08-09,3,94.76
O24-006713,CUST01238,P0020,West,0.12,1126.05,122.11,2024-02-26,5,255.92
O24-009298,CUST01024,P0021,North,0.03,213.43,35.01,2024-08-10,1,220.03
O24-001034,CUST00762,P0034  ,West,0.07,75.66,16.58,2024-12-09,8,10.17
O24-005510,CUST00476,P0003,East,0,2739.6,739.64,2024-11-04,2,1369.8
O24-007820,CUST00022,P0024,East,0.04,1901.15,325.19,2024-02-09,3,660.12
O24-000374,CUST01091,P0015,North,0.12,273.24,73.98,2024-04-30,6,51.75
O24-003806,CUST01287,P0018,East,0.16,1060.74,133.02,2024-05-20,3,420.93
O24-001974,CUST01206,P0001,South,0.17,949.08,164.73,2024-01-26,1,1143.47
O24-007515,CUST01248,P0025,North,0,531.5,80.05,2024-11-03,1,531.5
O24-001795,CUST01029,P0016,West,0.13,54.38,11.93,2024-09-17,1,62.5
O24-005801,CUST00979,P0037,West,0.18,22.29,3.49,2024-11-17,2,13.59
O24-005240,CUST00949,P0043,East,0.04,106.21,21.76,2024-03-18,3,36.88
O24-003433,CUST01491,P0025,East,0.25,761.61,82.33,2024-07-18,2,507.74
O24-008915,CUST00969,P0005,South,0.08,1716.65,315.77,2024-02-25,4,466.48
O24-006805,CUST01156,P0036,North,0.02,138.02,31.51,2024-12-29,7,20.12
O24-005868,CUST01151,P0031,North,0.12,450.86,64.32,2024-10-07,2,256.17
O24-007268,CUST00386,P0043,North,0.09,74.77,14.6,2024-12-16,2,41.08
O24-006377,CUST00112,P0033,South,0.14,68.68,9.65,2024-11-09,6,13.31
O24-007331,CUST00728,P0005,North,0.17,411.16,81.99,2024-06-20,1,495.37
O24-000929,CUST00578,P0030,South,0.11,266.28,21.71,2024-09-03,3,99.73
O24-001991,CUST00179,P0036,West,0,104.75,19.34,2024-04-16,5,20.95
O24-002828,CUST00535,P0001,West,0.16,3024.76,630.8,2024-07-29,3,1200.3
O24-009918,CUST01425,P0016,South,0.17,320.16,63.46,2024-05-31,6,64.29
O24-009513,CUST01495,  P0026,East,0.09,1894.18,229.4,2024-05-23,4,520.38
O24-003789,CUST00080,  P0002,North,0.08,497.6,137.97,2024-01-13,1,540.87
O24-006023,CUST00862,P0009,East,0.08,90.23,23.09,2024-03-19,4,24.52
O24-001910,CUST01234,P0035,East,0.12,14.43,2.49,2024-10-28,4,4.1
O24-006326,CUST00509,P0009,West,0.09,110.66,25.2,2024-03-26,5,24.32
O24-002732,CUST00244,P0011,East,0.17,219.62,43.43,2024-07-18,3,88.2
O24-001368,CUST00644,P0005,East,0.25,1056.76,236.89,2024-05-22,3,469.67
O24-004324,CUST01379,P0005,East,0.02,1335,392.27,2024-04-24,3,454.08
O24-004956,CUST00724,P0045,East,0.04,4.9,0.99,2024-05-31,2,2.55
O24-009710,CUST00994,P0001,East,0.03,2221.44,545.94,2024-08-11,2,1145.07
O24-009064,CUST00217,P0012,East,0.12,17.25,2.73,2024-12-13,1,19.6
O24-005916,CUST01109,P0043,East,0.08,72.26,14.47,2024-03-26,2,39.27173913
O24-006276,CUST00136,P0012,South,0.14,17.37,3.58,2024-10-31,1,20.2
O24-008731,CUST01317,P0024,West,0.1,1234.87,160.93,2024-05-01,2,686.04
O24-009701,CUST01347,P0036,North,0.3,14.37,2.14,2024-12-07,1,20.53
O24-001811,CUST00581,P0030,East,0.16,507.02,43.95,2024-12-31,6,100.6
O24-004162,CUST01254,P0048,North,0.14,8.94,1.39,2024-04-12,5,2.08
O24-006102,CUST00726,P0006,North,0.22,1865.64,330.09,2024-07-01,6,398.64
O24-009743,CUST00566,P0048,East,0.11,1.95,0.38,2024-12-27,1,2.19
O24-006362,CUST00343,P0028,North,0.04,2182.03,381.18,2024-12-21,5,454.5895833
O24-000477,CUST00837,P0009,North,0.16,20.26,3.9,2024-03-02,1,24.12
O24-003774,CUST00253,P0005,East,0.13,2429.28,605.71,2024-01-02,6,465.38
O24-006764,CUST01237,P0037,East,0.12,24.41,4.34,2024-10-15,2,13.87
O24-009783,CUST00377,P0011,North,0.04,251.51,64.42,2024-01-09,3,87.33
O24-000544,CUST00630,P0014,East,0,120.51,27.91,2024-12-02,3,40.17
O24-004270,CUST01308,P0006,West,0.19,1244.26,260.55,2024-11-06,4,384.03
O24-000845,CUST01120,P0009,East,0.23,18.6,4.18,2024-09-03,1,24.16
O24-008041,CUST01451,P0048,West,0.16,1.71,0.26,2024-08-13,1,2.04
O24-000447,CUST01220,P0018,West,0,1129.56,148.16,2024-06-18,3,409.26
O24-003650,CUST01487,P0033,West,0.06,13.26,2.42,2024-11-24,1,14.11
O24-003076,CUST00635,P0028,West,0.11,2850.16,301,2024-08-31,7,457.49
O24-005815,CUST00964,P0021,North,0.17,769.04,144.61,2024-01-15,4,231.64
O24-001060,CUST00991,P0047,East,0.02,36.85,7.19,2024-01-15,4,9.4
O24-004129,CUST01383,P0023,North,0.05,784.78,119.36,2024-01-22,3,275.36
O24-002548,CUST01083,P0020,North,0.2,205.23,24.06,2024-11-25,1,256.54
O24-009564,CUST01178,P0028,West,0.17,356.88,49.72,2024-04-11,1,429.98
O24-006874,CUST00503,P0010,North,0.33,61.6,12.03,2024-09-17,1,91.94
O24-007385,CUST01305,P0029,North,0.05,875.72,110.88,2024-12-16,3,307.27
O24-001575,CUST00610,P0015,South,0.17,176.52,18.97,2024-10-14,4,53.17
O24-009799,CUST01144,P0047,East,0.06,9.18,1.53,2024-07-22,1,9.77
O24-006226,CUST01309,P0047,West,0.1,53.73,9.47,2024-06-23,6,9.95
O24-000144,CUST01483,P0013,North,0.13,17.55,3.42,2024-11-12,1,20.17
O24-004336,CUST00386,P0048,North,0.14,1.94,0.37,2024-12-03,1,2.25
O24-002610,CUST00599,P0047,South,0.15,8.7,1.17,2024-12-03,1,10.24
O24-007242,CUST00214,P0037,South,0.25,20.78,2.53,2024-07-30,2,13.85
O24-009976,CUST00083,P0026,East,0.13,848.84,128.26,2024-06-01,2,487.84
O24-000527,CUST01151,P0036,West,0.04,200.26,36.23,2024-03-03,10,20.86
O24-007822,CUST01118,P0024,South,0.15,559.74,58.12,2024-02-16,1,658.52
O24-002247,CUST00489,P0040,West,0.26,33.14,4.26,2024-10-15,3,14.93
O24-009539,CUST01471,P0005,East,0.22,740.97,134.92,2024-01-10,2,474.98
O24-009264,CUST01107,P0034,North,0.16,50,7.01,2024-09-08,6,9.92
O24-005237,CUST00717,P0045,South,0.34,3.46,0.34,2024-06-02,2,2.62
O24-007141,CUST01349,P0010,North,0.33,63.15,9.85,2024-09-26,1,94.26
O24-004643,CUST00903,P0041,West,0,98.43,19.9,2024-12-10,3,32.81
O24-007325,CUST00228,P0020,North,0.05,766.79,103.84,2024-12-09,3,269.05
O24-001081,CUST01173,P0020,South,0.18,877.6,81.32,2024-11-27,4,267.56
O24-006851,CUST00554,P0024,North,0.03,1977.11,380.59,2024-02-18,3,679.42
O24-005422,CUST00087,P0041,North,0.04,63.32,10.54,2024-03-31,2,32.98
O24-003472,CUST01299,P0028,West,0.04,866.53,144.06,2024-08-25,2,451.32
O24-008956,CUST01362,P0025  ,South,0.19,1269.21,88.31,2024-08-24,3,522.31
O24-002731,CUST01076,P0013,South,0.07,93.79,16.53,2024-11-06,5,20.17
O24-007311,CUST01450,P0042,East,0.1,81.62,14.86,2024-11-03,3,30.23
O24-004936,CUST01078,P0033,South,0.19,20.62,2.11,2024-12-09,2,12.73
O24-002495,CUST00004,P0037,West,0.11,36.39,5.46,2024-12-27,3,13.63
O24-003666,CUST00525,P0034,East,0.11,17.19,3.24,2024-08-15,2,9.66
O24-002820,CUST00017,P0019,South,0.1,1437.88,136.09,2024-03-05,4,399.41
O24-001779,CUST01176,P0002,East,0.15,943.31,227.5,2024-01-19,2,554.89
O24-003758,CUST00677,P0014,East,0.03,78.47,21.39,2024-12-04,2,40.45
O24-008745,CUST01436,P0018,West,0.07,1618.8,256.89,2024-09-01,4,435.16
O24-007836,CUST01023,P0004,North,0.08,2613.44,602.37,2024-01-25,3,946.9
O24-000223,CUST00388,P0009,West,0.08,81.92,23.02,2024-05-15,4,22.26
O24-007314,CUST00135,P0008,East,0.11,1047.44,260.12,2024-11-19,2,588.45
O24-006994,CUST00419,P0040,South,0.2,24.11,2.28,2024-05-09,2,15.07
O24-007221,CUST01366,P0009,East,0.35,118.56,18.29,2024-09-20,8,22.8
O24-005992,CUST00978,P0010,East,0.04,180.94,47.62,2024-05-30,2,94.24
O24-007767,CUST01371,P0039,East,0.06,39.4,8.07,2024-11-29,3,13.97
O24-004001,CUST01139,P0038,North,0.16,22.61,3.91,2024-12-15,2,13.46
O24-004179,CUST01497,P0008,South,0.11,2586.7,460.21,2024-07-11,5,581.28
O24-004926,CUST01120,P0002,East,0.04,3084.48,814.77,2024-12-19,6,535.5
O24-004984,CUST01134,P0025,South,0.18,837.93,49.41,2024-09-09,2,510.93
O24-005359,CUST00847,P0019,West,0.23,628.23,42.36,2024-04-18,2,407.94
O24-009745,CUST00186,P0011,North,0.25,201.46,52.19,2024-07-03,3,89.54
O24-007363,CUST00202,P0008,North,0.12,1531.25,322.61,2024-11-05,3,580.02
O24-006768,CUST00982,P0027,North,0.06,118.24,19.69,2024-09-27,1,125.79
O24-000353,CUST00639,P0014,East,0.12,139.74,30.85,2024-01-14,4,39.7
O24-002064,CUST00016,P0003,West,0.21,9222.97,2166.79,2024-12-13,8,1459.33
O24-000849,CUST01296,P0027,North,0.16,417.41,26.22,2024-05-29,4,124.23
O24-004633,CUST01032,P0011,East,0.19,68.63,12.6,2024-08-18,1,84.73
O24-002154,CUST00934,P0012,North,0.17,115.62,24.86,2024-03-07,7,19.9
O24-004224,CUST00974,P0005,East,0,940.84,175.27,2024-06-02,2,470.42
O24-007903,CUST01025,P0018,North,0.1,2351,308.81,2024-08-06,6,435.37
O24-008767,CUST00376,P0035,South,0.1,18.14,2.66,2024-06-27,5,4.03
O24-007812,CUST00095,P0040,North,0,30.62,6.49,2024-10-04,2,15.31
O24-004460,CUST01460,P0006,West,0.08,1057.66,236.59,2024-08-15,3,383.21
O24-002758,CUST00076,P0043,North,0.17,125.06,19.66,2024-01-28,4,37.67
O24-005139,CUST00188,P0035,East,0.04,3.96,0.82,2024-08-31,1,4.12
O24-006040,CUST00418,P0041,East,0.16,27.11,5.33,2024-10-24,1,32.27
O24-004689,CUST00789,P0005,South,0.14,1166.83,216.42,2024-12-28,3,452.26
O24-004402,CUST00771,P0009,West,0.18,38.51,8.01,2024-03-12,2,23.48
O24-009216,CUST00691,P0026,East,0.02,999.7,124.41,2024-06-28,2,510.05
O24-002341,CUST00770,P0006,East,0.04,1049.04,209.3,2024-08-07,3,364.25
O24-002169,CUST00088,P0024,East,0.09,3454.6,631.89,2024-12-07,6,632.71
O24-004115,CUST00951,P0038,North,0.05,13.79,2.71,2024-01-25,1,14.52
O24-004829,CUST00409,P0021,East,0.2,172.09,10.36,2024-11-27,1,215.11
O24-000921,CUST00551,P0018,North,0.21,339.27,27.26,2024-05-28,1,429.46
O24-007593,CUST01408,P0003,West,0.05,6846.13,1617.42,2024-11-14,5,1441.29
O24-001027,CUST00829,P0019,South,0.21,637.42,50.7,2024-09-24,2,403.43
O24-001044,CUST00981,P0007,East,0.17,339.52,97.72,2024-09-15,2,204.53
O24-000315,CUST00672,P0015,East,0.08,50.19,10.79,2024-08-13,1,54.55
O24-008877,CUST00368,P0010,East,0.17,358.14,76.56,2024-01-08,5,86.3
O24-000834,CUST00494,P0040,West,0,13.59,2.19,2024-09-19,1,15.44
O24-007742,CUST00565,P0038,North,0.14,35.11,4.55,2024-06-11,3,13.61
O24-009337,CUST00621,P0005,East,0.1,430.35,111.61,2024-10-21,1,478.17
O24-007992,CUST00171,P0032,North,0.06,882.25,131.55,2024-04-16,2,469.28
O24-006433,CUST00448,P0014,North,0.12,34.32,8.92,2024-11-14,1,39
O24-007928,CUST01216,P0004,North,0.12,3862.19,1036.71,2024-02-14,5,877.77
O24-005102,CUST00622,P0021,East,0.11,199.52,30.25,2024-06-18,1,224.18
O24-009410,CUST01346,P0045,East,0.05,2.48,0.48,2024-09-09,1,2.61
O24-000959,CUST00986,P0023,East,0.15,459.73,53.38,2024-03-13,2,270.43
O24-006747,CUST00734,P0035  ,North,0.07,7.38,1.41,2024-04-10,2,3.97
O24-003983,CUST01292,P0041,West,0.03,31.89,7.41,2024-12-21,1,32.88
O24-001479,CUST00859,P0039,East,0.25,10.49,1.56,2024-10-27,1,13.99
O24-001630,CUST00168,P0012,North,0.11,19.44,5.46,2024-11-15,1,21.84
O24-008557,CUST00339,P0038,West,0.08,49.5,7.49,2024-09-18,4,13.45
O24-000017,CUST00371,P0033,South,0.39,8.02,0.43,2024-12-29,1,13.15
O24-007783,CUST01452,P0047,East,0.12,34.78,6.63,2024-09-22,4,9.88
O24-005847,CUST00848,P0002,North,0.02,1066.48,259.87,2024-11-12,2,544.12
O24-003078,CUST00880,P0031,West,0.16,1790.28,245.74,2024-12-22,8,266.41
O24-003421,CUST00731,P0013,West,0.02,133.43,34.28,2024-12-28,7,19.45
O24-009825,CUST01002,P0026,North,0.32,336.88,11.44,2024-01-18,1,495.41
O24-004283,CUST00606,  P0046,North,0,10.3,2.07,2024-04-20,4,3.03
O24-004741,CUST01270,P0040,South,0.11,41.95,4.36,2024-04-27,3,15.71
O24-004201,CUST00436,P0026,East,0.17,1352.42,185.75,2024-09-29,3,543.14
O24-009675,CUST00568,P0017,West,0.02,2150.9,281.86,2024-06-15,10,219.48
O24-001822,CUST00358,P0040,East,0.15,27.47,4.93,2024-03-14,2,16.16
O24-007854,CUST00717,P0002,West,0.34,354.54,62.16,2024-02-19,1,537.18
O24-008329,CUST00333,P0012,East,0.09,74.11,20.32,2024-05-16,4,20.36
O24-000024,CUST00296,P0047,East,0.08,28.32,4.56,2024-05-23,3,10.26
O24-006700,CUST01037,P0010,West,0.12,158.12,44.19,2024-04-04,2,89.84
O24-006339,CUST01432,P0017,North,0.12,753.21,102.03,2024-09-13,4,213.98
O24-005772,CUST00826,P0011,East,0.02,84.23,25.27,2024-07-01,1,85.95
O24-008096,CUST01425,P0022,West,0.12,1165.08,166.36,2024-08-01,2,661.98
O24-007749,CUST00769,P0021,North,0.15,569.82,62.69,2024-06-22,3,223.46
O24-006711,CUST00452,P0023  ,West,0.12,726.63,101.24,2024-06-13,3,275.24
O24-003005,CUST01074,P0008,East,0.21,878.13,207.67,2024-12-16,2,555.78
O24-006716,CUST00289,P0008,North,0.04,2256.73,577.47,2024-01-13,4,587.69
O24-004248,CUST00074,P0014,North,0.04,41.35,10.61,2024-11-25,1,43.07
O24-003386,CUST00550,P0038,South,0.19,21.71,3.5,2024-04-27,2,13.4
O24-000406,CUST01019,P0014,North,0.06,36.42,9.99,2024-08-09,1,38.74
O24-005766,CUST01489,P0005  ,West,0.04,461.04,123.84,2024-11-03,1,480.25
O24-002332,CUST00002,P0009,South,0.19,20.09,3.58,2024-12-12,1,24.8
O24-007827,CUST00986,P0010,East,0.11,157.55,35.41,2024-06-14,2,88.51
O24-004830,CUST00025,P0023,East,0.08,2551.53,355.79,2024-09-09,10,277.34
O24-005802,CUST01043,P0006,South,0.29,272.58,31.18,2024-12-19,1,383.91
O24-004649,CUST00379,P0029,North,0.16,248.88,39.85,2024-11-17,1,296.29
O24-005370,CUST01428,P0007,East,0.1,572.67,113.21,2024-08-02,3,212.1
O24-002509,CUST00139,P0026,North,0.12,878.31,71.98,2024-12-22,2,499.04
O24-003451,CUST00335,P0047,North,0.34,55.33,5.46,2024-07-16,8,10.48
O24-006604,CUST01056,P0034,East,0.12,8.76,1.29,2024-11-14,1,9.95
O24-004966,CUST01056,P0006,West,0.17,290.27,65.48,2024-11-23,1,349.72
O24-009143,CUST01450,P0034,North,0.06,19.1,3.33,2024-06-08,2,10.16
O24-000538,CUST01344,P0004,East,0.19,3649.37,846.24,2024-01-28,5,901.08
O24-002510,CUST01497,P0037,West,0.11,24.78,5.06,2024-10-01,2,13.92
O24-002206,CUST01143,P0045,South,0.13,2.31,0.34,2024-02-14,1,2.65
O24-004979,CUST00508,P0027,South,0.12,110.18,16.52,2024-02-08,1,125.21
O24-000412,CUST00341,P0025,North,0.13,427.74,61.53,2024-03-12,1,491.66
O24-002009,CUST00845,P0042,South,0.19,22.44,1.71,2024-12-17,1,27.7
O24-006975,CUST01028,P0011,East,0.14,144.93,34.27,2024-08-25,2,84.26
O24-006638,CUST01425,P0001,West,0.21,898.2,175.89,2024-02-06,1,1136.96
O24-000619,CUST00622,P0017,West,0.15,519.95,43.08,2024-07-07,3,203.9
O24-008680,CUST01353,P0022,South,0.19,2275.13,192.37,2024-07-03,4,702.2
O24-006670,CUST00601,P0006,North,0.12,355.18,74.2,2024-05-23,1,403.61
O24-008739,CUST00877,P0043,North,0.28,28.86,3.62,2024-06-02,1,40.09
O24-002284,CUST01235,P0036,South,0.12,90.82,12.58,2024-02-26,5,20.64
O24-006159,CUST01047,P0006,South,0.18,3127.07,631.98,2024-01-30,10,381.35
O24-000736,CUST00664,P0015,East,0.02,107.29,29.56,2024-08-03,2,54.74
O24-004853,CUST00911,P0026,West,0.08,3830.36,503.04,2024-04-25,8,520.43
O24-000680,CUST00243,P0039,East,0.16,59.14,9.98,2024-07-25,5,14.08
O24-001294,CUST00408,P0040,East,0.12,191.95,41.53,2024-05-04,14,15.58
O24-000230,CUST00718,P0042,North,0.05,87.35,20.46,2024-01-25,3,30.65
O24-000061,CUST01086,P0040,South,0.26,67.8,3.69,2024-08-03,6,15.27
O24-005356,CUST00509,P0047,West,0.2,42.64,6.22,2024-09-27,5,10.66
O24-009276,CUST01124,P0015,North,0.11,96.1,24.54,2024-12-09,2,53.99
O24-008199,CUST01201,P0012,South,0.15,34.19,6.09,2024-09-23,2,20.11
O24-008344,CUST00915,P0003,South,0.13,12459.97,2295.12,2024-11-14,10,1432.18
O24-000161,CUST00675,P0037,South,0.18,34.51,4.03,2024-11-13,3,14.03
O24-005184,CUST00481,P0001,South,0.1,1077.32,236.96,2024-01-12,1,1197.02
O24-003825,CUST00717,P0037,East,0.1,49.28,8.38,2024-12-10,4,13.69
O24-007825,CUST01375,P0001,West,0.18,1872.26,405.02,2024-10-22,2,1141.62
O24-005231,CUST01375,P0014,North,0.19,345.79,71.1,2024-03-15,10,42.69
O24-006211,CUST00013,P0006,South,0.1,1738.08,379.87,2024-02-16,5,386.24
O24-007092,CUST00992,P0034,West,0.11,17.41,2.68,2024-10-12,2,9.78
O24-007073,CUST01045,P0048,South,0.14,5.44,0.55,2024-11-18,3,2.11
O24-007775,CUST00177,P0007,East,0.32,292.03,39.79,2024-11-22,2,214.73
O24-001593,CUST01077,P0027  ,South,0.12,873.95,100.5,2024-09-13,8,124.14
O24-003179,CUST01330,P0022,South,0.37,2981.2,129.02,2024-03-26,7,676.01
O24-008792,CUST00480,P0019,North,0.01,807.88,115.46,2024-03-25,2,408.02
O24-000228,CUST00500,P0004,East,0.14,1441.07,370.17,2024-03-04,2,837.83
O24-002249,CUST00210,P0017,East,0.11,733.29,81.62,2024-09-11,4,205.98
O24-000006,CUST01454,P0026,West,0.09,465.51,74.37,2024-06-17,1,511.55
O24-008808,CUST01479,P0004,North,0.09,3384.62,881.31,2024-11-07,4,929.84
O24-000855,CUST00023,P0023,South,0.18,220.08,26.15,2024-12-28,1,268.39
O24-005353,CUST00366,P0002,East,0.14,1768.5,348.05,2024-12-21,4,514.1
O24-009391,CUST00237,P0004,North,0.08,4839.88,1315.07,2024-11-18,6,876.79
O24-008471,CUST00880,P0017,West,0.13,1304.17,100.74,2024-01-18,7,214.15
O24-001010,CUST00879,P0034,North,0.12,26.82,3.98,2024-01-09,3,10.16
O24-003396,CUST01304,P0047,East,0.07,28.26,5.03,2024-03-27,3,10.13
O24-004765,CUST00268,P0008,East,0.18,478.31,88.86,2024-08-26,1,583.3
O24-000635,CUST00250,P0004,West,0.09,2526.29,595.24,2024-07-15,3,925.38
O24-006534,CUST00242,P0036,North,0.1,38.45,7.51,2024-06-17,2,21.36
O24-000186,CUST00707,P0036,East,0.08,190.44,35.79,2024-07-16,10,20.7
O24-003259,CUST00039,P0010,East,0.12,247.58,63.44,2024-04-20,3,93.78
O24-005755,CUST00115,P0020,South,0.1,245.3,23.94,2024-05-21,1,272.55
O24-000255,CUST00723,P0036,East,0.21,102.53,11.97,2024-10-25,6,21.63
O24-004486,CUST00070,P0006,East,0.28,845.12,149.65,2024-08-02,3,391.26
O24-008591,CUST00648,P0008,North,0.06,1598.24,437.42,2024-05-26,3,566.75
O24-005771,CUST00983,P0038,North,0,42.81,9.63,2024-09-22,3,14.27
O24-004820,CUST00426,P0008,East,0,2888.4,822.99,2024-04-17,5,577.68
O24-008678,CUST01114,P0020,East,0.37,692.29,51.07,2024-12-29,4,274.72
O24-008699,CUST00169,P0023,East,0.1,483.03,79.59,2024-05-21,2,268.35
O24-002992,CUST01271,P0030,West,0.17,82.91,10.19,2024-06-21,1,99.89
O24-003945,CUST00051,P0048,West,0.06,10.48,2.17,2024-05-11,5,2.23
O24-005030,CUST00010,P0030,South,0.24,471.37,47.45,2024-05-18,6,103.37
O24-007627,CUST01030,P0045,South,0.09,4.77,0.62,2024-10-17,2,2.62
O24-004946,CUST00451,P0036,East,0.07,73.58,13.81,2024-06-17,4,19.78
O24-001231,CUST00617,P0042,South,0.14,25.86,3.26,2024-11-19,1,30.07
O24-009335,CUST01459,P0048,West,0.04,2.05,0.32,2024-03-30,1,2.14
O24-008088,CUST00682,P0042,West,0.09,80.7,14.8,2024-03-25,3,29.56
O24-003999,CUST01197,P0035,North,0.22,15.99,2.8,2024-11-12,5,4.1
O24-008940,CUST00885,P0042,West,0.08,25.6,3.79,2024-03-21,1,27.83
O24-000764,CUST00038,P0020,South,0.21,433.55,23.87,2024-06-10,2,274.4
O24-007361,CUST01202,P0005,East,0.04,868.19,201.41,2024-03-24,2,452.18
O24-001701,CUST01060,P0034,West,0.15,17.56,2.36,2024-11-25,2,10.33
O24-005657,CUST00872,P0026,East,0,2167,330.76,2024-01-27,4,541.75
O24-009052,CUST00237,  P0041,North,0.15,54.67,9.33,2024-05-18,2,32.16
O24-006293,CUST00082,P0040,West,0.02,62.05,12.92,2024-08-30,4,15.83
O24-002748,CUST00194,P0041,West,0.07,92.77,17.57,2024-01-30,3,33.25
O24-006046,CUST01058,P0033,West,0.19,21.98,3.26,2024-01-20,2,13.57
O24-007362,CUST00562,P0035,West,0.16,3.41,0.48,2024-12-29,1,4.06
O24-003181,CUST00606,P0014,North,0.06,192.04,49.13,2024-08-15,5,40.86
O24-007501,CUST00348,P0015,North,0.06,100.3,27.85,2024-03-15,2,53.35
O24-002370,CUST00957,P0008,South,0.1,2118.13,479.83,2024-07-12,4,588.37
O24-005774,CUST00755,P0003,East,0.18,4607.84,1141.98,2024-12-11,4,1404.83
O24-009636,CUST00790,P0008,East,0.07,2164.67,486.38,2024-06-25,4,581.9
O24-003024,CUST00187,P0002,East,0.08,1782.89,493.07,2024-08-25,4,484.48
O24-004450,CUST00375,P0038,North,0.1,12.25,2.23,2024-05-19,1,13.61
O24-004278,CUST00574,P0008,North,0.07,2155.67,537.9,2024-12-11,4,579.48
O24-000813,CUST01464,P0028,North,0.14,380.27,42.53,2024-04-04,1,442.18
O24-001899,CUST01314,P0005,West,0.08,851.94,211.19,2024-06-14,2,463.01
O24-007999,CUST00309,P0025,North,0,520.87,91.4,2024-06-15,1,520.87
O24-005604,CUST00170,P0030,West,0.16,170.97,13.93,2024-05-08,2,101.77
O24-008997,CUST00921,P0007,West,0.03,805.57,160.86,2024-12-26,4,207.62
O24-005321,CUST00451,P0006,South,0.18,987,141.18,2024-10-07,3,401.22
O24-008687,CUST00003,P0034,East,0.09,8.82,1.56,2024-03-10,1,9.69
O24-000163,CUST01079,P0038,North,0.02,27.54,5.18,2024-11-08,2,14.05
O24-001975,CUST00970,P0046,West,0,9.39,2.01,2024-06-04,3,3.13
O24-009412,CUST00065,P0036,South,0.17,81.46,11.54,2024-11-08,5,19.63
O24-009190,CUST00498,P0030,West,0.09,91.39,18.62,2024-08-27,1,100.43
O24-001257,CUST00297,P0043,West,0.12,283.01,49.1,2024-12-27,8,40.2
O24-005665,CUST01182,P0001,East,0.15,3772.91,819.1,2024-07-31,4,1109.68
O24-006074,CUST00238,P0011,South,0.23,270.33,41.22,2024-07-15,4,87.77
O24-002316,CUST01122,P0007,East,0.18,1769.15,300.33,2024-11-18,10,215.75
O24-003861,CUST00115,P0007,East,0.08,198.51,37.33,2024-11-18,1,215.77
O24-008013,CUST00121,P0028,South,0.2,1121.52,158.47,2024-10-25,3,467.3
O24-000310,CUST00684,P0007,East,0,404.44,97.76,2024-08-24,2,202.22
O24-003455,CUST00507,P0019,North,0.21,974.71,96.82,2024-06-28,3,411.27
O24-001051,CUST01484,P0012,South,0.18,16.95,3.21,2024-11-29,1,20.67
O24-007795,CUST00494,P0046,East,0.08,11.19,2.29,2024-09-29,4,3.04
O24-005329,CUST01043,P0034,North,0.07,19.59,3.4,2024-07-14,2,10.53
O24-002030,CUST00049,P0044,South,0.06,72.33,8.7,2024-08-22,5,15.39
O24-009043,CUST01065,P0018,West,0.26,4208.23,551.14,2024-08-24,14,406.2
O24-006143,CUST01238,P0013,East,0.14,32.59,8.89,2024-01-13,2,18.95
O24-000853,CUST00863,P0048,East,0.31,8.98,1.13,2024-12-05,6,2.169082126
O24-001326,CUST01213,P0038,North,0.22,64.72,12.2,2024-07-20,6,13.83
O24-002645,CUST01413,P0012,West,0.24,62.02,12.56,2024-06-17,4,20.4
O24-000459,CUST00697,P0003,East,0.24,1124.78,170.61,2024-12-15,1,1479.97
O24-005584,CUST00375,P0015,East,0.12,145.44,33.67,2024-02-24,3,55.09
O24-004579,CUST01054,P0024,East,0.14,566.88,53.25,2024-07-29,1,659.16
O24-004018,CUST01124,P0017,East,0.18,518.42,75.73,2024-07-31,3,210.74
O24-003152,CUST00693,P0024  ,West,0.11,2898.02,366.79,2024-10-13,5,651.24
O24-002348,CUST01406,P0002,South,0.17,839.23,146.32,2024-09-11,2,505.56
O24-008192,CUST00711,P0025,West,0.06,2003.22,305.23,2024-07-26,4,532.77
O24-006115,CUST00433,P0034,West,0.18,16.06,2.12,2024-11-17,2,9.79
O24-003985,CUST00549,P0022,West,0.17,1136.6,116.21,2024-05-28,2,684.7
O24-002207,CUST00448,P0013,East,0.05,18.86,5.41,2024-05-25,1,19.85
O24-003408,CUST00887,P0047,East,0.09,9.38,1.48,2024-03-01,1,10.31
O24-000839,CUST01041,P0020,East,0.13,230.89,24.19,2024-03-18,1,265.39
O24-007441,CUST01333,P0040,East,0.35,20.37,2.14,2024-06-13,2,15.67
O24-007365,CUST00226,P0010,West,0.35,286.62,53.5,2024-09-24,5,88.19
O24-007540,CUST00392,P0032,West,0.06,2777.59,327.89,2024-08-21,6,492.48
O24-007738,CUST00259,P0012,North,0.05,57.77,13.17,2024-03-25,3,20.27
O24-009867,CUST00241,P0036,South,0.2,230.16,20.63,2024-11-28,14,20.55
O24-009367,CUST00820,P0013,South,0.19,61.01,9.46,2024-08-01,4,18.83024691
O24-002396,CUST00050,P0015,North,0.17,272.65,67.93,2024-01-29,6,54.75
O24-004953,CUST01037,P0016,West,0.05,118.73,27.48,2024-04-28,2,62.49
O24-008024,CUST00368,P0007,West,0.04,203.25,53.9,2024-09-08,1,211.72
O24-001139,CUST01032,P0001,South,0.28,890.78,132.98,2024-03-11,1,1237.19
O24-003913,CUST00047,P0003,South,0.14,1273.95,200.92,2024-02-01,1,1481.34
O24-001282,CUST01465,P0045,West,0.1,2.24,0.39,2024-09-19,1,2.49
O24-009816,CUST00500,P0017,West,0.16,386.64,60.11,2024-07-18,2,230.14
O24-008677,CUST00576,P0043,North,0.27,29.03,3.08,2024-11-19,1,39.77
O24-007920,CUST00582,P0010,East,0.13,79.75,16.36,2024-03-24,1,91.67
O24-002152,CUST00098,P0018,East,0.16,1459.45,186.91,2024-06-14,4,434.36
O24-004614,CUST01319,P0016,West,0.06,63.5,16.01,2024-12-18,1,67.55
O24-008078,CUST00061,P0029,West,0.19,917.7,86.13,2024-12-23,4,283.24
O24-000812,CUST01085,P0043,South,0.11,244.22,37.33,2024-07-12,7,39.2
O24-004037,CUST00062,P0002,West,0.03,2092.95,507.35,2024-10-15,4,539.42
O24-004305,CUST00394,P0044,North,0,37.77,6.79,2024-02-24,3,14.81
O24-008198,CUST00670,P0045,West,0.16,4.3,0.75,2024-10-19,2,2.56
O24-009817,CUST00128,P0008,North,0.03,4634.19,1060.79,2024-05-09,8,597.189433
O24-000240,CUST00457,P0028,North,0.06,412.81,53.85,2024-12-17,1,439.16
O24-004197,CUST00416,P0035,North,0.2,10.61,1.97,2024-03-21,3,4.42
O24-005288,CUST00040,P0042,South,0.23,22.49,2.53,2024-06-28,1,29.21
O24-007553,CUST01396,P0022,North,0.06,1286.54,232.27,2024-07-24,2,684.33
O24-008588,CUST00841,P0039,East,0.09,25.12,5.69,2024-11-10,2,13.8
O24-005213,CUST00836,P0021,South,0.17,1530.25,144.9,2024-05-04,8,230.46
O24-004636,CUST01277,P0027,East,0.14,206.21,19.13,2024-06-17,2,119.89
O24-009435,CUST00341,P0034,South,0.2,23.33,3.01,2024-08-01,3,9.72
O24-003840,CUST01191,P0044,South,0.23,49.34,5.52,2024-11-24,4,16.02
O24-004586,CUST00142,P0040,North,0.08,27.58,4.74,2024-11-04,2,14.99
O24-000610,CUST00768,P0037,South,0.11,24.74,3.89,2024-04-26,2,13.9
O24-009596,CUST01181,P0005,East,0,402.33,98.28,2024-08-27,1,402.33
O24-005562,CUST00962,P0008,West,0.23,937.09,199.06,2024-10-14,2,608.5
O24-008920,CUST00609,P0025,East,0.2,404.82,44.37,2024-05-01,1,506.02
O24-006170,CUST00029,P0003,West,0.13,6211.58,1522.04,2024-12-11,5,1427.95
O24-006937,CUST00268,P0005,North,0.21,366.09,90.04,2024-01-31,1,463.41
O24-006736,CUST01390,P0009,West,0.17,20.11,4.08,2024-08-29,1,24.23
O24-007892,CUST00199,P0015,East,0.06,51.46,15.01,2024-12-25,1,54.74468085
O24-001090,CUST00383,P0031,East,0.09,244.29,36.12,2024-03-15,1,268.45
O24-009361,CUST00449,P0042,East,0.12,26.31,5.92,2024-03-12,1,29.9
O24-003718,CUST00341,P0034,East,0.05,9.25,1.3,2024-05-26,1,9.74
O24-008714,CUST01324,P0004,North,0.16,1567.81,382.2,2024-11-25,2,933.22
O24-002218,CUST00607,P0032,East,0.1,1817.32,260.82,2024-01-05,4,504.81
O24-009916,CUST00915,P0016,South,0,90.69,13.46,2024-09-19,2,62.98
O24-004346,CUST00433,P0006,North,0.21,1236.54,246.31,2024-04-30,4,391.31
O24-002024,CUST00338,P0005,East,0.04,1374.62,348.63,2024-12-06,3,477.3
O24-001832,CUST00127,P0005,West,0.09,806.48,205.29,2024-04-29,2,443.12
O24-009610,CUST00690,P0048,East,0.04,2.11,0.42,2024-10-06,1,2.2
O24-002184,CUST01024,P0004,North,0.08,3398.33,732.02,2024-02-12,4,923.46
O24-000329,CUST00277,P0015,North,0.05,148.09,39.14,2024-07-12,3,51.96
O24-008747,CUST00745,P0048,North,0.14,3.72,0.68,2024-03-02,2,2.16
O24-005897,CUST01073,P0012,West,0.18,32.24,7.64,2024-03-31,2,19.66
O24-005344,CUST01327,P0019,North,0.36,493.72,30.72,2024-12-18,2,385.72
O24-002651,CUST01238,P0034,West,0.1,28.76,5.81,2024-04-15,3,10.65
O24-002673,CUST00341,P0014,West,0.13,107.64,27.52,2024-10-01,3,41.24
O24-006557,CUST00197,P0009,East,0.14,39.73,7.14,2024-01-30,2,23.1
O24-006251,CUST00594,P0025,West,0.09,3863.06,424.71,2024-11-14,8,530.64
O24-007024,CUST00392,P0025,West,0.1,470.65,53.06,2024-07-06,1,522.94
O24-002268,CUST01069,P0007,West,0.12,1859.53,479.17,2024-12-12,10,211.31
O24-004499,CUST01101,P0007,East,0.01,823.72,231.22,2024-05-20,4,208.01
O24-009022,CUST00071,P0036,North,0,102.7,23.17,2024-09-11,5,20.54
O24-002842,CUST00865,P0002,East,0.1,956.18,203.48,2024-03-31,2,531.21
O24-006314,CUST01059,P0014,East,0.07,72.95,19.1,2024-01-01,2,39.22
O24-003646,CUST00170,P0001,South,0.11,5255.32,957.24,2024-11-03,5,1180.97
O24-007507,CUST00722,P0036,West,0.08,117.08,26.33,2024-08-03,6,21.21
O24-009256,CUST00954,P0017,East,0.13,1158.11,129.03,2024-02-21,6,221.86
O24-006537,CUST01155,P0027,West,0.15,105.35,5.35,2024-02-25,1,123.94
O24-000309,CUST00746,P0026,East,0.07,3566.44,630.03,2024-05-03,8,479.36
O24-008749,CUST00703,P0016,North,0.14,53.68,13.18,2024-03-20,1,62.42
O24-008962,CUST00015,P0044,East,0.03,103.75,21.55,2024-11-12,7,15.28
O24-001183,CUST01449,P0013,West,0.02,37.08,9.96,2024-12-11,2,18.92
O24-007585,CUST01435,P0032,West,0.05,1919.08,315.9,2024-01-26,4,505.02
O24-000892,CUST00831,P0007,North,0.03,200.03,52.38,2024-07-31,1,206.22
O24-009721,CUST00333,P0039,South,0.07,64.54,7.13,2024-02-08,5,13.88
O24-000312,CUST00418,P0012,South,0.14,100.67,22.83,2024-05-07,6,19.51
O24-009561,CUST00497,P0009,West,0.13,20.24,3.53,2024-11-17,1,23.27
O24-006105,CUST00046,P0046,North,0.06,13.82,3.4,2024-09-08,5,2.94
O24-008007,CUST01164,P0044,West,0.02,46.04,7.86,2024-08-11,3,15.66
O24-004907,CUST00079,P0011,West,0.05,253.74,65.56,2024-08-31,3,89.03157895
O24-007046,CUST00449,P0044,West,0.14,26.11,3.73,2024-06-27,2,15.18
O24-005504,CUST00648,P0006,East,0.05,1467.9,324.24,2024-05-13,4,386.29
O24-009237,CUST01449,P0048  ,East,0.21,1.71,0.27,2024-02-25,1,2.16
O24-004929,CUST01074,P0037,North,0,37.8,5.14,2024-09-10,3,15
O24-007200,CUST01092,P0024,North,0.11,585.62,111.93,2024-01-10,1,658
O24-003645,CUST00733,P0016,North,0.12,220.6,41.4,2024-07-21,4,62.67
O24-007894,CUST01457,P0047,East,0.25,63.24,10.22,2024-09-22,8,10.54
O24-009457,CUST00688,P0023,North,0.03,543.65,85.06,2024-03-17,2,280.23
O24-008702,CUST01389,P0034,North,0,10.39,2.41,2024-05-16,1,10.39
O24-000337,CUST00449,P0006,North,0.09,731.73,167.72,2024-07-18,2,402.05
O24-001953,CUST00880,P0003,North,0.1,7652.07,1882.83,2024-04-11,6,1417.05
O24-009832,CUST00498,P0047,South,0.21,8.18,0.53,2024-05-15,1,10.36
O24-001249,CUST00103,P0001,North,0.2,2990.47,662.46,2024-05-23,3,1246.03
O24-008330,CUST00579,P0022,East,0.07,645.42,81.53,2024-04-03,1,694
O24-005682,CUST00532,P0034,South,0.21,31.57,2.35,2024-10-25,4,9.99
O24-007490,CUST00747,P0037,North,0.1,74.74,13.41,2024-04-23,6,13.84
O24-001750,CUST01423,P0008,North,0.1,1060.15,276.01,2024-12-07,2,588.9722222
O24-008656,CUST00033,P0023,East,0.14,463.97,55.78,2024-04-24,2,269.75
O24-005920,CUST00367,P0032,West,0.32,1369.55,107.66,2024-08-22,4,503.51
O24-009802,CUST01410,P0016,East,0.08,119.8,30.98,2024-11-19,2,65.11
O24-000405,CUST00101,P0032,South,0.2,2295.12,134.08,2024-01-25,6,478.15
O24-006658,CUST00111,P0029,South,0.14,518.87,36.45,2024-12-10,2,301.67
O24-002438,CUST00228,P0004,West,0.14,2294.16,384.14,2024-08-13,3,889.2093023
O24-002125,CUST01221,P0003,North,0.09,11879.78,2873.14,2024-05-22,10,1305.47
O24-001776,CUST01025,P0044,South,0.13,13.35,2.1,2024-11-23,1,15.34
O24-005922,CUST00237,P0016,North,0.14,54.5,9.19,2024-03-28,1,63.37
O24-004067,CUST00747,P0009,West,0.11,124.9,31.79,2024-02-02,6,23.39
O24-005677,CUST00517,P0016,South,0.19,163.47,31.04,2024-12-25,3,67.27
O24-006832,CUST00991,P0019,West,0.17,335.76,44.94,2024-05-03,1,404.53
O24-009541,CUST00400,P0008,North,0.1,4177.87,951.96,2024-11-29,8,580.26
O24-007941,CUST01368,P0044,East,0.15,27.32,5.67,2024-12-01,2,16.07
O24-008991,CUST00096,P0044,East,0.12,41.61,7.28,2024-12-15,3,15.76
O24-003875,CUST00659,P0001,West,0.13,4094.5,865.59,2024-12-03,4,1176.58
O24-001153,CUST01270,P0048,East,0.08,2.11,0.39,2024-07-06,1,2.29
O24-002792,CUST01172,P0030,East,0.13,1189.13,170.29,2024-08-19,14,97.63
O24-001349,CUST01005,P0006,South,0.1,1079.89,202.61,2024-08-24,3,399.96
O24-002298,CUST01126,P0006,North,0.26,261.26,42.1,2024-12-31,1,353.05
O24-003530,CUST00147,P0005,East,0.06,1335.21,382.5,2024-06-10,3,473.48
O24-007889,CUST00586,P0028,West,0.13,398.37,59.64,2024-02-29,1,457.9
O24-006756,CUST00267,P0017,North,0.05,397.99,59.45,2024-04-10,2,209.47
O24-002359,CUST00127,P0017,North,0.1,197.45,23.32,2024-05-14,1,219.39
O24-001584,CUST01089,P0032,North,0.15,1195.87,151.27,2024-11-04,3,468.97
O24-009129,CUST01456,P0024,West,0.13,1126.62,163,2024-12-25,2,647.48
O24-007944,CUST01179,P0021,East,0.02,433.45,76.89,2024-09-17,2,221.15
O24-001896,CUST01401,P0037,West,0,85.26,16.09,2024-06-19,7,14.33
O24-009814,CUST00594,P0047,West,0.06,38.77,6.86,2024-09-03,4,10.31
O24-000559,CUST00924,P0040,West,0.04,15.76,3.23,2024-12-06,1,16.41666667
O24-004290,CUST01354,P0025,North,0.1,1382.67,123.87,2024-12-02,3,512.1
O24-007803,CUST00211,P0037,East,0,39.58,7.51,2024-12-21,3,14.5
O24-007840,CUST00652,P0017,West,0.03,1297.51,169.17,2024-01-27,6,222.94
O24-007679,CUST00593,P0022,South,0.18,2303.08,76.58,2024-09-13,4,702.16
O24-007578,CUST01392,P0016,North,0.04,125.89,29.83,2024-10-09,2,65.57
O24-009487,CUST01115,P0012,South,0.09,144.22,32.32,2024-11-12,8,19.81
O24-003862,CUST00860,P0014,West,0.23,90.71,16.19,2024-04-11,3,39.27
O24-000714,CUST00131,P0015,North,0.14,233.28,57.46,2024-09-07,5,54.25
O24-000577,CUST00217,P0028,North,0.05,1725.05,172.99,2024-10-12,4,453.96
O24-004772,CUST00531,P0002,South,0.16,888.72,157.73,2024-11-05,2,529
O24-006340,CUST00204,P0044,North,0.1,108.36,19.25,2024-05-30,8,15.05
O24-008475,CUST00728,P0046,North,0.16,10.58,1.39,2024-09-17,4,3.15
O24-009872,CUST00144,P0044,North,0.01,15.77,3.56,2024-08-01,1,15.93
O24-009502,CUST01043,P0039,North,0.08,24.4,4.47,2024-01-23,2,13.26
O24-004054,CUST00449,P0046,East,0.17,2.43,0.29,2024-12-22,1,2.93
O24-006201,CUST01254,P0029,East,0.16,249.12,28.3,2024-06-04,1,296.57
O24-007809,CUST01488,P0019,North,0.34,1577.66,74.46,2024-08-06,6,398.4
O24-003062,CUST00416,P0005,South,0.12,796.15,114.01,2024-01-01,2,452.36
O24-003904,CUST01354,P0037,North,0.06,26,4.89,2024-03-24,2,13.83
O24-000926,CUST00841,P0033,East,0.17,31.55,5.33,2024-08-09,3,12.67
O24-004651,CUST01004,P0036,West,0.15,17.29,3.07,2024-07-06,1,20.34
O24-004367,CUST00219,P0037,North,0.07,12.46,3.06,2024-11-03,1,13.4
O24-002516,CUST00809,P0008,East,0.12,2588.87,661.55,2024-03-30,5,588.38
O24-005151,CUST00674,P0041,East,0.08,59.97,11.33,2024-01-30,2,32.59
O24-009923,CUST01264,P0039,North,0,13,2.68,2024-12-15,1,14.13
O24-003652,CUST01046,P0015,South,0.35,167.67,22.05,2024-03-06,5,51.59
O24-000738,CUST01121,P0027,North,0.07,233.52,28.76,2024-01-25,2,125.55
O24-000474,CUST01257,P0045,East,0.14,2.3,0.39,2024-04-27,1,2.67
O24-000432,CUST00445,P0041,North,0.1,29.66,4.79,2024-09-07,1,32.95
O24-006626,CUST00202,P0010,South,0.09,661.24,119.69,2024-12-10,8,90.83
O24-006545,CUST00001,P0007,West,0.14,931.34,208.32,2024-07-19,5,216.59
O24-002655,CUST00601,P0025,West,0.09,1936.55,336.95,2024-04-22,4,532.02
O24-003337,CUST01300,P0025,North,0.13,3480.7,333.23,2024-10-05,8,500.1
O24-008843,CUST01078,P0019,North,0.06,368.2,60.8,2024-07-12,1,391.7
O24-001485,CUST00192,P0017,West,0.07,192.19,30.94,2024-11-24,1,206.66
O24-000702,CUST00914,P0043,North,0.02,112.72,20.31,2024-02-14,3,38.34
O24-004134,CUST01401,P0047,East,0.07,100.66,24.19,2024-04-12,11,9.84
O24-005232,CUST00549,P0020,West,0.03,1009.27,170.48,2024-02-09,4,260.12
O24-006957,CUST00310,P0015,North,0.04,104.08,27.02,2024-12-26,2,54.21
O24-006901,CUST00291,  P0044,West,0.12,66.97,13.11,2024-12-30,5,15.22
O24-008495,CUST01164,P0005,West,0.08,2149.3,549.61,2024-11-09,5,467.24
O24-002163,CUST00011, P0015 ,North,0.13,137.36,27.04,2024-11-15,3,52.63
O24-001351,CUST00352,P0027,South,0.18,104.62,8.4,2024-07-08,1,127.58
O24-007543,CUST00490,P0024,West,0.1,1692.14,175.92,2024-08-04,3,626.7185185
O24-005759,CUST01172,P0001,East,0.22,4541.9,924.97,2024-12-07,5,1164.59
O24-008781,CUST01465,P0021,East,0.05,826.46,142.6,2024-03-06,4,217.49
O24-009598,CUST01270,P0035,West,0.07,4.03,0.83,2024-11-20,1,4.33
O24-001248,CUST01216,P0047,East,0.17,32.93,3.51,2024-09-15,4,9.92
O24-009817,CUST00128,P0008,North,0.03,4634.19,1060.79,2024-05-09,8,597.189433
O24-009017,CUST00382,P0014,South,0.1,75.37,12.55,2024-09-01,2,41.87
O24-007600,CUST00083,P0046,North,0.1,7.99,1.35,2024-09-16,3,2.96
O24-007881,CUST01240,P0013,East,0.1,18.14,4.46,2024-08-07,1,20.16
O24-003800,CUST00176,P0006,North,0.13,3027.7,790.2,2024-06-02,9,386.68
O24-002156,CUST00437,P0015,South,0.08,197.65,40.29,2024-03-24,4,53.71
O24-000597,CUST00828,P0022,East,0.1,1827.14,254.39,2024-10-14,3,676.72
O24-006235,CUST01390,P0006,East,0.08,718.32,208.56,2024-10-20,2,390.39
O24-004154,CUST00773,P0044,West,0.24,12.12,1.64,2024-12-31,1,15.95
O24-008097,CUST01146,P0019,East,0.12,347.5,59.83,2024-12-05,1,394.89
O24-007521,CUST01144,P0004,South,0.11,3213.4,607.15,2024-06-03,4,902.64
O24-002099,CUST00318,P0001,South,0.12,3119.53,691.68,2024-11-28,3,1181.64
O24-008178,CUST01109,P0023,West,0.08,1009.68,132.3,2024-02-02,4,274.37
O24-002407,CUST00254,P0041,North,0.08,88.51,16.29,2024-02-27,3,32.07
O24-008805,CUST00072,P0036,East,0.11,148.52,25.25,2024-07-15,8,20.86
O24-009773,CUST01244,P0010,East,0.04,701.41,178.27,2024-11-21,8,91.33
O24-004298,CUST00238,P0006,South,0.12,335.67,60.65,2024-12-18,1,381.4431818
O24-008316,CUST00913,P0024,West,0.18,1025.79,84.31,2024-07-02,2,625.48
O24-008989,CUST01096,P0045,South,0.18,4.26,0.58,2024-03-15,2,2.6
O24-001118,CUST01096,P0010,South,0.17,155.72,32.89,2024-04-15,2,93.81
O24-007845,CUST00371,P0048,West,0.1,1.97,0.31,2024-09-26,1,2.19
O24-004863,CUST00642,P0028,North,0.17,1858.74,193.37,2024-05-19,5,447.89
O24-001028,CUST01499,P0007,West,0.2,985.34,198.09,2024-11-07,6,205.28
O24-003575,CUST00375,P0002,West,0.08,2872.66,575.2,2024-04-20,6,520.41
O24-009919,CUST00515,P0011,North,0.15,75.6,16.04,2024-07-25,1,88.94
O24-008159,CUST01476,P0009,East,0,117.3,27.07,2024-06-22,5,23.46
O24-002435,CUST01120,P0003,East,0.05,6350.99,1603.97,2024-09-15,5,1337.05
O24-006475,CUST00175,P0027,North,0.06,1124.99,211.75,2024-06-12,10,119.6797872
O24-006045,CUST00140,P0019,North,0.14,697.08,89.84,2024-12-04,2,405.28
O24-000722,CUST00910,P0034,West,0.28,14.72,2.53,2024-07-23,2,10.22
O24-006848,CUST01416,P0005,North,0.08,1665.16,462.65,2024-11-10,4,452.49
O24-001042,CUST00899,P0019,South,0.12,353.22,33.84,2024-09-02,1,401.39
O24-005089,CUST01238,P0036,West,0.12,18.08,3.59,2024-06-25,1,20.54
O24-006014,CUST01015,P0020,South,0.21,606.53,35.79,2024-07-06,3,255.92
O24-006385,CUST01384,P0040,East,0.06,57.64,12.26,2024-01-31,4,15.33
O24-003883,CUST00842,P0015,South,0.1,297.81,61.31,2024-01-27,6,55.15
O24-003053,CUST00391,P0025,East,0.15,2656.49,335.28,2024-08-03,6,520.88
O24-002727,CUST00176,P0018,West,0.05,1246.88,202.52,2024-06-04,3,437.5
O24-008384,CUST00433,P0046,North,0.16,7.64,0.88,2024-09-01,3,3.03
O24-000241,CUST00131,P0044,West,0.09,70.48,10.92,2024-06-07,5,15.49
O24-005652,CUST00956,P0046,West,0.12,5.6,1.28,2024-06-10,2,3.18
O24-007547,CUST00276,P0034,South,0.28,21.49,1.83,2024-01-15,3,9.95
O24-001971,CUST01075,P0011,East,0.09,245.4,58.22,2024-10-17,3,89.89
O24-004355,CUST01437,P0012,North,0.1,17.35,3.72,2024-12-15,1,19.28
O24-002983,CUST00755,P0025,South,0.22,1665.46,75.3,2024-04-04,4,533.8
O24-000126,CUST00233,P0035,East,0.07,3.79,0.63,2024-06-29,1,4.08
O24-001505,CUST00942,P0048,West,0.03,8.26,1.35,2024-01-20,4,2.13
O24-001766,CUST01108,P0045,West,0.08,4.86,1.02,2024-03-15,2,2.64
O24-008063,CUST01122,P0041,North,0.06,30.22,5.73,2024-04-27,1,32.15
O24-005052,CUST01244,P0044,West,0.16,13.56,2.11,2024-09-24,1,16.14285714
O24-001705,CUST01045,P0031,East,0.08,240.14,36.85,2024-03-02,1,261.02
O24-005613,CUST00387,P0002,North,0.11,1849.78,448.62,2024-04-10,4,519.6
O24-007107,CUST01270,P0015,South,0.14,280.34,57.02,2024-09-15,6,54.33
O24-001755,CUST00735,P0034,East,0.08,26.91,4.6,2024-01-06,3,9.75
O24-002981,CUST00684,P0002,North,0,533.29,136.17,2024-01-20,1,533.29
O24-002416,CUST00387,P0032,West,0.16,1610.75,189.34,2024-02-16,4,479.39
O24-003637,CUST00078,P0007,North,0.02,397.15,118.81,2024-03-25,2,202.63
O24-004492,CUST00881,P0010,South,0.19,71.48,9.05,2024-02-12,1,88.25
O24-008117,CUST00234,P0001,East,0.23,1938.71,410.89,2024-10-20,2,1258.9
O24-007919,CUST00237,P0002,West,0.03,556.28,139.62,2024-02-24,1,573.48
O24-001539,CUST00590,P0034,West,0.14,36.29,5.48,2024-11-12,4,10.55
O24-009031,CUST00059,P0015,West,0.1,481.32,124.6,2024-06-14,10,53.48
O24-007024,CUST00392,P0025,West,0.1,470.65,53.06,2024-07-06,1,522.94
O24-008820,CUST00391,P0005,North,0.12,2167.18,505.95,2024-01-26,5,492.54
O24-009996,CUST00117,P0040,East,0.06,28.63,5.39,2024-08-07,2,15.23
O24-000517,CUST00567,P0046,North,0.08,13.39,2.58,2024-09-26,5,2.91
O24-004735,CUST00145,P0008,North,0.17,941.19,197.29,2024-01-06,2,566.98
O24-008115,CUST00822,P0004,South,0.22,1396.47,182.68,2024-11-12,2,895.17
O24-008634,CUST00815,P0019,South,0.22,924.32,53.51,2024-09-26,3,395.01
O24-002287,CUST00945,P0045,North,0.23,10.09,1.1,2024-11-14,5,2.62
O24-005361,CUST00138,P0034,East,0.12,8.5,1.35,2024-03-27,1,9.66
O24-009775,CUST01322,P0026,West,0.1,2251.71,243.71,2024-03-20,5,500.38
O24-007817,CUST00685,P0048,West,0.13,7.55,1.3,2024-06-27,4,2.17
O24-001000,CUST00903,P0016,North,0.31,471.79,101.07,2024-11-05,11,62.16
O24-000912,CUST00707,P0008,South,0.23,1360.71,222.91,2024-05-19,3,589.05
O24-002965,CUST00588,P0037,North,0.12,23,4.52,2024-04-30,2,13.07
O24-001003,CUST00012,P0015,West,0.11,93.7,20.6,2024-05-22,2,52.64
O24-005787,CUST00018,P0024,South,0.17,524.86,7.77,2024-10-12,1,632.3614458
O24-007067,CUST00062,P0003,West,0.05,1298.69,308.78,2024-09-28,1,1367.04
O24-000747,CUST00765,P0029,East,0.11,543.99,75.15,2024-11-08,2,305.61
O24-006349,CUST00067,P0041,East,0.04,243.53,61.82,2024-01-12,8,31.70963542
O24-002718,CUST00327,P0031,West,0.08,481.79,60.54,2024-09-18,2,261.84
O24-008153,CUST01095,P0044,South,0.22,93.85,6.05,2024-08-25,8,15.04
O24-008905,CUST01178,P0010  ,South,0.15,151.32,28.29,2024-01-14,2,89.01
O24-008869,CUST01459,P0028,East,0.17,1065.77,116.42,2024-07-07,3,428.02
O24-006744,CUST01365,P0017,North,0.04,205.35,25.79,2024-06-12,1,213.91
O24-002391,CUST00773,P0041,West,0.13,56.83,10.29,2024-01-03,2,32.66
O24-005287,CUST00045,P0001,East,0.07,7775.48,2277.58,2024-11-19,7,1194.39
O24-000146,CUST00317,P0034,West,0.1,38.3,6.52,2024-05-03,4,10.64
O24-000026,CUST00788,P0012,West,0.21,50.24,13.3,2024-08-23,3,21.2
O24-007940,CUST00687,P0032,West,0.1,1801.76,256.88,2024-01-26,4,500.49
O24-001977,CUST01059,P0026,North,0.05,1520.85,236.78,2024-11-25,3,533.63
O24-006888,CUST01176,P0034,East,0.13,47.63,9.13,2024-12-13,5,10.95
O24-003716,CUST01457,P0025,North,0.19,398.83,43.45,2024-08-28,1,492.38
O24-000673,CUST00729,P0011,East,0.3,59.86,12.12,2024-12-16,1,85.52
O24-000545,CUST00171,P0006,West,0.15,644.61,177.5,2024-05-12,2,379.18
O24-001394,CUST00847,P0047,West,0.25,15.92,2.38,2024-08-30,2,10.61
O24-001443,CUST00937,P0011,East,0.11,160.54,33.57,2024-03-12,2,90.19
O24-004241,CUST01179,P0020,West,0.02,510.11,88.74,2024-06-25,2,260.26
O24-008816,CUST00095,P0020,North,0.08,736.98,137,2024-04-20,3,267.02
O24-003903,CUST00502,P0002,North,0.21,1231.12,297.77,2024-11-06,3,519.46
O24-007968,CUST01275,P0035,North,0.06,3.84,0.75,2024-03-21,1,4.08
O24-004715,CUST01379,P0009,East,0.02,74.53,18.49,2024-08-27,3,25.35
O24-001221,CUST00055,P0028,North,0.05,841.26,132.71,2024-12-09,2,442.77
O24-002372,CUST00927,P0009,North,0.1,21.23,4.56,2024-10-21,1,23.59
O24-004110,CUST00155,P0011  ,East,0.08,328.22,79.15,2024-09-09,4,89.19
O24-000513,CUST00317,P0012,North,0.14,16.71,4.38,2024-10-04,1,19.43
O24-004671,CUST00556,P0035,North,0.08,11.43,2.29,2024-06-19,3,4.14
O24-004361,CUST00371,P0038,West,0.06,40.78,9.41,2024-08-17,3,14.46
O24-004655,CUST00876,P0006,East,0.08,355.86,81.87,2024-06-19,1,386.8
O24-004795,CUST00106,P0003,East,0.14,3717.83,863.46,2024-02-18,3,1441.02
O24-001108,CUST00253,P0004,North,0.06,2534.9,709.13,2024-10-26,3,898.9
O24-001759,CUST00201,P0016,North,0.16,106.65,22.28,2024-10-02,2,63.48
O24-001406,CUST00896,P0004,West,0.06,2537.63,632.26,2024-06-17,3,899.87
O24-009057,CUST00412,P0005,North,0.15,379.79,84.91,2024-01-18,1,446.81
O24-006267,CUST00633,P0016,North,0.03,515.96,120.94,2024-02-04,8,66.49
O24-009986,CUST00358,P0018,South,0.12,383.22,40.44,2024-11-13,1,435.48
O24-004246,CUST00673,P0029,West,0.03,867.41,164.33,2024-05-07,3,298.08
O24-004279,CUST00783,P0045,North,0.02,5.33,1.14,2024-03-01,2,2.72
O24-008350,CUST00660,P0033,East,0.23,9.79,1.48,2024-08-02,1,12.71
O24-006602,CUST01024,P0022,North,0.05,5015.47,873.21,2024-09-10,8,659.9302632
O24-007755,CUST01230,P0041,North,0.11,28.79,5.72,2024-03-12,1,32.35
O24-008256,CUST00899,P0015,East,0.09,46.89,9.78,2024-04-12,1,51.53
O24-007485,CUST00752,P0008,North,0.12,994.03,214.12,2024-05-19,2,564.79
O24-006004,CUST00435,P0001,North,0.06,2283.79,566.38,2024-05-29,2,1214.78
O24-005104,CUST01070,P0004,East,0.11,4893.84,1247.23,2024-11-24,6,916.45
O24-006644,CUST01040,P0034,West,0.22,30.39,3.87,2024-07-12,4,9.74
O24-003948,CUST01022,P0012,East,0.04,55.67,14.07,2024-08-29,3,19.33
O24-004787,CUST00099,P0016,West,0,407.64,110.57,2024-06-24,6,67.94
O24-000115,CUST01368,P0034,South,0.2,16.48,1.16,2024-09-26,2,10.3
O24-005816,CUST00317,P0023,West,0.13,214.71,27.41,2024-03-10,1,246.7931034
O24-001414,CUST00269,P0037,West,0.04,13.32,3,2024-03-20,1,13.87
O24-006082,CUST00033,P0004,North,0.15,767.55,191.1,2024-01-19,1,903
O24-004273,CUST01287,P0013,North,0.21,15.25,2.88,2024-05-15,1,19.3
O24-004251,CUST00908,P0023,West,0.17,453.31,50.1,2024-06-10,2,273.08
O24-008252,CUST01071,P0006,South,0.4,223.54,22.93,2024-08-18,1,372.56
O24-005551,CUST00756,P0036,North,0.08,38.88,5.22,2024-01-23,2,21.13
O24-004660,CUST00219,P0025,East,0.12,443.4,58.35,2024-08-29,1,503.86
O24-008679,CUST01292,P0024,North,0.05,1285.88,149.22,2024-01-22,2,676.78
O24-004778,CUST00483,P0002,South,0.14,860.95,156.21,2024-01-15,2,500.55
O24-005392,CUST00949,P0041,North,0.12,184.59,30.72,2024-02-06,6,34.96
O24-007125,CUST00083, P0031 ,North,0.09,474.02,61.22,2024-09-29,2,260.45
O24-005633,CUST00910,P0047,West,0.2,16.16,2.47,2024-02-23,2,10.1
O24-004542,CUST01200,P0016,South,0.11,226.84,38.83,2024-07-22,4,63.72
O24-004106,CUST00551,P0033,East,0.33,44.22,3.68,2024-06-14,5,13.2
O24-008197,CUST00167,P0011,East,0.02,90.4,24.46,2024-06-29,1,92.24
O24-005098,CUST01093,P0043,North,0.1,35.23,5.24,2024-08-17,1,39.14
O24-000904,CUST01178,P0040,East,0.07,30.26,4.86,2024-01-22,2,16.27
O24-000124,CUST00104,P0012,North,0.04,110.59,33.18,2024-05-01,6,19.2
O24-009446,CUST01212,P0013,North,0.15,32.98,6.91,2024-07-21,2,19.4
O24-007038,CUST00420,P0043,East,0.1,106,17.05,2024-12-12,3,39.26
O24-005653,CUST00392,P0008,North,0.11,1603.9,435.51,2024-12-19,3,600.71
O24-004505,CUST00383,P0036,North,0.11,57.24,13.01,2024-11-26,3,21.44
O24-000436,CUST00054,P0008,South,0.2,919.89,137.15,2024-09-19,2,574.93
O24-008080,CUST00334,P0008,North,0.14,2574.28,649.32,2024-12-23,5,598.67
O24-004485,CUST00570,P0041,West,0.04,30.35,4.65,2024-10-26,1,31.61
O24-005714,CUST00084,P0040,South,0.07,57.92,7.53,2024-07-28,4,15.57
O24-003634,CUST00820,P0032,East,0.08,1321.65,248.22,2024-08-04,3,478.86
O24-006898,CUST00012,  P0025,West,0.11,435.42,58.8,2024-02-12,1,489.24
O24-007608,CUST00652,P0039,West,0.07,12.45,1.78,2024-01-13,1,13.39
O24-002225,CUST01071,P0011,South,0.14,368.34,69.23,2024-05-23,5,85.66
O24-004193,CUST00601,P0037,North,0.06,37.82,5.33,2024-12-08,3,13.41
O24-005336,CUST00765,P0011,North,0.06,163.54,49.06,2024-12-19,2,86.99
O24-000338,CUST01298,P0047,North,0.1,9.32,1.73,2024-03-22,1,10.36
O24-007081,CUST00573,P0003,North,0.06,3881.98,1033.57,2024-03-24,3,1376.588652
O24-001527,CUST00168,P0005,North,0.17,769.92,169.93,2024-12-31,2,463.81
O24-008738,CUST00487,P0001,East,0.19,3659.13,868.37,2024-03-18,4,1129.36
O24-007045,CUST00369,P0008,East,0.15,1533.47,375.74,2024-03-23,3,601.36
O24-007931,CUST01140,P0005,North,0.11,2157.8,476.89,2024-05-27,5,484.9
O24-009960,CUST01193,P0037,North,0,12.84,2.54,2024-09-03,1,13.38
O24-007693,CUST00375,P0010,East,0.09,324.03,68,2024-07-25,4,89.02
O24-008751,CUST01239,P0016,South,0.2,156.5,26.11,2024-04-02,3,65.21
O24-005468,CUST01060,P0028,North,0,375.41,44.05,2024-08-20,1,431.51
O24-005458,CUST00677,P0021,South,0.29,1341.9,40.12,2024-03-05,8,236.25
O24-009990,CUST00166,P0015,East,0.04,206.59,42.74,2024-09-25,4,53.8
O24-003443,CUST00545,P0012,West,0.1,37.24,10.2,2024-05-18,2,20.69
O24-002383,CUST00341,P0045,North,0.2,6.29,0.98,2024-12-11,3,2.62
O24-008850,CUST01461,P0047,North,0.12,18.34,3.31,2024-12-11,2,10.42
O24-005279,CUST01066,P0017,West,0.18,730,100.63,2024-07-30,4,222.56
O24-001044,CUST00981,P0007,East,0.17,339.52,97.72,2024-09-15,2,204.53
O24-005377,CUST00099,P0019,East,0,387.99,76.17,2024-05-31,1,387.99
O24-006223,CUST00434,P0032,East,0.05,448.45,73.93,2024-08-12,1,472.05
O24-008729,CUST00342,P0045,South,0.24,2.02,0.1,2024-04-15,1,2.66
O24-004256,CUST00417,P0007,East,0.06,191.33,49.39,2024-06-30,1,203.54
O24-004970,CUST01025,P0004,North,0.09,4186.32,935.11,2024-03-14,5,920.07
O24-005180,CUST01086,P0010,South,0.25,66.09,11.79,2024-07-04,1,88.12
O24-002505,CUST00130,P0015,North,0.04,98.92,22.92,2024-04-13,2,51.52083333
O24-002414,CUST01322,P0017,North,0.13,383.22,53.14,2024-11-06,2,220.24
O24-006388,CUST01018,P0011,East,0.1,77.71,16.62,2024-07-16,1,86.34
O24-008208,CUST01074,P0035,East,0.04,22.69,3.59,2024-09-29,6,3.94
O24-004670,CUST00407,P0035,West,0.08,7.95,1.44,2024-11-09,2,4.32
O24-008357,CUST00878,P0034,South,0.11,17.32,2.02,2024-08-02,2,9.73
O24-003790,CUST00968,P0010,East,0.04,458.26,102.33,2024-09-23,5,95.47
O24-006488,CUST00717,P0046,East,0.13,8.04,1.34,2024-01-15,3,3.08045977
O24-007195,CUST00339,P0030,West,0,418.84,48.37,2024-04-06,4,104.71
O24-003794,CUST01369,P0010,West,0.08,85.69,20.44,2024-07-31,1,93.14
O24-007358,CUST00964,P0005,West,0.07,2212.75,589.04,2024-07-28,5,475.86
O24-009416,CUST01336,P0028,East,0.06,426.48,67.08,2024-04-10,1,453.7
O24-005972,CUST01429,P0004,East,0.23,4355.09,765.4,2024-05-28,6,942.6601732
O24-007936,CUST01375,P0001,East,0.31,2362.16,443.63,2024-08-08,3,1141.14
O24-001761,CUST00284,P0009,East,0.1,21.3,4.85,2024-12-06,1,23.67
O24-005475,CUST01383,P0046,West,0.22,4.59,0.81,2024-06-05,2,2.94
O24-007166,CUST00469,P0006,North,0.08,1387.1,347.72,2024-10-22,4,376.93
O24-003727,CUST00442,P0041,East,0.1,85.46,16.34,2024-01-06,3,31.65
O24-000439,CUST00918,P0005,West,0.04,951,278.53,2024-10-03,2,495.31
O24-001463,CUST00644,P0008,North,0.24,1749.25,330.65,2024-02-22,4,575.41
O24-009312,CUST00260,P0042,East,0.05,135.61,21.4,2024-10-05,5,28.55
O24-000684,CUST01143,P0031,South,0.21,417.56,11.61,2024-05-26,2,264.28
O24-003391,CUST01152,P0036,East,0.06,78.43,14.07,2024-09-13,4,20.86
O24-009794,CUST01020,P0013,West,0.09,139.19,35.66,2024-11-24,8,19.12
O24-001285,CUST00351,P0007,East,0.06,2012.92,448.96,2024-01-16,10,214.1404255
O24-000368,CUST00459,P0036,North,0.11,35.88,6.69,2024-03-15,2,20.16
O24-008499,CUST00695,P0036,South,0.2,100.99,12.63,2024-08-21,6,21.04
O24-008277,CUST00614,P0044,East,0.14,27.23,3.57,2024-03-12,2,15.83
O24-009254,CUST00724,P0037,North,0.1,11.52,1.97,2024-10-13,1,12.8
O24-009019,CUST00674,P0005,East,0,1633.26,412.09,2024-01-07,4,458.78
O24-007124,CUST00460,P0010,North,0.16,588.54,134.83,2024-03-05,8,87.58
O24-002245,CUST00115,P0012,South,0.24,30.49,4.88,2024-08-29,2,20.06
O24-002623,CUST00949,P0033,South,0.09,49.36,5.27,2024-09-07,4,13.56
O24-006868,CUST00398,P0004,South,0.2,1538.02,216.57,2024-04-07,2,961.26
O24-001565,CUST00913,P0041,East,0.1,28.93,5.18,2024-12-27,1,32.14
O24-000096,CUST00620,P0047,West,0,77.44,17.83,2024-06-03,8,9.68
O24-004082,CUST00235,P0037,South,0.11,49.98,8.7,2024-10-28,4,14.04
O24-002726,CUST00408,P0046,West,0.03,8.5,1.48,2024-11-01,3,2.92
O24-001756,CUST00258,P0043,North,0.12,70.51,10.96,2024-05-22,2,40.06
O24-008719,CUST00052,  P0025,West,0.14,882.1,127.52,2024-12-04,2,512.85
O24-008809,CUST01218,P0011,West,0.14,149.26,37.95,2024-04-05,2,86.78
O24-004895,CUST00981,P0048,North,0.14,1.9,0.29,2024-08-28,1,2.21
O24-000686,CUST00222,P0044,East,0,27.28,5.78,2024-07-20,2,15.68
O24-002299,CUST00596,P0006,North,0.15,661.25,129.77,2024-04-25,2,388.97
O24-008257,CUST00832,P0015,East,0.11,94.13,26.16,2024-08-01,2,52.88
O24-003375,CUST00772,P0002,East,0.07,1472.28,367.75,2024-09-09,3,527.7
O24-009576,CUST00764,P0001,West,0.13,1930.83,492.45,2024-07-21,2,1109.67
O24-003724,CUST01420,P0005,West,0.11,407.01,84.84,2024-03-11,1,457.31
O24-002106,CUST00849,P0022,South,0.26,993.83,90.65,2024-07-25,2,671.51
O24-003765,CUST01204,P0006,East,0.1,699.16,197.77,2024-08-31,2,388.42
O24-006384,CUST00726,P0016,West,0.14,223.53,58.37,2024-11-14,4,64.98
O24-006195,CUST01258,P0021,West,0.04,1638.99,206.81,2024-04-24,8,213.41
O24-005694,CUST01226,P0025,South,0.17,2607.78,201.25,2024-01-18,6,523.65
O24-004603,CUST01435,P0048,West,0.09,5.65,1.05,2024-12-29,3,2.07
O24-005368,CUST00920,P0033,North,0.16,44.99,7.08,2024-08-30,4,13.39
O24-000070,CUST00919,P0009,West,0.09,66.58,17.2,2024-12-08,3,24.39
O24-006436,CUST01421,P0029,North,0.09,1505.1,223.42,2024-09-28,6,275.66
O24-006804,CUST00251,P0036,North,0.15,90.65,18.38,2024-04-22,5,21.33
O24-000193,CUST00775,P0009,East,0.07,69.75,17.85,2024-03-29,3,25
O24-009544,CUST00967,P0024,East,0.14,538.23,91.76,2024-05-23,1,625.85
O24-000427,CUST01225,P0042,North,0.05,85.19,17.11,2024-02-26,3,29.89
O24-004176,CUST01138,P0007,South,0.26,152.03,24.3,2024-08-19,1,205.45
O24-009553,CUST00939,P0010,North,0.13,568.99,136.99,2024-03-02,7,93.43
O24-007790,CUST00342,P0004,East,0.26,691.39,147.52,2024-01-26,1,934.31
O24-009320,CUST00114,P0002,West,0.13,1973.16,342.08,2024-03-10,4,567
O24-004581,CUST01210,P0013,West,0.13,50.06,9.12,2024-05-13,3,19.18
O24-003389,CUST00298,P0016,North,0.06,175.12,40.3,2024-10-29,3,62.1
O24-003241,CUST00619,P0047,North,0.11,18.65,3.56,2024-03-12,2,10.48
O24-002797,CUST00377,P0014,West,0.14,70.28,16.49,2024-12-04,2,40.86
O24-009915,CUST00450,P0003,South,0.29,1972.83,366.32,2024-01-07,2,1389.32
O24-004352,CUST00637,P0014,North,0.05,152.99,43.12,2024-11-24,4,40.26
O24-001556,CUST00554,P0024,West,0.12,1722.44,302.95,2024-12-14,3,652.44
O24-008919,CUST00386,P0042,North,0.16,25.88,4.25,2024-05-02,1,30.81
O24-007760,CUST00915,P0011,East,0.2,138.4,31.94,2024-11-30,2,86.5
O24-008740,CUST01145,P0001  ,North,0.08,2126.4,538.1,2024-01-16,2,1155.65
O24-005901,CUST00516,P0012,North,0.09,53.54,14.03,2024-08-05,3,19.61
O24-003984,CUST01419,P0012,East,0.01,76.03,22.72,2024-12-20,4,19.2
O24-007997,CUST00441,P0005,East,0.15,389.84,80.99,2024-05-07,1,458.63
O24-008933,CUST00704,P0026,West,0.16,1705.57,160.45,2024-05-05,4,507.61
O24-001137,CUST00348,P0019,West,0.37,493.26,45.65,2024-10-31,2,391.48
O24-005314,CUST01058,P0001,South,0.18,1975.02,363.33,2024-03-03,2,1204.28
O24-008223,CUST00966,P0031,West,0.06,263.38,44.5,2024-11-10,1,280.19
O24-000957,CUST00428,P0047,North,0.15,17.26,2.73,2024-10-02,2,10.15
O24-000678,CUST00378,P0008,East,0.06,1098.77,257.57,2024-05-24,2,584.45
O24-001944,CUST01016,P0048,West,0.15,3.69,0.57,2024-07-31,2,2.17
O24-008046,CUST00732,P0039,North,0.09,49.9,9.61,2024-10-31,4,13.71
O24-002380,CUST01403,P0002,East,0.08,499.54,142.6,2024-03-11,1,542.98
O24-001580,CUST01350,P0022,East,0.1,2366.96,301.7,2024-12-24,4,657.49
O24-009098,CUST01161,P0003,South,0.4,4180.86,388.86,2024-09-19,5,1393.62
O24-003222,CUST00349,P0015,East,0.28,114.42,20.71,2024-06-03,3,52.97
O24-001767,CUST00701,P0017,East,0.36,403.87,24.83,2024-01-09,3,210.35
O24-002331,CUST00181,P0009,North,0.09,41.44,10.32,2024-06-12,2,22.77
O24-005090,CUST00870,P0041,East,0.06,86.88,17.58,2024-12-17,3,30.81
O24-007503,CUST01126,P0025,West,0.04,487.19,78.9,2024-03-28,1,507.49
O24-005045,CUST00351,P0028,East,0.34,1514.37,85.99,2024-12-15,5,458.9
O24-004626,CUST01266,P0044,North,0.19,38.98,5.67,2024-03-16,3,16.04
O24-005995,CUST00769,P0008,West,0.07,2275.34,539.06,2024-11-04,4,611.65
O24-005337,CUST00768,P0040,North,0.12,27.02,3.84,2024-02-25,2,15.35
O24-002144,CUST00189,P0045,South,0.21,10.35,1.3,2024-10-12,5,2.62
O24-006492,CUST01404,P0027,North,0,634.3,95.31,2024-04-24,5,126.86
O24-007293,CUST00803,P0046,East,0.2,5.01,0.59,2024-11-22,2,3.13
O24-007925,CUST00529,P0004,North,0.1,3274.56,718.13,2024-01-13,4,909.6
O24-003381,CUST01353,P0031,East,0.05,240.55,28.73,2024-09-09,1,253.2105263
O24-005380,CUST00537,P0043,North,0.07,37.33,8.1,2024-10-26,1,40.14
O24-002558,CUST01335,P0015,North,0.1,400.32,92.25,2024-09-16,8,55.6
O24-003031,CUST01073,P0038,North,0.08,26.22,5.1,2024-06-17,2,14.25
O24-009933,CUST01205,P0042,West,0.02,87.44,17.28,2024-06-22,3,29.74
O24-002364,CUST01411,P0009,West,0.06,140.38,33.63,2024-03-14,6,24.89
O24-006811,CUST00693,P0036,North,0.14,17,2.71,2024-10-14,1,19.77
O24-002273,CUST01476,P0003,West,0.17,3425.37,747.13,2024-09-01,3,1375.65
O24-005494,CUST00764,P0032,North,0.09,439.47,61.04,2024-05-29,1,482.93
O24-006406,CUST01147,P0005,North,0.11,826.03,189.84,2024-01-24,2,464.06
O24-001106,CUST00455,P0022,North,0.16,1764.48,163.53,2024-09-08,3,700.19
O24-007472,CUST01062,P0010,East,0.33,129.06,25.93,2024-05-28,2,96.31
O24-007730,CUST00001,P0033,East,0.15,56.23,11.29,2024-04-22,5,13.23
O24-003868,CUST00986,P0033,West,0.06,37.82,5.86,2024-05-31,3,13.41
O24-009233,CUST00739,P0047,North,0.13,54.03,9.91,2024-10-11,6,10.35
O24-004753,CUST01105,P0033,West,0.1,24.82,5.26,2024-01-06,2,13.79
O24-000574,CUST00040,P0042,South,0.23,72.97,7.53,2024-10-31,3,31.59
O24-006458,CUST01367,P0047,West,0.06,19.89,4.08,2024-12-30,2,10.58
O24-005085,CUST00449,P0022,West,0.29,1464.8,108.66,2024-08-19,3,687.7
O24-005113,CUST00091,P0046,North,0.14,5.21,0.69,2024-09-23,2,3.03
O24-002772,CUST01403,P0028,West,0.11,2368.5,352.92,2024-10-11,6,443.54
O24-003001,CUST00154,P0031,West,0.08,245.68,36.7,2024-08-03,1,267.0434783
O24-000727,CUST00342,P0043,East,0.2,30.73,5.36,2024-05-30,1,38.41
O24-003536,CUST00244,P0030,South,0.14,565.48,26.28,2024-11-02,6,109.59
O24-004575,CUST00078,P0027,West,0.05,496.28,87.28,2024-12-07,4,130.6
O24-002361,CUST00220,P0016,South,0.2,52.26,8.76,2024-11-18,1,65.33
O24-000880,CUST00495,P0017,East,0.04,213.64,32.33,2024-03-23,1,222.5416667
O24-000654,CUST01399,P0040,North,0.05,14.75,2.82,2024-06-17,1,15.52631579
O24-001926,CUST00091,P0004,North,0.15,1534.76,373.54,2024-06-11,2,902.8
O24-006031,CUST00698,P0042,North,0.18,23.21,4.26,2024-08-27,1,28.31
O24-005143,CUST00872,P0046,North,0.07,8.9,1.92,2024-02-05,3,3.19
O24-004191,CUST00390,P0014,East,0.07,226.44,58.46,2024-09-09,6,40.58
O24-007259,CUST01103,P0041,East,0.15,113.15,19.58,2024-02-29,4,33.28
O24-005617,CUST01345,P0007,North,0,1250.4,324.41,2024-10-11,6,208.4
O24-008255,CUST00642,P0022,West,0.38,434.14,16.5,2024-03-25,1,700.23
O24-004292,CUST00481,P0011,North,0.17,263.41,60.92,2024-10-17,4,79.34
O24-007582,CUST00922,P0004,North,0.08,3321.35,775.74,2024-08-12,4,902.54
O24-007727,CUST00668,P0010,South,0.24,68.72,12.75,2024-04-19,1,90.42
O24-001519,CUST00335,P0040,North,0.09,55.58,10.74,2024-07-26,4,15.27
O24-007351,CUST00466,P0041,West,0.05,117,14.81,2024-09-11,4,30.79
O24-001103,CUST00893,P0003,West,0,4006.56,1022.92,2024-07-04,3,1335.52
O24-002124,CUST00304,P0028,East,0.03,1702.54,214.31,2024-04-20,4,438.8
O24-001733,CUST01346,P0013,South,0.12,35.04,6.15,2024-11-20,2,19.91
O24-007867,CUST00237,P0039,North,0.12,63.62,10.35,2024-04-09,5,14.46
O24-005747,CUST00154,P0011,East,0.18,144.91,28.87,2024-09-18,2,88.36
O24-002646,CUST01151,P0047,North,0.07,35.79,5.64,2024-12-26,4,9.62
O24-007724,CUST00968,P0026,South,0.26,2379.44,89.7,2024-01-02,6,535.91
O24-001929,CUST00048,P0010,East,0.2,72.7,17.57,2024-10-17,1,90.87
O24-008841,CUST00139,P0041,South,0.19,53.46,4.48,2024-11-06,2,33
O24-007174,CUST00828,P0034,North,0.06,9.4,1.56,2024-11-19,1,10
O24-009228,CUST01141,P0003,South,0.08,1315.5,333.89,2024-04-17,1,1429.89
O24-006727,CUST01423,P0046,South,0.4,7.34,0.35,2024-07-20,4,3.06
O24-001176,CUST00267,P0003,West,0.03,1311.17,372.46,2024-10-16,1,1351.72
O24-001212,CUST00335,P0011,South,0.18,73.87,13.79,2024-11-06,1,90.09
O24-006187,CUST00747,P0015,West,0.18,89.43,19.89,2024-12-14,2,54.53
O24-009938,CUST00367,P0048,North,0.2,10.94,1.72,2024-07-20,6,2.28
O24-003847,CUST01216,P0044,West,0.08,86.17,15.93,2024-06-17,6,15.61050725
O24-001407,CUST01252,P0008,West,0.16,1005.61,242.13,2024-09-13,2,598.58
O24-009068,CUST01271,P0048,North,0.06,5.92,1.21,2024-01-12,3,2.1
O24-004688,CUST00878,P0008,North,0.05,1681.16,434.23,2024-03-20,3,589.88
O24-000604,CUST00926,P0009,West,0.16,96.94,19.49,2024-09-24,5,23.08
O24-001970,CUST01496,P0041,North,0.07,147.96,23.81,2024-05-10,5,31.82
O24-001683,CUST00960,P0017,North,0.05,1018.64,158.15,2024-12-27,5,214.45
O24-001158,CUST00880,P0037,South,0.09,37.46,5.43,2024-11-10,3,13.72
O24-008231,CUST00715,P0031,East,0.04,2499.36,468.14,2024-09-08,10,260.35
O24-009065,CUST00144,P0032,North,0.02,1843.65,359.42,2024-01-22,4,470.32
O24-004846,CUST01341,P0027,North,0.21,101.66,8.34,2024-06-28,1,128.68
O24-007307,CUST00234,P0006,West,0.1,704,162.42,2024-05-25,2,391.11
O24-008205,CUST01396,P0025,North,0.08,464.48,53,2024-07-13,1,504.87
O24-000258,CUST00280,P0025,South,0.32,1060.43,47.83,2024-05-05,3,519.82
O24-006420,CUST00570,P0042,West,0.05,25.58,5.06,2024-04-06,1,26.93
O24-004334,CUST01169,P0047,South,0.19,40.3,5.89,2024-10-25,5,9.95
O24-007698,CUST00277, P0023 ,North,0.02,542.14,76.61,2024-10-19,2,276.6
O24-007145,CUST00301,P0025,East,0.1,1868.15,259.84,2024-02-11,4,518.93
O24-004112,CUST00237,P0025,West,0.18,422.56,44.32,2024-11-15,1,515.32
O24-006652,CUST00139,P0043,West,0,35.03,6.64,2024-07-05,1,39.81
O24-006625,CUST00694,P0044,East,0.14,40.4,6.46,2024-12-16,3,15.66
O24-000460,CUST00053,P0007,East,0.19,171,37.79,2024-10-12,1,211.11
O24-007026,CUST00609,P0014,North,0.1,37.66,10.39,2024-10-25,1,41.84
O24-000535,CUST00772,P0011,North,0.1,80.25,19.06,2024-10-05,1,89.17
O24-009946,CUST00029,P0029,North,0.05,1618.69,216.85,2024-08-09,6,283.98
O24-006034,CUST00115,P0014,East,0.02,40.78,10.2,2024-03-02,1,41.61
O24-009297,CUST00014,P0024,East,0.1,1744.15,185.66,2024-07-09,3,645.98
O24-000953,CUST01154,P0019,South,0.1,2903.11,311.27,2024-09-18,8,403.21
O24-002742,CUST00067,P0033,East,0.08,47.25,9.13,2024-10-25,4,12.84
O24-001181,CUST00514,P0016  ,East,0.08,59.39,17.53,2024-10-10,1,64.55
O24-006125,CUST00667,P0038,East,0.01,54.41,10.4,2024-10-13,4,13.73989899
O24-008310,CUST00611,P0006,North,0.08,689.61,185.06,2024-01-05,2,374.79
O24-006231,CUST00978,P0010,South,0.26,129.14,21.3,2024-06-14,2,87.26
O24-005649,CUST00634,P0024,West,0.09,2354.42,368.11,2024-12-02,4,646.8186813
O24-008360,CUST00747,P0025,East,0.06,2133.31,324.86,2024-01-08,4,567.37
O24-007759,CUST00468,P0002,West,0.07,2447.34,566.37,2024-09-20,5,526.31
O24-009178,CUST01462,P0002,East,0.07,969.43,226.99,2024-09-14,2,521.2
O24-002831,CUST00142,P0034,West,0.28,29.09,3.18,2024-11-21,4,10.1
O24-005236,CUST00884,P0003,West,0.12,7690.32,1593.12,2024-07-06,6,1456.5
O24-009293,CUST00728,P0009,South,0.1,44.26,9.21,2024-10-05,2,24.59
O24-007682,CUST01436,P0032,South,0.1,441.39,61.13,2024-01-31,1,490.43
O24-009964,CUST00558,P0027,East,0.07,1304.32,291.55,2024-11-08,11,127.5
O24-006839,CUST01165,P0039,North,0.19,11.06,1.58,2024-05-10,1,13.66
O24-006619,CUST00456,P0020,North,0.12,1245.82,123.24,2024-12-26,5,283.14
O24-007687,CUST00121,  P0005,West,0,6505.1,1771.11,2024-10-06,14,464.65
O24-008586,CUST01293,P0006,North,0.32,1608.46,273,2024-07-13,6,394.23
O24-007768,CUST00074,P0014,West,0.01,80.76,18.35,2024-08-27,2,40.79
O24-006437,CUST00843,P0034,West,0.04,78.03,15.52,2024-11-10,8,10.16
O24-000391,CUST00322,P0027,North,0.02,130.44,23.2,2024-02-27,1,133.1020408
O24-004203,CUST01224,P0023,South,0.11,497.21,49.33,2024-01-02,2,279.33
O24-002104,CUST00248,P0042,East,0.17,70.72,11.02,2024-12-03,3,28.4
O24-002585,CUST00578,P0016,West,0.16,112.41,22.47,2024-11-17,2,66.91
O24-006290,CUST00942,P0028,West,0.1,803.52,118.1,2024-06-02,2,446.4
O24-006408,CUST01164,P0006,South,0.37,466.24,65.74,2024-02-24,2,370.03
O24-002211,CUST00197,P0039,North,0.05,140.45,28.82,2024-05-20,11,13.44
O24-003419,CUST01047,P0016,East,0.11,113.4,32.54,2024-09-17,2,63.71
O24-005773,CUST01304,P0025,South,0.21,1262.9,111.47,2024-12-24,3,532.87
O24-007346,CUST00668,P0001,East,0.08,5440.88,1406.98,2024-11-19,5,1182.8
O24-003665,CUST00379,P0039,North,0.14,60.72,9.76,2024-09-17,5,14.12
O24-002003,CUST01269,P0043,East,0.05,182.78,36.36,2024-11-29,5,38.48
O24-002762,CUST01066,P0032,West,0.17,811.13,100.29,2024-07-06,2,488.63
O24-002121,CUST00077,P0029,West,0.1,507.44,79.31,2024-06-09,2,281.91
O24-009260,CUST00365,P0015,West,0.07,200.32,53.71,2024-03-15,4,53.85
O24-008806,CUST01139,P0021,South,0.13,960.74,56.29,2024-04-01,5,220.86
O24-008125,CUST01159,P0011,South,0.14,587.41,100.96,2024-12-28,8,85.38
O24-006089,CUST01265,P0019,East,0,408.51,79.2,2024-07-11,1,408.51
O24-001903,CUST00117,P0004,North,0.22,690.02,127.03,2024-11-12,1,884.64
O24-004566,CUST00030,P0046,North,0.15,2.49,0.46,2024-08-14,1,2.93
O24-003407,CUST00740,P0002,South,0.21,407.17,73.02,2024-04-15,1,515.4
O24-000534,CUST00663,P0028,West,0.14,2264.1,258.85,2024-04-11,6,438.78
O24-000467,CUST00446,P0003,East,0.14,1198.49,311.45,2024-08-17,1,1393.59
O24-005948,CUST00205,P0010,East,0.11,161.7,44.93,2024-10-30,2,90.84
O24-000054,CUST00854,P0046,South,0.15,13.13,1.41,2024-11-15,5,3.09
O24-009589,CUST01279,P0010,South,0.17,368.1,49.25,2024-08-05,5,88.7
O24-009397,CUST00821,P0044,West,0.03,106.4,19.22,2024-07-17,7,15.67
O24-002480,CUST00204,P0030,North,0.1,201.17,29.81,2024-09-08,2,111.76
O24-005859,CUST00530,P0039,East,0.09,12.38,2.47,2024-01-24,1,13.6
O24-002195,CUST01022,P0015,North,0,54.04,14.63,2024-06-10,1,54.04
O24-005217,CUST00806,P0022,East,0.13,582.04,83.83,2024-12-02,1,669.01
O24-004885,CUST00384,P0048,North,0.2,10.46,1.48,2024-08-04,6,2.18
O24-000943,CUST00910,P0009,West,0.18,82.23,14.78,2024-08-15,4,25.07
O24-005512,CUST01402,P0035,North,0.13,34.89,8.14,2024-01-19,10,4.01
O24-003975,CUST00264,P0022,West,0.17,565.11,96.26,2024-09-23,1,680.85
O24-001531,CUST00971,P0047,West,0.05,19.13,4.24,2024-01-24,2,10.07
O24-001710,CUST00585,P0003,East,0.34,4589.61,824.83,2024-08-11,5,1390.79
O24-000214,CUST01273,P0006,North,0.08,2040.69,488.78,2024-12-07,6,369.69
O24-009203,CUST01302,P0034,East,0.11,26.65,4.28,2024-02-24,3,9.98
O24-001655,CUST00809,P0029,West,0.13,1030.67,182.67,2024-01-23,4,296.17
O24-001957,CUST00371,P0012,East,0.08,75.18,12.93,2024-11-21,4,20.43
O24-002083,CUST00187,P0030,North,0.04,201.85,35.27,2024-07-08,2,105.13
O24-009537,CUST00854,P0001,South,0.24,1750.26,323.25,2024-11-19,2,1151.49
O24-001069,CUST00527,P0042,North,0.03,86.98,22.93,2024-09-09,3,29.89
O24-008875,CUST01029,P0037,West,0.13,11.86,1.95,2024-05-03,1,13.63
O24-008950,CUST00548,P0035,West,0.28,11.75,1.48,2024-06-18,4,4.08
O24-006905,CUST00479,P0024,West,0.12,1137.89,128.2,2024-05-26,2,646.53
O24-007264,CUST01355,P0025,South,0.39,1544.82,63.71,2024-11-27,5,506.5
O24-009411,CUST01448,P0008,North,0,2381.2,669.69,2024-03-31,4,595.3
O24-001854,CUST00821,P0008,West,0.11,512.06,131.22,2024-05-28,1,575.35
O24-008428,CUST01135,P0009,South,0.12,169.24,34.11,2024-05-12,8,24.04
O24-003097,CUST01318,P0007,South,0.07,1169.79,202.74,2024-05-20,6,209.64
O24-001582,CUST00337,P0039,North,0.11,65.1,12.6,2024-03-19,5,14.63
O24-004030,CUST00185,P0025,West,0.02,1573.05,220.39,2024-11-07,3,535.05
O24-007986,CUST00238,P0025,West,0.14,446,54.83,2024-08-25,1,518.6
O24-001743,CUST01065,P0029,North,0.04,834.62,116,2024-01-15,3,289.8
O24-006096,CUST00334,P0006,North,0.05,358.73,91.54,2024-01-12,1,377.61
O24-006784,CUST00436,P0031,North,0.12,455.61,55.69,2024-02-01,2,258.87
O24-005206,CUST01179,P0009,East,0.12,109.21,23.3,2024-12-04,5,24.82
O24-005680,CUST00921,P0032,East,0.09,1334.89,194.7,2024-09-13,3,488.97
O24-007135,CUST00883,P0034  ,South,0.22,33.38,4.05,2024-01-27,4,10.7
O24-001762,CUST01396,P0012,East,0.06,99.03,27.67,2024-08-13,5,21.07
O24-009035,CUST00392,P0010,North,0.05,86.41,17.59,2024-11-09,1,90.96
O24-001722,CUST01213,P0028,South,0.38,1308.91,50.11,2024-07-13,5,422.23
O24-001719,CUST01111,P0027,North,0.11,218.71,24.28,2024-08-07,2,122.87
O24-001842,CUST01135,P0007,West,0.09,771.39,176.85,2024-04-28,4,211.92
O24-004918,CUST00029,P0016,East,0.23,301.64,48.63,2024-07-09,6,65.29
O24-002777,CUST00946,P0016,South,0.23,187.88,32.37,2024-09-13,4,61
O24-001883,CUST00102,P0035,East,0.04,4.05,0.85,2024-04-04,1,4.22
O24-009103,CUST00019,P0009,North,0.17,18.82,3.84,2024-12-09,1,22.68
O24-001096,CUST00162,P0012,South,0.17,50.22,12.11,2024-10-14,3,20.17
O24-003139,CUST00877,P0002,West,0.03,4238.98,1153.85,2024-12-03,8,546.26
O24-001293,CUST00853,P0048,South,0.11,5.5,0.72,2024-07-20,3,2.06
O24-006042,CUST01087,P0023,West,0.14,1104.84,151.16,2024-11-11,5,256.94
O24-000480,CUST00175,P0045,West,0.2,6.65,1.3,2024-10-21,3,2.77
O24-004813,CUST00759,P0014,South,0.15,70.57,14.62,2024-09-29,2,41.51
O24-004304,CUST00590,P0038,East,0.09,12.67,2.45,2024-09-23,1,13.92
O24-002379,CUST00673,P0012,West,0.12,18.04,4.39,2024-04-18,1,20.5
O24-009040,CUST00861,P0005,North,0.17,405.74,96.03,2024-01-21,1,488.84
O24-002789,CUST00245,P0036,North,0.08,19.69,3.68,2024-01-06,1,21.4
O24-002781,CUST01437,P0028,North,0.11,2394.03,312.17,2024-08-25,6,448.32
O24-000364,CUST00594,P0048,West,0,4.5,0.83,2024-08-22,2,2.25
O24-003802,CUST00996,P0013,East,0.11,16.9,3.9,2024-01-14,1,18.99
O24-001809,CUST01248,P0034,West,0.14,25.9,4.57,2024-03-11,3,10.04
O24-004024,CUST00660,P0044,East,0.05,83.39,16.55,2024-12-16,6,14.62982456
O24-006954,CUST01095,P0011,West,0.17,275.63,62.02,2024-09-04,4,83.02
O24-002019,CUST00044,P0019,West,0.1,365.18,69.23,2024-05-13,1,405.75
O24-001146,CUST01346,P0035,South,0.1,3.54,0.47,2024-03-11,1,3.93
O24-009319,CUST01062,P0048,South,0.17,3.44,0.38,2024-05-18,2,2.07
O24-004573,CUST01477,P0020,West,0.07,1504.09,129.52,2024-10-03,6,269.55
O24-006217,CUST00705,  P0033,North,0,74.42,14.19,2024-11-29,6,12.92
O24-002277,CUST00781,P0005,South,0.19,3536.22,759.8,2024-10-10,10,436.57
O24-005656,CUST00349,P0035,West,0.12,14.29,2.97,2024-04-08,4,4.06
O24-004319,CUST00103,P0027,North,0.2,100.55,14.3,2024-01-14,1,125.69
O24-001288,CUST00959,P0020,West,0,527.02,100.4,2024-05-06,2,263.51
O24-001976,CUST00783,P0039,South,0.19,46.36,4.48,2024-02-28,4,14.31
O24-008996,CUST00727,P0023,North,0.09,979.45,137.1,2024-06-05,4,269.08
O24-003180,CUST00535,P0010,North,0.14,397.06,95.08,2024-12-31,5,92.34
O24-006267,CUST00633,P0016,North,0.03,515.96,120.94,2024-02-04,8,66.49
O24-000403,CUST01448,P0040,East,0.15,12.89,2.54,2024-09-29,1,15.16
O24-000360,CUST00140,P0006,East,0.05,385.2,75.42,2024-09-10,1,405.47
O24-007177,CUST00848,P0006,North,0.08,3556.54,883.14,2024-06-22,10,386.58
O24-003202,CUST01244,P0023,South,0.18,1092.69,85.12,2024-11-01,5,266.51
O24-005811,CUST00620,P0013,South,0.11,123.1,25.76,2024-01-17,7,19.76
O24-001708,CUST00274,P0040,North,0.03,15.63,2.45,2024-12-30,1,16.11
O24-008193,CUST00996,P0045,East,0.04,4.95,1.27,2024-02-04,2,2.58
O24-003243,CUST01452,P0041,East,0.1,58.61,11.07,2024-10-14,2,32.56
O24-005970,CUST01306,P0046,South,0.16,7.64,0.78,2024-10-08,3,3.03
O24-007379,CUST00010,P0021,East,0.11,585.02,92.82,2024-12-22,3,219.11
O24-006150,CUST01327,P0020,East,0.27,584.86,57.74,2024-07-24,3,267.06
O24-007784,CUST01454,P0043,South,0.22,120.65,12.03,2024-09-13,4,38.67
O24-004153,CUST01438,P0039,West,0.18,23.34,3.23,2024-10-02,2,14.23
O24-008327,CUST00059,P0035,North,0.12,3.46,0.57,2024-07-16,1,3.93
O24-006386,CUST01473,P0045,South,0.26,5.82,0.86,2024-04-03,3,2.62
O24-006703,CUST00072,P0024,North,0.11,1744.82,249.92,2024-02-18,3,653.49
O24-008802,CUST01497,P0008,South,0.16,2004.74,406.24,2024-12-20,4,596.65
O24-007591,CUST01092,P0027,East,0.17,103.78,11.07,2024-07-26,1,125.04
O24-009932,CUST01377,P0039,East,0.13,47.22,8.15,2024-07-29,4,13.57
O24-002000,CUST00085,P0031,East,0.07,239.14,36.36,2024-10-16,1,257.14
O24-009826,CUST00370,P0048,West,0.15,1.76,0.3,2024-12-23,1,2.07
O24-001566,CUST00126,P0031,North,0.06,1514.23,230.42,2024-09-16,6,268.48
O24-009903,CUST00024,P0039,East,0.12,24.68,4.54,2024-10-27,2,14.02
O24-000221,CUST00817,P0015,South,0.22,127.95,19.99,2024-05-23,3,54.68
O24-009971,CUST00166,P0007,East,0.1,963.22,237.33,2024-03-25,5,214.05
O24-001629,CUST01079,P0014,South,0.16,204.83,34.93,2024-07-07,6,40.64
O24-007572,CUST00283,P0040,South,0.09,43.52,7.32,2024-12-11,3,15.94
O24-002755,CUST00110,P0031,North,0.21,1022.62,111.32,2024-04-08,5,258.89
O24-006122,CUST01337,P0008,West,0.1,2003.15,413.72,2024-09-08,4,556.43
O24-002045,CUST00594,P0026,South,0.16,3120.63,156.09,2024-07-31,7,530.72
O24-004317,CUST00557,P0008,West,0.08,1071.21,306.75,2024-11-09,2,582.18
O24-006206,CUST01278,P0014,West,0.04,38.3,10.42,2024-08-27,1,39.9
O24-007549,CUST00602,P0015,West,0.22,41.35,8.8,2024-03-29,1,53.01
O24-004602,CUST00237,P0036,East,0.08,56.52,11.33,2024-07-15,3,20.48
O24-007391,CUST00714,P0041,East,0.03,63.3,11.44,2024-10-05,2,32.63
O24-005792,CUST00150,P0037,East,0.04,40.87,10.32,2024-09-04,3,14.19
O24-003364,CUST00696,P0016,West,0.05,385.72,100.77,2024-12-23,6,67.67
O24-006763,CUST01074,P0005,West,0.12,795.56,159.4,2024-01-22,2,452.02
O24-002490,CUST00187,P0033,East,0.12,22.88,3.5,2024-08-05,2,13
O24-009924,CUST00390,P0038,West,0.08,25.67,4.3,2024-06-14,2,13.95
O24-003604,CUST00458,P0042,South,0.11,74.89,9.59,2024-04-03,3,28.05
O24-004257,CUST01418,P0032,West,0.09,1709.2,206.55,2024-05-24,4,469.56
O24-006985,CUST01083,P0043,North,0.1,104.9,22.08,2024-04-03,3,38.85
O24-001618,CUST00479,P0011,East,0.05,254.42,67.27,2024-04-01,3,89.27
O24-003348,CUST00233,P0008,East,0.14,983.79,217.75,2024-05-22,2,571.9709302
O24-008873,CUST00337,P0021,East,0.13,189.64,22.56,2024-12-23,1,217.98
O24-007248,CUST00328,P0041,North,0.11,406.57,88.31,2024-11-02,14,32.63
O24-005840,CUST01171,P0046,South,0.14,2.54,0.43,2024-06-12,1,2.95
O24-008584,CUST01171,P0015,West,0.07,255.8,62.39,2024-12-04,5,55.01
O24-004433,CUST00735,P0032,East,0.04,2316.72,294.86,2024-10-03,5,482.65
O24-009305,CUST00699,P0002,North,0.04,2177.74,519.88,2024-09-07,4,567.12
O24-005436,CUST00082,P0030,North,0.13,88.95,13.03,2024-10-08,1,102.24
O24-007951,CUST00394,P0001,South,0.23,2704.18,429.1,2024-03-12,3,1170.64
O24-001355,CUST01264,P0029,South,0.18,242.21,17.05,2024-04-23,1,295.38
O24-006372,CUST00940,P0042,East,0.04,139.25,29.2,2024-04-17,5,29.01
O24-003189,CUST00041,P0010,North,0.21,139.15,34.76,2024-05-19,2,88.07
O24-005498,CUST00367,P0019,West,0.04,367.08,59.91,2024-04-05,1,382.38
O24-006664,CUST00111,P0001,South,0.18,3666.61,596.97,2024-03-05,4,1117.87
O24-002250,CUST00874,P0008,West,0.06,1074.21,281.58,2024-07-08,2,571.39
O24-003296,CUST01470,P0018,East,0.06,5800.8,777.25,2024-12-10,14,440.79
O24-005812,CUST01499,P0036,East,0.06,79.67,12.61,2024-04-25,4,21.19
O24-005096,CUST01016,P0001,North,0.08,2115.61,571.15,2024-09-29,2,1149.79
O24-007224,CUST01207,P0036,West,0.15,70.86,10.09,2024-06-11,4,20.84
O24-009693,CUST00438,P0024,East,0.1,2384.06,351.28,2024-12-07,4,662.24
O24-001677,CUST01295,P0010,South,0.12,162.55,27.79,2024-04-09,2,92.36
O24-000731,CUST01292,P0001,North,0.21,4684.58,926.46,2024-09-02,5,1185.97
O24-000478,CUST01457,P0014,West,0.08,228.86,54.44,2024-02-21,6,41.46
O24-003554,CUST01456,P0008,South,0.13,509.69,104.86,2024-10-15,1,585.85
O24-001105,CUST00139,P0005,West,0.28,642.83,124.06,2024-03-25,2,446.41
O24-003448,CUST01198,P0002,East,0.22,1683.15,304.51,2024-03-15,4,539.47
O24-007376,CUST01005,P0023,South,0.14,478.19,78.12,2024-06-10,2,278.02
O24-002566,CUST01042,P0034,East,0.13,52.36,9.32,2024-08-17,6,10.03
O24-002426,CUST00158,P0010,West,0.14,463.63,105.56,2024-12-24,6,89.85
O24-004076,CUST00359,P0004,East,0.11,1621.24,351.53,2024-06-21,2,910.81
O24-008054,CUST01116,P0002,North,0.31,750.91,147.54,2024-05-02,2,544.14
O24-000930,CUST00170,P0015,North,0.01,265.82,64.95,2024-05-03,5,53.7
O24-007596,CUST00088,P0004,East,0.15,2247.57,479.74,2024-01-01,3,881.4
O24-001379,CUST00203,P0040,East,0.36,41.24,4.48,2024-05-16,4,16.11
O24-005215,CUST00119,P0037,East,0.12,24.36,3.71,2024-07-17,2,13.84
O24-002860,CUST00032,P0010,South,0.11,431.07,77.53,2024-10-03,5,96.87
O24-002590,CUST00863,P0037,West,0.24,49.55,7.23,2024-09-30,5,13.04
O24-004910,CUST01077,P0001,East,0.01,3399.67,844.88,2024-08-17,3,1144.67
O24-009360,CUST00709,P0006,East,0.1,698.9,158.87,2024-09-12,2,388.28
O24-001606,CUST00134,P0035,East,0.05,3.89,0.66,2024-10-26,1,4.1
O24-002150,CUST00785,P0034,East,0.02,20.38,3.98,2024-05-15,2,10.39795918
O24-001458,CUST00107,P0010,North,0.07,434.45,101.56,2024-09-25,5,93.43
O24-001030,CUST00081,P0034,East,0.12,8.82,1.73,2024-03-14,1,10.02
O24-004533,CUST00379,P0038,East,0.11,12.01,1.79,2024-11-06,1,13.49
O24-000532,CUST00903,P0043,East,0.12,137.74,21.55,2024-10-20,4,39.13
O24-008245,CUST01271,P0036,North,0.2,33.42,4.36,2024-01-15,2,20.89
O24-003605,CUST00711,P0002,North,0.34,1736.49,332.03,2024-11-14,5,526.21
O24-008851,CUST00614,P0005,East,0.13,820.31,222.26,2024-08-07,2,471.44
O24-003522,CUST01421,P0001,West,0.14,3031.19,672.04,2024-08-29,3,1174.88
O24-006562,CUST01479,P0047,East,0.07,57.53,11.7,2024-04-14,6,10.31
O24-007943,CUST00575,P0014,West,0.07,77.23,19.46,2024-08-04,2,41.52
O24-005482,CUST00462,P0025,North,0.32,741.05,41.15,2024-02-19,2,544.89
O24-006566,CUST00976,P0014,East,0.09,70.89,15.65,2024-06-21,2,38.95
O24-005002,CUST00956,P0048,West,0.12,3.78,0.76,2024-01-29,2,2.15
O24-006184,CUST01115,P0026,East,0.03,496.94,59.36,2024-07-15,1,512.31
O24-006963,CUST00344,P0021,North,0,1536.43,220.24,2024-08-03,7,219.49
O24-007121,CUST00038,P0001,East,0.03,1139.87,304.68,2024-03-17,1,1175.12
O24-002752,CUST00848,P0003,East,0.11,2369.14,480.59,2024-09-22,2,1330.98
O24-000095,CUST00390,P0035,West,0.02,4.21,0.87,2024-02-15,1,4.3
O24-008865,CUST00810,P0033,West,0.06,76.76,15.23,2024-10-05,6,13.61
O24-009386,CUST00308,P0020,East,0.05,777.19,130.17,2024-06-28,3,272.7
O24-000561,CUST01072,  P0011,North,0.16,73.8,17.63,2024-11-11,1,87.86
O24-009683,CUST00478,P0042,North,0.04,27.52,5.94,2024-01-07,1,28.67
O24-007187,CUST00071,P0015,West,0.06,426.38,103.63,2024-07-21,8,56.7
O24-008918,CUST00237,P0006,South,0.15,335.72,57.83,2024-11-18,1,394.97
O24-007612,CUST00033,P0024,West,0.14,1644.98,151.82,2024-03-13,3,637.59
O24-003964,CUST01195,P0023,South,0.38,510.14,37.45,2024-12-30,3,274.27
O24-001375,CUST01321,P0039,North,0.15,98.6,15.5,2024-02-23,8,14.5
O24-004584,CUST00606,P0041,East,0.13,54.71,9.13,2024-12-15,2,31.44
O24-007047,CUST00883,P0014,South,0.12,69.04,14.23,2024-05-06,2,39.23
O24-009586,CUST01017,P0002,East,0.1,919.64,212.57,2024-07-08,2,510.91
O24-000906,CUST01438,P0006  ,West,0.1,354.59,99.16,2024-06-18,1,393.99
O24-003585,CUST01405,P0047,North,0.07,77.3,12.9,2024-08-18,8,10.39
O24-002700,CUST00488,P0030,West,0.15,85.93,12.31,2024-09-19,1,101.09
O24-004905,CUST01363,P0014,East,0.07,38.24,8.53,2024-01-20,1,41.12
O24-007309,CUST00306,P0042,North,0.07,104.87,23.8,2024-06-01,4,28.19
O24-007926,CUST00215,P0002,South,0.1,965.18,198.57,2024-11-06,2,536.21
O24-006427,CUST00418,P0025,North,0.15,1788.47,208.91,2024-10-05,4,526.02
O24-004669,CUST01152,P0046,North,0.07,2.77,0.53,2024-04-20,1,2.98
O24-007745,CUST01224,P0039,North,0.08,39.25,8.31,2024-04-09,3,14.22
O24-009917,CUST00489,P0030,West,0.16,241.77,25.82,2024-11-14,3,95.94
O24-003019,CUST00307,P0041  ,North,0.17,101.23,20.08,2024-03-30,4,30.49
O24-006085,CUST00767,P0019,South,0.19,940.94,91.47,2024-09-17,3,387.22
O24-005133,CUST00035,P0013,South,0.16,62.43,13.16,2024-12-28,4,18.58
O24-009106,CUST00356,P0006,South,0.29,805.25,133.15,2024-07-03,3,378.05
O24-008273,CUST00341,P0027,West,0.09,229.57,39.8,2024-01-31,2,126.14
O24-006395,CUST01215,P0015,North,0.19,44.1,11.04,2024-01-31,1,54.45
O24-003744,CUST00051,P0018,West,0.05,1231.86,164.26,2024-03-24,3,432.23
O24-005725,CUST01268,P0033,East,0.38,32.17,3.02,2024-03-21,4,12.97
O24-000262,CUST00127,P0027,South,0.16,322.38,30.66,2024-10-08,3,127.93
O24-001851,CUST01477,P0010,South,0.17,387.36,69,2024-04-11,5,93.34
O24-000215,CUST00824,P0035,North,0.12,30.2,5.89,2024-11-01,8,4.29
O24-000546,CUST00120,P0034,East,0.04,19.55,3.31,2024-10-08,2,10.18
O24-009004,CUST00837,P0037,South,0.27,9.69,0.87,2024-11-27,1,13.28
O24-001806,CUST00809,P0042,South,0.15,100.64,16.6,2024-07-10,4,29.6
O24-000717,CUST00277,P0015,South,0.18,90.1,18.44,2024-07-26,2,54.94
O24-004140,CUST01306,P0013,South,0.15,16.46,3.11,2024-05-21,1,19.37
O24-002061,CUST00319,P0029,North,0.12,256.34,31.14,2024-12-08,1,291.3
O24-004623,CUST00136,P0012,East,0.16,15.9,3.17,2024-09-17,1,18.93
O24-001588,CUST01271,P0037,East,0.05,38.79,7.35,2024-10-04,3,13.61
O24-007566,CUST00737,P0044,West,0.04,44.99,9.63,2024-08-20,3,15.62
O24-009246,CUST01378,P0021,North,0.13,581.93,91.92,2024-07-28,3,222.96
O24-008790,CUST00520,P0034  ,North,0.08,9.2,1.48,2024-03-31,1,10
O24-001179,CUST01112,P0009,West,0.19,55.4,11.44,2024-03-07,3,22.8
O24-009764,CUST00030,P0033,East,0.11,12.05,2.15,2024-11-15,1,13.54
O24-005696,CUST01114,P0046,North,0.08,5.59,0.91,2024-03-15,2,3.04
O24-005874,CUST00613,P0033,West,0,26.28,5.93,2024-01-27,2,13.14
O24-001100,CUST00221,P0010,West,0.03,357.77,88.5,2024-11-02,4,92.21
O24-006302,CUST00506,P0036,South,0.16,36.91,5.06,2024-07-20,2,21.97
O24-005523,CUST00008,P0018,North,0.06,399.82,61.93,2024-08-19,1,425.34
O24-008812,CUST01216,P0024,West,0.13,1183.27,124.04,2024-02-29,2,680.04
O24-006927,CUST01051,P0043,North,0.04,36.6,7.62,2024-10-07,1,38.13
O24-007913,CUST00131,P0048,North,0.1,2.03,0.4,2024-03-23,1,2.26
O24-001084,CUST01275,P0040,North,0.03,30.52,6.65,2024-03-18,2,15.73
O24-009475,CUST00749,P0010,West,0.03,451.87,120.62,2024-10-26,5,93.17
O24-002785,CUST00454,P0036,North,0.08,147.49,33.66,2024-09-19,8,20.04
O24-006601,CUST01461,P0014,East,0.16,69.7,14.04,2024-10-24,2,41.49
O24-001149,CUST01240,P0024,East,0.15,548.61,58.29,2024-06-27,1,645.42
O24-008449,CUST01269, P0014 ,East,0.11,101.73,25.03,2024-04-06,3,38.1
O24-007985,CUST01373,P0006,East,0.03,366.84,80.88,2024-10-31,1,378.19
O24-004446,CUST00186,P0002,East,0.09,517.37,135.99,2024-12-19,1,568.54
O24-006709,CUST00050,P0004,West,0.07,1669.28,404.05,2024-09-25,2,897.46
O24-007681,CUST00046,P0019,North,0.12,720.28,71.99,2024-03-28,2,409.25
O24-004738,CUST01231,P0025,East,0.19,423.82,52.68,2024-09-17,1,523.24
O24-001935,CUST00295,P0031,North,0.04,757.01,136.82,2024-05-26,3,262.85
O24-001859,CUST00899,P0008,East,0.34,388.28,74.49,2024-04-10,1,588.3
O24-006033,CUST00643,P0001,West,0.2,1892.18,425.99,2024-07-05,2,1182.61
O24-004051,CUST01009,P0006,North,0,403.15,102.93,2024-04-18,1,403.15
O24-001039,CUST00384,P0032,West,0.16,1224.8,196.71,2024-10-27,3,486.03
O24-008307,CUST00730,P0035,East,0.08,19.27,3.56,2024-03-24,5,4.19
O24-000289,CUST00308,P0014,North,0.17,33.66,8.71,2024-03-25,1,40.56
O24-001486,CUST01145,P0012,East,0.18,15.94,3.25,2024-09-23,1,19.44
O24-009176,CUST00645,P0016,West,0.12,119.1,30.16,2024-07-20,2,67.67
O24-001448,CUST00693,P0036,West,0.14,17.79,3.65,2024-10-12,1,20.69
O24-007181,CUST01017,P0008,East,0.13,1035.46,208.99,2024-11-27,2,595.09
O24-003874,CUST00429,P0038,East,0.08,95.31,15.68,2024-08-25,8,12.95
O24-004147,CUST00295,P0010,East,0.06,339.11,89.82,2024-12-24,4,90.19
O24-002987,CUST00262,P0034,South,0.22,8.31,0.79,2024-02-10,1,10.65
O24-002493,CUST00529,P0027,West,0.06,358.08,37.07,2024-12-14,3,126.98
O24-009498,CUST01086,P0015,North,0.33,176.95,24.01,2024-12-23,5,52.82
O24-000019,CUST00974,P0036,East,0.1,38.45,6.34,2024-11-19,2,21.36
O24-001374,CUST01439,P0010,West,0.12,253.2,65.42,2024-06-30,3,95.91
O24-001536,CUST01361,P0044,West,0.09,165.77,29.05,2024-05-06,11,16.56
O24-001404,CUST01061,P0031,North,0.12,453.08,55.86,2024-11-05,2,257.43
O24-007354,CUST01284,P0048,South,0.12,7.64,0.94,2024-12-16,4,2.17
O24-002591,CUST00558,P0020,North,0.09,247.47,18.42,2024-06-29,1,271.95
O24-000110,CUST00445,P0016,West,0.33,88.01,19.74,2024-06-28,2,65.68
O24-002089,CUST00572,P0013,North,0.13,81.34,18.53,2024-04-05,5,18.7
O24-008711,CUST01347,P0002,North,0.34,345.48,60.68,2024-09-07,1,523.45
O24-009126,CUST00681,P0046,West,0.08,2.91,0.54,2024-11-21,1,3.16
O24-003923,CUST00826,P0031,South,0.11,228.45,19.59,2024-12-30,1,256.69
O24-003927,CUST00683,P0007,North,0.29,734.78,185.27,2024-02-05,5,206.98
O24-009552,CUST00573,P0020,West,0.13,974.23,104.41,2024-11-18,4,279.95
O24-000809,CUST00936,P0017,West,0.1,1894.59,197.03,2024-12-09,10,210.51
O24-000847,CUST01281,P0021,East,0.18,514.34,95.36,2024-06-02,3,209.08
O24-002994,CUST01308,P0007,West,0.06,190.41,46.19,2024-09-30,1,202.56
O24-007189,CUST01235,P0037,West,0.08,64.86,10.8,2024-04-26,5,14.1
O24-003130,CUST00868,P0011,North,0.05,671.54,172.08,2024-08-26,8,88.36
O24-000328,CUST00163,P0028,East,0.12,803.6,75.38,2024-04-29,2,456.59
O24-002779,CUST01417,P0016,North,0.14,56.69,12.18,2024-12-23,1,65.92
O24-008111,CUST00731,P0024,South,0.2,1598.81,155.63,2024-09-04,3,666.1708333
O24-007057,CUST01084,P0043,West,0.17,96.44,18.27,2024-02-21,3,38.73
O24-007186,CUST00259,P0045,South,0.12,2.27,0.31,2024-05-11,1,2.58
O24-002530,CUST01427,P0001,North,0.09,2169.46,602.58,2024-06-28,2,1192.01
O24-003476,CUST00122,P0046,North,0.14,2.55,0.55,2024-12-18,1,2.97
O24-001530,CUST01354,P0035,West,0.17,10.21,1.7,2024-04-05,3,4.1
O24-007667,CUST00310,P0007,West,0.12,758,195.78,2024-03-03,4,215.34
O24-008710,CUST01054,P0001,South,0.1,1035.08,189.12,2024-06-10,1,1150.09
O24-001726,CUST00488,P0040,South,0.33,54.4,3.26,2024-08-07,5,16.24
O24-006827,CUST00230,P0006,East,0.18,3576.7,811.97,2024-04-13,11,396.53
O24-001591,CUST00564,P0005,North,0.27,1352.98,250.13,2024-04-04,4,463.35
O24-003404,CUST01002,P0028,West,0.08,408.98,59.26,2024-12-03,1,444.54
O24-003672,CUST00003,P0007,East,0.06,821.67,188.12,2024-01-12,4,218.53
O24-004785,CUST00720,P0042,North,0.37,112.76,12.1,2024-09-28,6,29.83
O24-002409,CUST01402,P0044,North,0.13,26.55,5.09,2024-04-28,2,15.26
O24-001197,CUST00280,P0017,South,0.13,585.79,69.9,2024-03-10,3,224.44
O24-005639,CUST01071,P0020,South,0.24,845.12,51.41,2024-07-22,4,278
O24-001960,CUST00287,P0015,South,0.36,135.48,23.84,2024-11-01,4,52.92
O24-008553,CUST00694,P0001,North,0.09,6138.79,1513.06,2024-03-07,6,1124.32
O24-003568,CUST00857,P0011,North,0.09,319.08,75.37,2024-10-18,4,87.66
O24-007514,CUST00062,P0024,East,0.06,596.61,54.81,2024-12-30,1,634.69
O24-006079,CUST00721,P0023,East,0.01,842.92,146.51,2024-09-18,3,283.81
O24-002358,CUST01119,P0019,East,0.07,356.37,51.76,2024-04-08,1,383.19
O24-000456,CUST01480,P0038  ,East,0.02,69.97,13.8,2024-02-19,5,14.28
O24-007033,CUST00319,P0009,South,0.25,17.42,3.33,2024-09-17,1,23.23
O24-005116,CUST01320,P0008,West,0.05,4480.35,883.53,2024-05-01,8,589.52
O24-002076,CUST01042,P0010,East,0.08,82.48,17.13,2024-07-11,1,89.65
O24-006647,CUST01350,P0016,North,0.08,59.04,14.77,2024-09-05,1,64.17
O24-009862,CUST01372,P0025,East,0,2998.44,552.43,2024-02-03,6,499.74
O24-002604,CUST01027,P0021,North,0.1,602.26,106.63,2024-06-21,3,223.06
O24-009972,CUST01196,P0032,West,0.24,355.98,33.67,2024-05-17,1,468.39
O24-008561,CUST00225,P0030,West,0.12,175.31,23.44,2024-10-17,2,99.61
O24-006592,CUST00778,P0013,North,0.12,35.55,8.11,2024-03-29,2,20.2
O24-009202,CUST00743,P0027,East,0.36,80.53,5.69,2024-03-27,1,125.83
O24-005205,CUST00296,P0017,North,0.07,997.94,99.42,2024-04-05,5,214.61
O24-004233,CUST00380,P0004,South,0.15,3115.28,641.14,2024-09-07,4,916.26
O24-005902,CUST00244,P0037,North,0.09,23.15,4.31,2024-01-13,2,12.72
O24-008532,CUST00697,P0023,South,0.3,952.63,36.6,2024-10-22,5,272.18
O24-004558,CUST00216,P0035,South,0.08,23.29,4.44,2024-02-07,6,4.22
O24-006022,CUST00905,P0040,West,0.13,41.47,8.31,2024-02-19,3,15.89
O24-005530,CUST00158,P0012,East,0.05,18.93,4.67,2024-01-11,1,19.93
O24-005957,CUST00810,P0045,South,0.14,7.15,0.87,2024-03-28,3,2.77
O24-002761,CUST00970,P0031,West,0.07,2753.71,313.62,2024-07-27,11,269.18
O24-003730,CUST00886,P0010,North,0.09,487.58,125.36,2024-08-04,6,89.3
O24-003078,CUST00880,P0031,West,0.16,1790.28,245.74,2024-12-22,8,266.41
O24-007559,CUST00957,P0017,East,0.1,1199.61,138.44,2024-10-28,6,222.15
O24-008247,CUST01341,P0029,North,0.01,274.42,43.85,2024-01-12,1,277.19
O24-004898,CUST00555,P0043,South,0.16,96.09,12.14,2024-01-08,3,38.13
O24-002039,CUST00805,P0027,East,0.07,114.62,13.83,2024-01-24,1,123.25
O24-004994,CUST00421,P0035,East,0.13,10.96,1.94,2024-12-09,3,4.2
O24-001397,CUST00679,P0037,East,0.06,52,8.57,2024-11-24,4,13.83
O24-002504,CUST00459,P0029,East,0.19,706.23,66.7,2024-04-13,3,290.63
O24-005744,CUST00360,P0006,West,0.12,329.31,82.24,2024-09-11,1,374.22
O24-006544,CUST00334,P0027,East,0.1,115.03,20.77,2024-08-31,1,127.81
O24-003245,CUST00431,P0003,East,0.15,6126.29,1346.86,2024-01-27,5,1441.48
O24-001704,CUST00312,P0035,North,0.04,15.67,3.2,2024-04-24,4,4.08
O24-008056,CUST00723,P0004,North,0.19,1478.23,209.88,2024-10-28,2,912.49
O24-008528,CUST01006,P0006,West,0.28,884.91,171.57,2024-02-20,3,409.68
O24-007300,CUST00231,P0014,West,0.09,493.07,122.14,2024-08-04,13,41.68
O24-002417,CUST01448,  P0025,East,0.04,2436.77,424.75,2024-08-24,5,507.66
O24-003032,CUST00252,P0042,North,0,86.52,18.28,2024-11-23,3,28.84
O24-009010,CUST01480,P0037,West,0.14,11.65,2.25,2024-05-08,1,13.55
O24-002652,CUST00125,P0014,West,0.07,73.23,18.22,2024-01-13,2,39.37
O24-001529,CUST00640,P0011,West,0.1,634.46,170.53,2024-08-16,8,88.12
O24-008076,CUST00905,P0001,North,0,1145.26,310.92,2024-03-18,1,1145.26
O24-004434,CUST00833,P0031,North,0.29,192.03,15.52,2024-08-31,1,270.47
O24-000108,CUST00100,P0018,North,0,1810.84,279.77,2024-03-07,4,452.71
O24-008182,CUST00681,P0033,West,0.32,18.07,2.82,2024-11-20,2,13.29
O24-003197,CUST00175,P0044,South,0.16,52.79,7.87,2024-10-20,4,15.71
O24-005789,CUST00773,P0013,East,0.08,17.96,4.71,2024-03-20,1,19.52
O24-004086,CUST00165,P0032,West,0.04,455.71,80.38,2024-05-01,1,474.7
O24-000964,CUST00024,P0029,South,0.12,257.77,40.82,2024-12-19,1,292.92
O24-005838,CUST00052,P0015,West,0.06,257.47,58.26,2024-12-15,5,54.78
O24-008043,CUST01239,P0008,East,0.18,464.3,105.67,2024-09-20,1,566.22
O24-006241,CUST00309,P0032,East,0.1,857.23,148.61,2024-01-26,2,476.24
O24-008547,CUST00358,P0022,East,0.13,2929.42,494.55,2024-07-28,5,673.43
O24-004046,CUST00268,P0002,North,0.13,2385.84,501.05,2024-01-09,5,548.47
O24-005917,CUST01347,P0007,East,0.06,921.86,209.74,2024-09-25,5,196.14
O24-004011,CUST01418,P0012,West,0.09,19.48,4.67,2024-04-12,1,21.41
O24-007327,CUST00638,P0028,East,0.25,1305.96,128.12,2024-12-27,4,435.32
O24-007674,CUST00094,P0001,North,0.11,1076.01,218.16,2024-04-09,1,1209
O24-006795,CUST00070,P0037,South,0.11,49.91,6.87,2024-12-24,4,14.01966292
O24-005428,CUST00713,P0008,North,0.16,2007.03,444.31,2024-07-07,4,597.33
O24-000316,CUST01006,P0001,South,0.36,755.82,81.02,2024-02-02,1,1180.97
O24-008442,CUST01045,P0008,North,0.15,1504.32,285.9,2024-10-24,3,589.93
O24-009633,CUST01075,P0036,East,0.19,17.1,2.75,2024-12-02,1,21.11
O24-009472,CUST00736,P0007,East,0.1,348.55,88.56,2024-10-28,2,193.64
O24-003235,CUST01298,P0047,West,0.2,24.29,4.26,2024-03-24,3,10.12
O24-002978,CUST00121,P0006,East,0.03,1532.87,412.03,2024-10-18,4,395.07
O24-003845,CUST00057,P0006,North,0.27,1118.97,215.16,2024-12-22,4,383.21
O24-000331,CUST00559,P0007,East,0.18,174.99,35.08,2024-03-16,1,213.4
O24-000322,CUST00648,P0017,South,0.11,592.82,67.34,2024-07-09,3,222.03
O24-004756,CUST00990,P0045,North,0.12,2.2,0.34,2024-09-01,1,2.5
O24-009741,CUST01275,P0029,West,0.07,544.89,88.26,2024-02-11,2,292.95
O24-003981,CUST01415,P0002,South,0.18,1782.71,423.91,2024-03-20,4,543.51
O24-000446,CUST01386,P0034,South,0.23,23.42,2.69,2024-01-24,3,10.14
O24-006906,CUST00447,P0007,North,0.08,1154.12,280.82,2024-09-28,6,209.08
O24-006138,CUST00744,P0034,East,0.04,95.9,23.54,2024-01-10,10,9.99
O24-002441,CUST00213,P0004  ,South,0.17,2781.86,433.42,2024-01-29,4,837.91
O24-003609,CUST01490,P0011,West,0.21,275.71,49.67,2024-07-20,4,87.25
O24-000777,CUST00189,P0034,East,0.12,18.64,3.72,2024-09-05,2,10.59
O24-004528,CUST01265,P0021,North,0.02,226.21,30.82,2024-07-31,1,230.83
O24-000181,CUST01203,P0029  ,North,0.1,809.57,124.43,2024-06-04,3,299.84
O24-004245,CUST01140,P0036,East,0.16,17.59,2.39,2024-10-31,1,20.94
O24-005330,CUST00102,P0009,North,0.31,68.5,15.68,2024-09-06,4,24.82
O24-003176,CUST00926,P0009,South,0.13,105.49,17.12,2024-11-18,5,24.25
O24-000306,CUST00601,P0023,West,0.09,453.42,60.18,2024-09-15,2,249.13
O24-003208,CUST00080,P0039,North,0.07,52.86,10.2,2024-04-14,4,14.21
O24-002547,CUST01286,P0046,East,0.07,14.04,2.97,2024-06-15,5,3.02
O24-001363,CUST01358,P0016,East,0.01,243.38,59.72,2024-09-02,4,61.46
O24-008300,CUST01449,P0005,West,0.06,859.52,196.91,2024-08-17,2,457.19
O24-005888,CUST00374,P0031,South,0.14,673.28,61.43,2024-11-09,3,260.96
O24-006029,CUST01431,P0025,North,0.12,1358.91,192.93,2024-05-10,3,514.7386364
O24-003005,CUST01074,P0008,East,0.21,878.13,207.67,2024-12-16,2,555.78
O24-002906,CUST01201,P0018,North,0.08,782.44,98.28,2024-12-18,2,425.24
O24-006615,CUST00984,P0015,East,0.1,301.7,75.86,2024-06-12,6,55.87
O24-001382,CUST00241,P0041,North,0.05,31.1,4.94,2024-12-30,1,32.74
O24-003900,CUST00369,P0003,South,0.23,1066.73,161.92,2024-01-18,1,1385.36
O24-001967,CUST01055,P0038,East,0.09,24.61,4.9,2024-11-30,2,13.52
O24-009898,CUST00581,P0027,North,0.06,110.49,16.57,2024-08-22,1,117.54
O24-004740,CUST00214,P0036,North,0.16,53.15,9.57,2024-03-26,3,21.09
O24-006412,CUST00138,P0008,North,0.11,2069.5,402.53,2024-07-18,4,581.32
O24-004284,CUST01007,P0022,North,0.08,633.64,109.25,2024-03-02,1,688.74
O24-009344,CUST01245,P0014,East,0,463.43,119.79,2024-09-03,11,42.13
O24-005290,CUST01453,P0025,South,0.08,2986.65,370.43,2024-03-07,6,541.06
O24-009046,CUST00127,P0044,North,0.02,76.49,11.55,2024-12-21,5,15.61
O24-006867,CUST01469,P0014,South,0.17,420.05,73.19,2024-08-29,13,38.93
O24-001240,CUST00712,P0042,West,0.23,22.74,4.27,2024-06-13,1,29.53
O24-009557,CUST00087,P0041,East,0.22,26.08,4.16,2024-07-18,1,33.43
O24-001088,CUST00586,P0005  ,South,0.2,1554.53,352.11,2024-09-27,4,485.79
O24-001429,CUST00584,P0048,West,0.37,5.34,0.58,2024-05-24,4,2.12
O24-001562,CUST00275,P0020,West,0.17,686.19,95.99,2024-12-19,3,275.58
O24-007496,CUST00331,P0023,North,0.05,526.09,94.21,2024-11-08,2,276.89
O24-008908,CUST00608,P0040,West,0.08,41.51,10.27,2024-03-30,3,15.04
O24-000606,CUST00519,P0044,West,0.19,12.76,1.78,2024-01-14,1,15.75
O24-002676,CUST00415,P0027,East,0.03,714.23,102.49,2024-11-15,6,122.72
O24-001213,CUST01109,P0003  ,West,0.12,3762.61,887.8,2024-04-27,3,1425.23
O24-005778,CUST00261,P0009,West,0,19.07,4.47,2024-05-02,1,23.26
O24-008048,CUST00591,P0013,East,0.13,16.34,4.06,2024-03-18,1,18.78
O24-000270,CUST01415,P0042,South,0.22,24.01,2.44,2024-08-25,1,30.78
O24-004981,CUST00003,P0031,North,0.03,248.09,36.9,2024-02-03,1,255.76
O24-003376,CUST00715,P0017,North,0.01,645.8,117.35,2024-09-08,3,217.44
O24-004048,CUST00921,P0015,East,0.26,37.72,8.17,2024-08-18,1,50.97
O24-004354,CUST01281,P0012,East,0.18,16.41,3.45,2024-06-06,1,20.01
O24-001551,CUST01225,P0041,North,0.17,25.76,4.4,2024-11-15,1,31.04
O24-000895,CUST01215,P0001,North,0.06,1148.82,288.25,2024-09-28,1,1222.15
O24-003136,CUST00821,  P0018,East,0.14,718.32,65.1,2024-12-07,2,417.63
O24-003343,CUST00256,P0014,North,0.1,109.05,23.53,2024-01-27,3,40.39
O24-002109,CUST00591,P0003,North,0.12,4934.16,1154.64,2024-02-11,4,1401.75
O24-001798,CUST01233,P0035,East,0.12,7.08,1.42,2024-07-07,2,4.02
O24-006629,CUST01118,P0043,East,0,37.69,9.85,2024-11-28,1,37.69
O24-001653,CUST00955,P0029,South,0.15,502.37,49.33,2024-07-11,2,295.51
O24-002717,CUST01036,P0036,West,0.08,155.37,20.6,2024-12-21,8,21.11
O24-009670,CUST00836,P0015,West,0.09,142.81,34.7,2024-11-12,3,52.31
O24-009806,CUST01345,P0020,North,0.1,477.59,88.54,2024-07-16,2,265.33
O24-007528,CUST00172,P0035,East,0.14,18.15,2.54,2024-10-02,5,4.22
O24-006970,CUST01160,P0035,South,0.12,7.36,0.91,2024-11-30,2,4.18
O24-002403,CUST00033,P0019,East,0.13,352.69,34.55,2024-04-15,1,405.39
O24-009169,CUST01256,P0019  ,East,0.11,1511.43,206.5,2024-11-06,4,424.56
O24-000435,CUST01340,P0014,North,0.12,33.55,6.92,2024-08-28,1,38.12
O24-001641,CUST00695,P0042,South,0.22,114.08,14.29,2024-12-26,5,29.25
O24-006932,CUST00938,P0023,North,0.02,1378.27,189.66,2024-10-21,5,281.28
O24-005201,CUST00757,P0010,East,0.05,87.88,17.46,2024-09-28,1,92.51
O24-009718,CUST00567,P0031,North,0.04,523.08,88.87,2024-11-11,2,272.4375
O24-005393,CUST00502,P0036,East,0.23,17,2.03,2024-01-24,1,22.08
O24-006571,CUST00715,P0003,South,0.09,7957.79,1515.98,2024-06-28,6,1457.47
O24-002153,CUST01199,P0019,West,0.07,1488,186.61,2024-11-28,4,400
O24-000599,CUST00677,P0019,East,0.13,330.64,47.35,2024-05-11,1,380.05
O24-001481,CUST00809,P0025,West,0.08,1402.38,201.41,2024-11-04,3,508.11
O24-007960,CUST00584,P0048,East,0.15,1.95,0.25,2024-11-16,1,2.29
O24-009370,CUST00733,P0035,North,0.13,10.83,1.88,2024-07-25,3,4.15
O24-001241,CUST01188,P0036,East,0.02,174.91,41.15,2024-02-13,8,22.31
O24-000416,CUST01413,P0021,North,0.17,568.67,64.17,2024-06-25,3,228.38
O24-000317,CUST01288,P0019,East,0.17,315.68,27.36,2024-06-10,1,380.34
O24-005140,CUST01492,P0010,South,0.39,111.67,14.16,2024-01-14,2,91.53
O24-005474,CUST00455,P0001,South,0.18,1015.33,211.5,2024-07-13,1,1238.21
O24-000891,CUST00354,P0013,East,0.15,47.86,9.85,2024-07-08,3,18.77
O24-000579,CUST01324,P0048,West,0,6.66,1.3,2024-10-20,3,2.22
O24-005327,CUST01097,P0017,North,0.08,802.98,105.94,2024-06-13,4,218.2
O24-006134,CUST01419,P0003,West,0.09,2555.81,614.52,2024-05-31,2,1404.29
O24-007841,CUST00475,P0014,West,0.04,270.68,61.24,2024-05-10,7,40.28
O24-000526,CUST00108, P0029 ,North,0.1,524.07,78.31,2024-08-14,2,291.15
O24-004127,CUST00050,P0024,West,0.26,1393.32,99.42,2024-08-17,3,627.62
O24-000314,CUST01427,P0009,East,0,146.1,43.83,2024-10-23,6,24.35
O24-005135,CUST00659,P0025,South,0.16,449.79,33.86,2024-10-29,1,535.47
O24-005642,CUST00848,P0003,South,0.15,3481.39,649.18,2024-01-01,3,1365.25
O24-006684,CUST01356,P0041,North,0.12,57.94,10.89,2024-10-08,2,32.92
O24-004255,CUST00870,P0017,South,0.3,155.77,7.08,2024-07-12,1,222.53
O24-009699,CUST01115,P0031,East,0.1,487.46,84.26,2024-07-16,2,270.81
O24-003252,CUST00066,P0005,North,0.07,871.65,209.54,2024-10-04,2,468.63
O24-008567,CUST01116,P0034,South,0.04,77.11,11.88,2024-11-26,8,10.04
O24-009279,CUST00600,P0012,West,0.17,17.06,4.12,2024-11-19,1,20.56
O24-006682,CUST00199,P0044,West,0.11,79.57,11.74,2024-04-10,6,14.9
O24-007777,CUST01444,P0033,East,0.11,11.61,2.17,2024-12-06,1,13.05
O24-001875,CUST00318,P0039  ,West,0.1,24.46,4.15,2024-03-09,2,13.59
O24-008585,CUST00382,P0005,East,0.19,385.11,82.63,2024-01-01,1,475.44
O24-000037,CUST00460,P0009,West,0.13,60.66,14.72,2024-03-05,3,23.24
O24-002697,CUST00874,P0007,West,0.12,541.15,134.04,2024-11-25,3,204.98
O24-007660,CUST00466,P0019,East,0.08,706.65,125.88,2024-03-23,2,384.05
O24-008535,CUST00022,P0016,West,0.31,320.18,53.93,2024-09-13,7,66.29
O24-002328,CUST00195,P0016,West,0.1,59.35,11.89,2024-05-09,1,65.94
O24-008845,CUST01420,P0028,West,0.05,853.92,124.1,2024-06-22,2,449.43
O24-003416,CUST01009,P0006,East,0.12,1014.08,245.96,2024-03-18,3,384.12
O24-000062,CUST00169,P0011,East,0.09,329.02,78.65,2024-06-13,4,90.39010989
O24-008001,CUST00687,P0006,East,0,2768.22,710.44,2024-08-09,7,395.46
O24-004141,CUST01106,P0004,West,0.17,1543.22,263.7,2024-03-12,2,929.65
O24-006532,CUST00871,P0011,South,0.14,75,13.52,2024-03-21,1,87.21
O24-006460,CUST00668,P0016,North,0.12,108.56,28.36,2024-03-28,2,61.68
O24-005547,CUST00136,P0001,East,0.15,984.1,252.61,2024-01-26,1,1157.77
O24-002522,CUST00237,P0036,West,0.07,92.12,18.43,2024-11-19,5,19.81075269
O24-009461,CUST00135,P0039,West,0.05,26.64,4.99,2024-09-29,2,14.02
O24-005988,CUST00159,P0004,North,0.1,6602.47,1617.62,2024-09-03,8,917.01
O24-000744,CUST00402,P0040,North,0.04,30.34,5.59,2024-12-14,2,15.8
O24-008870,CUST00649,P0005,West,0.38,2906.5,525.12,2024-12-04,10,468.79
O24-009648,CUST01037,P0003,North,0.12,3683.64,902.45,2024-11-08,3,1395.318182
O24-005720,CUST00803,P0022,North,0.05,1247.35,181.79,2024-07-20,2,656.5
O24-000802,CUST00190,P0033,South,0.16,55.1,6.05,2024-11-27,5,13.12
O24-008435,CUST00183,P0015,East,0.14,45.5,11.42,2024-06-26,1,52.91
O24-007486,CUST01223,P0003,East,0.06,5238.02,1527.28,2024-11-18,4,1393.09
O24-007653,CUST00315,P0047,West,0,81.92,14,2024-09-03,8,10.24
O24-001774,CUST00752,P0046,West,0.08,5.46,1.11,2024-10-16,2,2.97
O24-009951,CUST00337,P0024,South,0.13,2254.24,151.27,2024-09-27,4,647.77
O24-004761,CUST01355,P0001,North,0.12,6135.89,1615.85,2024-04-19,6,1162.1
O24-008284,CUST01350,P0033,East,0.06,37.22,8.29,2024-08-24,3,13.2
O24-007561,CUST00496,P0023,West,0.04,514.96,77.27,2024-09-28,2,268.21
O24-001644,CUST00670,P0007,East,0.09,781.73,162.77,2024-08-05,4,214.76
O24-004875,CUST01464,P0028,West,0.19,1394.63,167.35,2024-04-21,4,430.44
O24-009902,CUST00027,P0016,East,0.04,196.04,49.01,2024-11-18,3,68.07
O24-002602,CUST00952,P0023,West,0.18,226.16,33.57,2024-11-19,1,275.8
O24-006016,CUST01413,P0030,East,0.08,260.38,45.25,2024-12-28,3,94.34
O24-005729,CUST00935,P0046,North,0.35,9.49,1.07,2024-04-23,5,2.92
O24-000423,CUST00778,P0015,North,0.36,291.23,53.73,2024-09-20,8,56.88
O24-006291,CUST00445,P0035,South,0.12,3.64,0.58,2024-05-16,1,4.14
O24-000838,CUST01346,P0042,West,0.11,24.29,4.04,2024-12-20,1,27.29
O24-004912,CUST01454,P0011,West,0.04,482.8,114.53,2024-02-06,6,83.82
O24-001127,CUST00404,P0010,North,0.12,76.87,19.31,2024-12-24,1,87.35
O24-003295,CUST00178,P0037,South,0.14,24.87,3.28,2024-08-03,2,14.46
O24-001947,CUST01202,P0014,East,0.03,156.29,34.68,2024-02-14,4,40.28
O24-001342,CUST00526,P0002,West,0.11,1338.1,305.11,2024-11-04,3,501.16
O24-008022,CUST00559,P0021,East,0.24,323.18,29.78,2024-07-13,2,212.6184211
O24-005111,CUST01363,P0043,East,0.13,68.12,11.58,2024-02-07,2,39.15
O24-001672,CUST00707,P0018,West,0.16,1093.4,134.46,2024-12-28,3,433.89
O24-005825,CUST00243,P0015,North,0.16,85.19,15.99,2024-10-08,2,50.71
O24-009400,CUST01045,P0040,North,0.34,10.05,1.28,2024-10-18,1,15.22
O24-009330,CUST00758,P0035,East,0.08,7.64,1.53,2024-05-22,2,4.15
O24-005563,CUST00777,P0024,South,0.13,578.98,77.88,2024-05-04,1,665.5
O24-003837,CUST01045,P0011,North,0.13,76.69,19.57,2024-01-30,1,88.15
O24-001074,CUST01012,P0040,West,0.15,12.95,2.47,2024-07-17,1,15.24
O24-003511,CUST01083,P0005,East,0.08,889.14,245.82,2024-07-04,2,483.23
O24-004473,CUST00980,P0003,South,0.17,3355.75,731.46,2024-11-28,3,1347.69
O24-004116,CUST00071,P0016,East,0.02,192.13,52.35,2024-01-22,3,65.35
O24-003700,CUST01457,P0007,East,0.06,789.79,185.86,2024-03-08,4,210.05
O24-007445,CUST00087,P0009,East,0.25,18.23,3.45,2024-04-30,1,24.31
O24-000502,CUST00768,P0005,North,0.22,740.44,131.66,2024-02-11,2,474.64
O24-002987,CUST00262,P0034,South,0.22,8.31,0.79,2024-02-10,1,10.65
O24-008518,CUST00550,P0034,East,0.2,49.78,9.01,2024-12-19,6,10.37
O24-006161,CUST01290,P0037,West,0.17,11.4,1.95,2024-08-27,1,13.74
O24-002031,CUST00209,P0047,South,0.11,8.94,1.15,2024-12-27,1,10.04
O24-001178,CUST00092,P0010,North,0.13,82.08,15.51,2024-01-22,1,94.35
O24-003279,CUST00894,P0010,South,0.24,284.82,45.38,2024-11-20,4,93.69
O24-005819,CUST00150,P0019,South,0.2,3147.04,217.16,2024-09-19,10,393.38
O24-006094,CUST00646,P0007,East,0.14,539.4,130.67,2024-06-28,3,209.07
O24-006685,CUST00054,P0044,North,0.03,15.74,2.96,2024-11-01,1,16.23
O24-001320,CUST00931,P0046,West,0.11,14.28,2.88,2024-12-16,5,3.21
O24-003220,CUST00710,P0032,East,0.06,1848.15,312.65,2024-02-06,4,491.53
O24-004893,CUST00286,P0043,East,0.09,172.31,33.41,2024-05-15,5,37.87
O24-008552,CUST00501,P0030,West,0.14,174.75,29.1,2024-05-27,2,101.6
O24-008582,CUST01486,P0019,South,0.19,320.31,19.33,2024-03-18,1,395.45
O24-009530,CUST00187,P0045,East,0.1,2.23,0.43,2024-01-14,1,2.48
O24-000713,CUST00314,P0006,East,0,1522.48,427.06,2024-06-13,4,380.62
O24-001803,CUST00459,P0005,South,0.12,2036.28,360.56,2024-09-10,5,462.79
O24-009712,CUST00498,P0008,North,0.12,1596.65,413.47,2024-07-27,3,604.79
O24-008293,CUST01446,P0022,East,0.07,1228.6,176.05,2024-11-05,2,660.54
O24-009981,CUST00130,P0036,West,0.06,19.26,3.87,2024-01-29,1,20.49
O24-001418,CUST00911,P0044,East,0.15,25.47,4.56,2024-12-04,2,14.98
O24-006480,CUST01023,P0028,North,0.15,748.85,105.82,2024-01-25,2,440.5
O24-003860,CUST00624,P0033,West,0.17,10.52,1.24,2024-01-14,1,12.67
O24-008069,CUST00794,P0029,South,0.17,1959.46,64.16,2024-06-29,8,295.1
O24-007748,CUST00280,P0006,East,0.06,360.63,107.46,2024-11-19,1,383.65
O24-002672,CUST01117,P0034,West,0.07,28.57,4.13,2024-07-31,3,10.24
O24-003780,CUST00494,P0001,West,0.1,2069.91,505.26,2024-08-22,2,1149.95
O24-002773,CUST00992,P0018,North,0.09,391.33,46.04,2024-04-19,1,430.03
O24-003333,CUST00213,P0020,South,0.06,266.4,26.87,2024-08-26,1,283.4
O24-006659,CUST01375,P0033,North,0.04,65.42,14.37,2024-09-25,5,13.63
O24-004951,CUST01017,P0039,South,0.16,11.5,0.97,2024-07-06,1,13.69
O24-002629,CUST00543,P0012,West,0.2,16.28,3.42,2024-08-20,1,20.35
O24-002600,CUST01458,P0005,East,0.06,1286.57,346.75,2024-12-26,3,456.23
O24-009511,CUST00428,P0013,West,0.05,36.29,9.49,2024-11-20,2,19.1
O24-008183,CUST00706,P0010,North,0.06,532.47,105.91,2024-06-17,6,94.41
O24-002374,CUST00828,P0020,South,0.16,214.69,20.14,2024-01-10,1,255.58
O24-002090,CUST01137,P0015,West,0.06,162.71,41.19,2024-12-18,3,57.7
O24-008031,CUST00338,P0040,West,0.15,38,5.67,2024-01-22,3,14.9
O24-000342,CUST00965,P0007,East,0.02,831.86,233.26,2024-01-14,4,212.21
O24-003552,CUST01180,P0013,East,0.17,32.93,7.79,2024-09-19,2,19.84
O24-004870,CUST00164,P0002  ,North,0.09,2572.07,640,2024-09-27,5,565.29
O24-003281,CUST00211,P0017,South,0.11,384.48,25.77,2024-05-15,2,216
O24-009058,CUST00411,P0011,West,0.14,217.8,48.61,2024-01-09,3,84.42
O24-000268,CUST00311,P0048,West,0.06,1.99,0.46,2024-11-08,1,2.12
O24-003709,CUST00837,P0016,East,0.04,122.07,28.66,2024-07-23,2,63.58
O24-005480,CUST00983,P0017,East,0.07,2830.03,422.25,2024-03-04,14,217.36
O24-007939,CUST01458,P0033,North,0.14,34.26,5.14,2024-10-20,3,13.28
O24-001915,CUST00691,P0011,North,0.02,86.87,21.99,2024-04-03,1,88.64
O24-001110,CUST01094,P0011,East,0.12,153.21,32.36,2024-09-26,2,87.05
O24-000053,CUST00385,P0002,North,0.12,932.98,277.32,2024-08-25,2,530.1
O24-000947,CUST00609,P0020,West,0.13,695.83,67.98,2024-07-11,3,266.6
O24-008157,CUST00334,P0047,North,0,9.09,1.65,2024-01-01,1,10.45
O24-004362,CUST01057,P0009,West,0.1,82.08,20.23,2024-09-13,4,22.8
O24-009376,CUST00850,P0013,West,0.32,39.07,8.33,2024-04-05,3,19.15
O24-000286,CUST01365,P0009,North,0.15,59.87,13.3,2024-01-20,3,23.48
O24-000453,CUST00142,P0014,North,0.19,32.9,6.98,2024-05-08,1,40.62
O24-002329,CUST01135,P0001,East,0.04,1154.69,297.16,2024-01-18,1,1202.8
O24-008135,CUST00124,P0040,North,0.08,14.05,2.67,2024-10-10,1,15.27
O24-000873,CUST00096,P0018,West,0.13,762.1,115.63,2024-08-12,2,437.99
O24-001592,CUST00155,P0035,West,0.06,4,0.81,2024-08-29,1,4.26
O24-009389,CUST00941,P0012,North,0.05,18.89,4.14,2024-04-01,1,19.88
O24-000621,CUST00219,P0022,West,0.14,583.99,44.96,2024-10-04,1,679.06
O24-001163,CUST01287,P0013,South,0.1,17.42,4.15,2024-04-29,1,19.36
O24-001442,CUST01153,P0011,North,0.04,81.72,20.42,2024-12-30,1,85.13
O24-000067,CUST00695,P0005,North,0.1,427.16,90.45,2024-01-23,1,474.62
O24-004776,CUST00832,P0035,South,0.13,3.43,0.48,2024-12-02,1,3.94
O24-009196,CUST00285,P0043,South,0.13,102.31,16.61,2024-08-09,3,39.2
O24-008237,CUST01472,P0018,West,0.13,373.45,40.47,2024-11-13,1,429.25
O24-009026,CUST00243,P0046,East,0.11,5.52,1.08,2024-08-09,2,3.1
O24-001422,CUST00266,P0021,North,0.12,413.99,67.25,2024-02-18,2,235.22
O24-006998,CUST01327,P0026,East,0.33,670.11,50.06,2024-12-09,2,500.08
O24-000129,CUST00342,P0006,West,0.1,1713.15,382.4,2024-01-07,5,380.7
O24-003301,CUST00106,P0006,East,0.13,982.59,164.87,2024-04-17,3,376.47
O24-005286,CUST00111,P0008,North,0.12,1037.73,238.65,2024-05-07,2,589.62
O24-005273,CUST00403,P0022,South,0.17,573.06,42.99,2024-09-14,1,690.43
O24-008931,CUST00995,P0036,East,0.15,18.39,3.35,2024-10-30,1,21.63
O24-002250,CUST00874,P0008,West,0.06,1074.21,281.58,2024-07-08,2,571.39
O24-009340,CUST00938,P0011,North,0.08,651.29,189.57,2024-09-11,8,88.49
O24-009689,CUST00650,P0038,East,0.22,44.77,5.19,2024-06-01,4,14.35
O24-004401,CUST01282,P0015,West,0.07,98.82,26.69,2024-07-10,2,53.13
O24-005193,CUST01341,P0015,West,0.01,313.04,63.83,2024-10-13,6,52.7
O24-002154,CUST00934,P0012,North,0.17,115.62,24.86,2024-03-07,7,19.9
O24-002951,CUST01498,P0047,South,0.12,25.87,3.32,2024-03-05,3,9.8
O24-008265,CUST01020,P0048,North,0.12,1.93,0.33,2024-05-06,1,2.19
O24-003546,CUST00633,P0033,North,0.27,90.27,13.05,2024-07-24,9,13.74
O24-005581,CUST01160,P0008,South,0.09,1597.13,272.38,2024-11-20,3,585.03
O24-007209,CUST00663,  P0018,West,0.06,400.69,40.04,2024-11-28,1,426.27
O24-006825,CUST00601,P0033,North,0,33.14,5.23,2024-12-20,3,13.81
O24-009243,CUST00450,P0002,East,0.07,1528.92,389.63,2024-12-21,3,548
O24-001298,CUST00014,P0039,East,0.18,11.22,1.66,2024-08-05,1,13.68
O24-000356,CUST00021,P0043,North,0.08,35.74,7.33,2024-01-26,1,38.85
O24-000442,CUST00191,P0017,West,0.11,798.33,110.47,2024-11-26,4,224.25
O24-001243,CUST00179,P0011,West,0.08,238.6,54.99,2024-09-15,3,86.45
O24-000878,CUST00889,P0028,East,0.16,1903.27,354.19,2024-05-10,5,453.16
O24-006151,CUST00649,P0037,North,0.21,62.99,11.48,2024-02-16,6,13.29
O24-001236,CUST00553,P0004,North,0.09,2373.19,532.04,2024-05-06,3,869.3
O24-000633,CUST00846,P0014,North,0.03,157.88,37.94,2024-09-11,4,40.69
O24-007223,CUST01078,P0042,South,0.1,53.32,7.95,2024-06-12,2,29.62
O24-003624,CUST01176, P0016 ,South,0.14,112.61,27.18,2024-08-16,2,65.47
O24-007842,CUST01008,P0011,East,0.27,183.57,40.51,2024-05-20,3,83.82
O24-003002,CUST00962,P0023,North,0.05,254.35,43.05,2024-09-02,1,267.74
O24-005393,CUST00502,P0036,East,0.23,17,2.03,2024-01-24,1,22.08
O24-000260,CUST01025,P0011,West,0.36,53.67,10.43,2024-12-26,1,83.86
O24-002297,CUST01325,P0010,North,0.14,236.12,49.91,2024-12-28,3,91.52
O24-001881,CUST00155,P0030,South,0.1,181.06,19.77,2024-08-30,2,100.59
O24-004189,CUST01346,P0008,North,0.17,500.81,116.57,2024-11-17,1,603.39
O24-005227,CUST01081,P0008,North,0.08,536.63,125.18,2024-05-21,1,583.29
O24-001572,CUST00459,P0016,North,0.16,219.54,44.15,2024-12-02,4,65.34
O24-000576,CUST01321,P0017,East,0.06,818.48,118.85,2024-11-30,4,217.68
O24-008627,CUST00494,P0004,North,0.11,2300.63,582.23,2024-05-26,3,861.66
O24-005216,CUST00193,P0031,East,0.24,594.92,65.73,2024-09-30,3,260.93
O24-009572,CUST01142,P0035,West,0.15,3.42,0.51,2024-12-03,1,4.02
O24-001426,CUST00929,P0001,North,0.06,1090.63,265.57,2024-12-20,1,1160.244681
O24-004908,CUST00795,P0037,East,0.11,12.22,2.48,2024-06-10,1,13.73
O24-007789,CUST00688,P0034,West,0.29,7.21,1.08,2024-09-20,1,10.15
O24-002826,CUST00877,P0009,East,0.3,51.64,8.24,2024-08-15,3,24.59
O24-002880,CUST00156,P0003,North,0.05,1333.93,321.67,2024-12-18,1,1404.14
O24-003956,CUST01435,P0046,North,0.15,11.05,1.6,2024-03-05,4,3.25
O24-007847,CUST01053,P0036,East,0.12,19.25,3.16,2024-03-09,1,21.88
O24-007088,CUST00930,P0046,West,0.14,2.59,0.38,2024-12-26,1,3.01
O24-006173,CUST00902,P0013,North,0.17,66.67,15.02,2024-03-07,4,20.08
O24-004450,CUST00375,P0038,North,0.1,12.25,2.23,2024-05-19,1,13.61
O24-005100,CUST00687,P0011,West,0.2,66.72,14.78,2024-11-25,1,83.4
O24-000385,CUST01262,P0045,West,0.13,9.4,1.31,2024-06-20,4,2.7
O24-009175,CUST00028,P0012,West,0.19,31.9,6.42,2024-09-10,2,19.69
O24-004090,CUST00998,P0024,East,0.05,1811.6,316.52,2024-07-31,3,635.65
O24-007639,CUST01236,P0012,East,0.03,79.04,17.27,2024-03-20,4,20.37
O24-004601,CUST01447,P0043,North,0.1,175.64,29.17,2024-03-12,5,39.03
O24-007000,CUST00361,P0029,North,0.13,482.54,74.61,2024-04-07,2,277.32
O24-001340,CUST00987,P0012,East,0,100.31,21.34,2024-08-20,6,20.64
O24-002006,CUST00984,P0016,North,0.05,122.07,30.69,2024-11-08,2,64.25
O24-008910,CUST00654,P0043,East,0,32.74,5.39,2024-10-07,1,38.07
O24-008468,CUST01267,P0048,East,0.1,5.78,1.17,2024-10-06,3,2.14
O24-009469,CUST00537,P0039,North,0.05,13.51,2.69,2024-11-06,1,14.22
O24-001522,CUST00669,P0032,North,0.21,781.88,72.55,2024-12-01,2,494.86
O24-008140,CUST01151,P0022,East,0.24,1424.48,190.73,2024-11-06,3,624.77
O24-009603,CUST00132,P0030,West,0.04,96.65,15.89,2024-05-26,1,100.68
O24-002068,CUST01267,P0006,West,0.11,343.74,72.74,2024-09-17,1,386.22
O24-006718,CUST00135,P0018,East,0.15,370.63,45.75,2024-10-13,1,436.04
O24-002714,CUST00407,P0030,South,0.26,72.75,3.95,2024-06-28,1,98.31
O24-002402,CUST00605,P0014,East,0.08,75.81,18.24,2024-01-12,2,41.2
O24-004751,CUST00653,P0020,South,0.24,1403.52,83.65,2024-05-07,7,263.82
O24-001666,CUST00849,P0047,East,0.16,25.15,5.58,2024-12-15,3,9.98
O24-005024,CUST00627,P0026,North,0.09,2805.18,464.6,2024-10-14,6,513.77
O24-007977,CUST00704,P0044,East,0.06,84.21,16.12,2024-02-29,6,14.93
O24-003762,CUST00951,P0001,West,0.05,4434.64,971.1,2024-10-04,4,1167.01
O24-001049,CUST00882,P0012,North,0.17,16.59,3.1,2024-05-02,1,19.99
O24-005918,CUST00695,P0009,North,0.11,103.6,21.64,2024-06-25,5,23.28
O24-003273,CUST01363,P0014,West,0.2,270.02,56.43,2024-03-11,8,42.19
O24-006886,CUST01180,P0010,North,0.04,88.16,24.54,2024-03-03,1,91.83
O24-008318,CUST01039,P0040,North,0.04,155.23,21.36,2024-12-26,11,14.7
O24-009089,CUST00959,P0009,East,0.12,62.86,14.64,2024-11-17,3,23.81
O24-002306,CUST01127,P0033,East,0.05,26.07,5.89,2024-12-25,2,13.72
O24-007429,CUST00385,P0016,North,0.14,54.46,12.17,2024-05-08,1,63.33
O24-004674,CUST01445,P0033,North,0.01,39.8,8.14,2024-01-25,3,13.4
O24-004470,CUST00108,P0040,North,0.27,69.25,10.56,2024-07-07,6,15.81
O24-009686,CUST01161,P0015,North,0.09,48.77,11.96,2024-01-06,1,53.59
O24-000408,CUST00110,P0020,South,0.14,227.78,22.86,2024-11-08,1,264.86
O24-003449,CUST00774,P0041,East,0.09,232.38,35.36,2024-02-23,8,31.92
O24-005960,CUST00698,P0040,West,0.06,14.34,2.53,2024-02-03,1,15.26
O24-001205,CUST00881,P0014,North,0.04,157.17,38.14,2024-08-20,4,40.93
O24-004647,CUST00066,P0014,West,0.1,149.33,33.74,2024-08-16,4,41.48
O24-004977,CUST01298,P0037,East,0.11,12.5,1.9,2024-12-14,1,14.05
O24-002850,CUST01420,P0046,North,0.16,4.87,0.6,2024-04-01,2,2.9
O24-004268,CUST00811,P0019,West,0.21,310.95,31.03,2024-08-09,1,393.61
O24-008617,CUST00912,P0018,North,0.07,1557.79,172.64,2024-03-14,4,418.76
O24-005398,CUST00567,P0024,West,0.01,1266.09,227.78,2024-08-15,2,639.44
O24-002670,CUST01082,P0024,West,0.08,3008.63,577.5,2024-07-05,5,654.05
O24-005956,CUST01068,P0025,North,0.21,2061.78,218.3,2024-07-09,5,521.97
O24-007386,CUST01211,P0004,West,0.09,3233.12,766.29,2024-06-18,4,888.22
O24-000313,CUST00122,P0039,West,0.07,27.12,5.03,2024-04-26,2,14.58
O24-007814,CUST00852,P0024,West,0,2892.82,378.74,2024-05-05,5,672.75
O24-004664,CUST00179,P0023,South,0.11,1229.18,167.92,2024-09-26,5,276.22
O24-009685,CUST01268,P0019,West,0.09,351.78,50.34,2024-04-30,1,386.57
O24-003380,CUST00062,P0020,West,0,266.39,55.25,2024-10-07,1,266.39
O24-001663,CUST01210,P0031,South,0.14,221.14,17.18,2024-11-16,1,257.14
O24-007743,CUST00361,P0007,East,0.06,371.81,83.03,2024-01-19,2,197.77
O24-007701,CUST01079,P0017,East,0.03,1095.76,113.55,2024-11-09,5,225.93
O24-003171,CUST00223,P0002  ,South,0.23,2448.46,380.24,2024-06-16,6,529.97
O24-001913,CUST00701,P0044,East,0.11,54.4,10.14,2024-01-06,4,15.28
O24-005873,CUST01098,P0038,North,0.12,38.33,6.65,2024-10-22,3,14.52
O24-000192,CUST01243,P0023,West,0.23,426.09,36.24,2024-03-17,2,276.68
O24-007193,CUST01388,P0013,North,0.08,36.23,7.5,2024-08-27,2,19.69
O24-005385,CUST00304,P0033,West,0.06,36.97,7.62,2024-10-13,3,13.11
O24-009653,CUST00017,P0016,South,0.06,312.55,63.86,2024-07-01,5,66.5
O24-007611,CUST00429,P0007,West,0.2,474.38,99.45,2024-07-01,3,197.66
O24-001122,CUST00530,P0006,West,0.15,1976.35,518.19,2024-01-26,6,387.5196078
O24-000634,CUST00978,P0026,North,0.04,1909.59,339.57,2024-11-25,4,497.29
O24-005019,CUST00354,P0016,North,0.12,112.71,22.4,2024-04-25,2,64.04
O24-005934,CUST01224,P0009,North,0.12,21.21,4.61,2024-05-22,1,24.1
O24-001870,CUST01077,P0013  ,South,0.18,16.87,2.45,2024-11-15,1,20.57
O24-004882,CUST00203,P0037,North,0.08,50.89,10.47,2024-04-24,4,13.83
O24-007672,CUST00791,P0048,North,0.15,1.83,0.31,2024-10-21,1,2.15
O24-002966,CUST00561,P0047,South,0,36.62,5.11,2024-05-20,4,10.06
O24-000655,CUST00203,P0007,North,0.1,549.88,130.44,2024-11-20,3,203.66
O24-005669,CUST00560,P0034,East,0.12,18.34,3.46,2024-08-12,2,10.42
O24-009379,CUST00344,P0017,North,0.01,863.48,127.58,2024-11-27,4,218.05
O24-008773,CUST00659,P0048,East,0.09,15.22,2.97,2024-07-25,8,2.09
O24-004939,CUST00601,P0031,North,0.14,678.18,82.71,2024-12-14,3,262.86
O24-000952,CUST00713,P0003,East,0.19,1117.15,239.48,2024-06-04,1,1379.2
O24-008130,CUST00748,P0032,West,0,878.72,166,2024-12-04,2,488.18
O24-006242,CUST00225,P0006,West,0.09,2607.84,564.24,2024-03-08,8,358.22
O24-003037,CUST01492,P0007,South,0,168.85,29.47,2024-05-12,1,213.74
O24-005527,CUST00396,P0005,East,0.32,653.38,111.06,2024-05-30,2,480.43
O24-009357,CUST00683,P0030,South,0.05,185.93,24.28,2024-08-01,2,97.86
O24-000425,CUST00014,P0015,East,0.06,147.97,42.65,2024-09-17,3,52.47
O24-004739,CUST00677,P0027,East,0.07,670.55,127.77,2024-05-01,6,120.17
O24-003643,CUST00360,P0008,West,0.14,2510.94,640.33,2024-07-23,5,583.94
O24-003583,CUST00460,P0003,West,0.2,3235.22,637.07,2024-05-04,3,1348.01
O24-008623,CUST00929,P0020,East,0.17,440.91,48.22,2024-08-11,2,265.61
O24-000279,CUST00457,P0002,West,0.31,1071.02,195.09,2024-08-27,3,517.4
O24-001836,CUST01196,P0024,West,0.07,600.78,74.48,2024-01-17,1,646
O24-004149,CUST00433,P0009,North,0.09,22.3,5.96,2024-12-15,1,24.5
O24-006391,CUST00900,P0047,North,0.16,16.68,2.16,2024-09-17,2,9.93
O24-009499,CUST01487,P0009,West,0.13,84.77,21.05,2024-05-27,4,24.36
O24-001646,CUST01336,P0005,East,0.23,724.83,131.89,2024-06-04,2,470.67
O24-007007,CUST01469,P0002,South,0.15,3654.93,617.85,2024-11-02,8,537.49
O24-005795,CUST00021,P0017,North,0.09,191.09,22.81,2024-04-28,1,209.99
O24-008803,CUST01125,  P0026,West,0.24,401.51,39.45,2024-10-10,1,528.3
O24-000195,CUST00764,P0014,West,0.26,56.92,14.43,2024-12-18,2,38.46
O24-005396,CUST00670,P0014,East,0.08,70.03,17.17,2024-11-06,2,38.06
O24-009714,CUST00874,P0004,West,0.1,3976.56,1079.96,2024-06-03,5,883.68
O24-002637,CUST01357,P0003,South,0.06,5157.07,1051.77,2024-12-16,4,1371.56
O24-006779,CUST01470,P0046,North,0,6.04,1.27,2024-03-08,2,3.02
O24-005402,CUST00534,P0044,South,0.16,12.6,1.57,2024-05-24,1,15
O24-006939,CUST00406,P0041,East,0.1,58.19,10.88,2024-04-24,2,32.33
O24-004817,CUST01137,P0034,North,0.1,16.9,2.86,2024-01-24,2,9.39
O24-009874,CUST01096,P0009,South,0.21,18.3,4.24,2024-07-11,1,23.16
O24-003723,CUST01035,P0011,West,0.05,168.81,42.58,2024-12-20,2,88.85
O24-001102,CUST00925,P0048,West,0.15,3.69,0.76,2024-12-09,2,2.17
O24-006527,CUST00052,P0027,North,0.2,109.01,15.75,2024-06-23,1,136.26
O24-002171,CUST00498,P0033,West,0.23,21.07,3.02,2024-12-29,2,13.68
O24-002026,CUST00661,P0045,North,0.04,2.52,0.41,2024-12-09,1,2.63
O24-004343,CUST01429,P0026,East,0.11,1312.44,134.81,2024-07-01,3,491.55
O24-003689,CUST00821,P0025,South,0.07,959.65,106.49,2024-08-06,2,515.94
O24-006041,CUST01283,P0009,North,0.04,66.61,14.48,2024-01-04,3,23.13
O24-009958,CUST00391,P0003,South,0.19,2228.7,364.41,2024-09-12,2,1375.74
O24-008579,CUST00562,P0019,West,0.2,315.91,49.54,2024-09-18,1,394.8875
O24-004799,CUST01332,P0036,East,0.06,98.93,15.17,2024-07-22,5,21.05
O24-001337,CUST00285,P0011,East,0.02,181.99,45.11,2024-11-23,2,92.85
O24-000871,CUST01273,P0014,North,0.06,38.93,9.79,2024-01-07,1,41.41
O24-008279,CUST00426,P0043,South,0.15,101.87,12.74,2024-01-02,3,39.94901961
O24-004767,CUST01323,P0024,West,0.09,1182.65,200.65,2024-07-22,2,649.81
O24-008457,CUST00597,P0036,East,0.16,36.93,7.12,2024-09-09,2,21.98
O24-005910,CUST00158,P0037,South,0.12,12.34,1.39,2024-02-26,1,14.02
O24-009287,CUST01361,P0003,North,0.15,3268.54,680.82,2024-08-19,3,1281.78
O24-003491,CUST00333,P0044,South,0.2,11.86,1.33,2024-12-21,1,14.83
O24-003085,CUST00116,P0041,South,0.09,205.5,22.88,2024-07-28,7,32.26
O24-006778,CUST00347,P0019,East,0.16,655.47,62.46,2024-08-14,2,390.16
O24-006889,CUST00801,P0035,West,0.06,7.9,1.55,2024-08-19,2,4.2
O24-004538,CUST00707,P0044,South,0.13,13.24,2.04,2024-02-04,1,15.22
O24-009236,CUST00176,P0012,West,0.03,151.94,35.72,2024-04-26,8,19.58
O24-007589,CUST00063,P0005,East,0.12,406.74,72.14,2024-10-19,1,462.2
O24-006432,CUST00973,P0003,North,0.11,1168.82,239.26,2024-10-20,1,1313.28
O24-000573,CUST00135,P0007,South,0.24,160.18,17.01,2024-06-24,1,210.76
O24-009132,CUST01356,P0036,East,0,85.24,15.86,2024-11-17,4,21.31
O24-007846,CUST00700,P0020,West,0.11,976.97,157.62,2024-06-04,4,274.43
O24-003502,CUST00199,P0044,North,0.02,205.66,34.25,2024-09-15,14,14.99
O24-002321,CUST01159,P0004,East,0.16,4637.96,1269.86,2024-08-31,6,920.23
O24-005987,CUST01386,P0010,South,0.33,305.15,36.71,2024-01-21,5,91.09
O24-005165,CUST00363,P0002,East,0.06,3526.75,842.72,2024-02-02,7,535.98
O24-005438,CUST00936,P0015,South,0.18,88.81,17.26,2024-02-25,2,54.15
O24-003459,CUST01265,P0040,East,0.07,27.73,5.39,2024-11-29,2,14.91
O24-005173,CUST00742,P0022,East,0.29,957.79,76.08,2024-12-05,2,674.5
O24-005340,CUST00097,P0003,North,0.16,3358.13,740.65,2024-04-10,3,1332.59
O24-002119,CUST00820,P0010,West,0.16,473.91,104.89,2024-12-15,6,94.03
O24-001452,CUST00573,P0010,West,0.05,178.26,50.59,2024-06-18,2,93.82
O24-009980,CUST00225,P0034,East,0.15,34.17,6.49,2024-07-26,4,10.05
O24-003959,CUST00934,P0013,East,0.28,54.92,10.2,2024-11-08,4,19.07
O24-008982,CUST00550,P0045,West,0.32,3.48,0.35,2024-04-27,2,2.56
O24-006327,CUST01070,P0024,East,0.11,2165.01,363.05,2024-11-04,4,608.15
O24-002920,CUST01314,P0015,South,0.13,48.27,8.23,2024-05-18,1,55.48
O24-000418,CUST00039,P0038,East,0.09,53.25,9.16,2024-05-07,4,14.63
O24-005125,CUST01415,P0043,West,0.35,23.59,2.05,2024-10-11,1,36.29
O24-002744,CUST01016,P0045,North,0.12,10.74,1.92,2024-07-13,5,2.44
O24-003132,CUST01131,P0008,North,0.14,484.38,125.48,2024-01-05,1,563.23
O24-004415,CUST00739,P0023,South,0.15,235.89,13.81,2024-03-29,1,277.52
O24-001032,CUST00204,P0005,North,0.08,837.51,208.76,2024-12-04,2,455.17
O24-009984,CUST01239,P0001,West,0,4611.2,1219.87,2024-07-29,4,1152.8
O24-007369,CUST00699,P0019,East,0.12,698.51,71.94,2024-05-17,2,396.88
O24-009402,CUST00896,P0016,East,0.11,284.58,62.24,2024-12-30,5,63.95
O24-003982,CUST01361,P0039,North,0.04,26.09,5.14,2024-08-07,2,13.59
O24-008947,CUST00728,P0034,North,0.16,24.12,3.22,2024-08-05,3,9.57
O24-008496,CUST01005,P0004,North,0.06,842.65,194.54,2024-03-01,1,896.44
O24-001576,CUST01315,P0046,North,0.1,2.74,0.44,2024-12-19,1,3.05
O24-002366,CUST00467,P0009,North,0.13,102.53,21.73,2024-09-24,5,23.57
O24-001885,CUST00575,P0015,South,0.2,167.33,35.68,2024-11-25,4,52.29
O24-008369,CUST00223,P0017,South,0.11,354.1,15.41,2024-01-04,2,198.93
O24-006766,CUST00457,P0015,East,0.09,150.61,35.44,2024-12-22,3,55.17
O24-009310,CUST00724,P0018,South,0.31,1808.81,113.36,2024-11-09,6,436.91
O24-002162,CUST00578,P0013,South,0.18,16.1,3.18,2024-08-11,1,19.64
O24-005796,CUST00890,P0038,West,0.24,29.89,3.45,2024-07-01,3,13.11
O24-002834,CUST00311,P0027,West,0.35,79.15,1.78,2024-10-18,1,121.7692308
O24-002437,CUST01434,P0014,East,0,40.58,10.56,2024-06-10,1,40.58
O24-009325,CUST00470,P0024,South,0.07,1259.31,190.23,2024-08-29,2,677.05
O24-005129,CUST01238,P0009,East,0.19,36.61,6.62,2024-07-13,2,22.6
O24-005403,CUST01415,P0004,South,0,3452.8,576.43,2024-05-06,5,896.83
O24-005056,CUST00143,P0047,West,0.05,58.94,12.38,2024-03-22,6,10.34
O24-004958,CUST00631,P0003,East,0.16,1100.53,259.9,2024-02-28,1,1310.16
O24-001765,CUST01488,P0042,East,0.13,49.14,9.81,2024-01-29,2,28.24
O24-005615,CUST00336,P0015,West,0.1,146.18,35.86,2024-11-18,3,54.14
O24-004727,CUST00665,P0030,North,0.14,91.61,11.5,2024-12-31,1,106.52
O24-001837,CUST00417,P0038,East,0.16,12.31,2.21,2024-05-13,1,14.65
O24-003374,CUST00908,P0042,East,0.16,24.27,3.26,2024-05-13,1,28.89
O24-003263,CUST00001,P0019,North,0.16,345.1,35.36,2024-06-04,1,410.83
O24-002991,CUST00154,P0014,South,0.1,186.34,39.98,2024-08-20,5,41.41
O24-009645,CUST00141,P0032,East,0.13,404.82,63.97,2024-09-23,1,465.31
O24-000823,CUST00879,P0036  ,North,0.18,51.98,7.18,2024-01-13,3,21.13
O24-005684,CUST01352,P0003,North,0.14,6104.06,1375.88,2024-04-18,5,1419.55
O24-009231,CUST00432,P0020,East,0.18,912.73,111.83,2024-01-14,4,278.27
O24-008461,CUST00359,P0044,North,0.16,25.2,4.63,2024-01-12,2,15
O24-009853,CUST00677,P0020,West,0.1,944.42,161.6,2024-05-13,4,262.34
O24-000650,CUST00912,P0004,North,0.1,4860.32,1173.72,2024-03-06,6,900.06
O24-007253,CUST01472,P0030,North,0.24,76.36,9.27,2024-09-27,1,100.48
O24-004940,CUST01071,P0040,East,0.2,11.95,2.22,2024-05-19,1,14.94
O24-005966,CUST00719,P0028,West,0.17,1830.52,187.96,2024-03-10,5,441.09
O24-003428,CUST00964,P0043,North,0.07,36.52,7.19,2024-09-10,1,39.27
O24-006928,CUST00232,P0015,East,0.03,319.93,80.92,2024-04-01,6,54.97
O24-005062,CUST01078,P0027,East,0.08,118.93,16.28,2024-09-04,1,129.27
O24-007003,CUST01068,P0022,West,0.23,5123.89,562.59,2024-03-08,10,665.44
O24-004867,CUST01233,P0007,East,0.14,904.25,189.33,2024-04-19,5,210.29
O24-004377,CUST01425,P0038,East,0.05,13.43,2.22,2024-09-14,1,14.14
O24-001741,CUST00856,P0019,East,0.2,1621.84,235.76,2024-10-15,5,405.46
O24-000413,CUST00804,P0041,West,0.18,27.44,5.48,2024-01-12,1,33.46
O24-007202,CUST00401,P0006,East,0.05,727.3,203.9,2024-10-11,2,382.79
O24-004980,CUST00448,P0012,West,0.12,73.71,18.47,2024-12-27,4,20.94
O24-007452,CUST01160,P0005,South,0.08,2246.27,520.08,2024-04-03,5,488.32
O24-000431,CUST01087,P0037,West,0.11,47.63,8.51,2024-07-02,4,13.38
O24-009181,CUST01133,P0038,East,0.13,35.89,6.62,2024-11-04,3,13.75
O24-008569,CUST01105,P0013,East,0.13,51.52,10.92,2024-09-30,3,19.74
O24-003415,CUST00520,P0016,North,0.31,128.86,25.67,2024-01-26,3,62.25
O24-006038,CUST00283,P0018,East,0.13,365.7,43.46,2024-12-18,1,420.34
O24-007662,CUST01055,P0002,East,0.37,650.95,115.98,2024-06-03,2,516.63
O24-006943,CUST00881,P0039,West,0.1,24.03,4.49,2024-11-25,2,13.35
O24-006563,CUST00717,P0033,East,0.13,48.62,8.62,2024-02-04,4,13.97
O24-000508,CUST00599,P0034,West,0.07,18.54,3.26,2024-01-01,2,9.97
O24-008267,CUST00013,P0008,West,0.3,803.19,144.71,2024-03-19,2,573.71
O24-003505,CUST01056,P0017,West,0.22,490.18,55.48,2024-08-17,3,209.48
O24-006295,CUST01341,P0025,East,0.04,982.43,181.09,2024-11-22,2,511.68
O24-008288,CUST01481,P0047,East,0.06,28.96,6.28,2024-08-29,3,10.27
O24-004628,CUST00383,P0024,East,0.11,2421.05,339.65,2024-12-18,4,680.07
O24-006500,CUST00321,P0011,North,0.11,232.69,56.05,2024-06-07,3,87.15
O24-002902,CUST01358,P0015,South,0.13,179.71,32.35,2024-06-11,4,51.64
O24-006278,CUST01182,P0005,South,0.2,2272.08,339.42,2024-01-26,6,473.35
O24-002389,CUST00217,P0005,East,0.05,3200.38,775.95,2024-04-07,7,481.26
O24-001578,CUST01156,P0041,South,0.34,64.84,7.1,2024-06-07,3,32.75
O24-002053,CUST01429,P0018,North,0,1231.32,164.37,2024-03-11,3,446.13
O24-002829,CUST00327,P0033,North,0.1,12.47,2.41,2024-09-26,1,13.86
O24-003653,CUST01312,P0014,East,0.13,336.43,73.12,2024-07-29,10,38.67
O24-003655,CUST01019,P0047,North,0.11,28.01,4.06,2024-04-11,3,10.49
O24-008478,CUST00773,P0002,North,0.12,456.98,123.22,2024-09-10,1,519.3
O24-000149,CUST00648,P0004,South,0.17,763.23,153.6,2024-01-11,1,919.55
O24-001258,CUST00391,P0030,South,0.19,311.69,19.04,2024-08-03,4,96.2
O24-001239,CUST00093,P0032,East,0.01,948.26,145.3,2024-04-21,2,478.92
O24-008694,CUST00878,P0036,North,0.3,14.16,1.52,2024-07-13,1,20.23
O24-002787,CUST01130,P0045,North,0.07,7.09,1.4,2024-07-31,3,2.54
O24-000468,CUST00920,P0011,East,0.13,632.11,119.42,2024-07-24,8,90.82
O24-004190,CUST01021,P0007,West,0.1,1846.44,444.11,2024-05-31,10,205.16
O24-009111,CUST00537,P0002,North,0.12,1325.17,302.8,2024-12-13,3,501.96
O24-002122,CUST01449,P0023  ,West,0.11,506.89,72.23,2024-03-07,2,284.77
O24-002302,CUST01128,P0046,North,0.19,5.05,0.66,2024-05-17,2,3.12
O24-001109,CUST01279,P0001,East,0.11,6260.35,1489.69,2024-07-08,6,1172.35
O24-006783,CUST00884,P0026,East,0.08,1941.46,299.1,2024-03-09,4,527.57
O24-000183,CUST00918,P0001,West,0.22,892.65,201.99,2024-08-03,1,1144.42
O24-003115,CUST00766,P0037,North,0.14,36.35,5.32,2024-09-10,3,14.09
O24-006529,CUST00025,P0025,West,0.25,389.33,40.22,2024-08-22,1,519.11
O24-009285,CUST00627,P0002,West,0.16,470.01,116.37,2024-04-07,1,559.54
O24-008401,CUST01322,P0018,East,0.09,821.64,130.31,2024-11-03,2,451.45
O24-002707,CUST01026,P0026,North,0.18,1245.92,113.74,2024-06-28,3,506.47
O24-002968,CUST00195,P0011,East,0.06,470.55,105.03,2024-09-16,6,83.43
O24-007284,CUST00742,P0041,East,0.06,298.92,62.92,2024-09-24,10,31.8
O24-006507,CUST01115,P0002,West,0.04,1107.34,283.84,2024-04-02,2,576.74
O24-005369,CUST00898,P0027,North,0.16,323.69,19.59,2024-12-21,3,128.45
O24-003842,CUST01414,P0045,South,0.12,4.73,0.66,2024-09-30,2,2.69
O24-004993,CUST01241,P0011,North,0.06,247.51,55.18,2024-08-06,3,87.77
O24-005786,CUST00499,P0026,West,0.15,429.85,53.21,2024-04-26,1,505.71
O24-003286,CUST01475,P0016,West,0.33,263.91,47.35,2024-11-27,6,65.64925373
O24-008011,CUST00562,P0035,West,0.32,2.75,0.35,2024-11-09,1,4.04
O24-002711,CUST00588,P0008,South,0.08,2195.6,445.53,2024-12-10,4,596.63
O24-005520,CUST00546,P0039,South,0.12,60.24,8.62,2024-04-21,5,13.69
O24-003119,CUST01013,P0022,East,0.1,1226.36,169.92,2024-08-02,2,681.31
O24-006471,CUST01365,P0039,East,0.04,27.65,6.39,2024-05-14,2,14.4
O24-004038,CUST00744,P0015,West,0.18,88.43,18.44,2024-07-17,2,53.92
O24-001548,CUST01457,P0018,North,0.11,797.17,94.92,2024-06-08,2,447.85
O24-009030,CUST00481,P0033,North,0.22,40.56,6.97,2024-11-02,4,13
O24-000528,CUST01092,P0016,North,0.05,123.75,33.46,2024-02-06,2,65.13
O24-007205,CUST01270,P0027,West,0.07,563.12,89.8,2024-11-02,5,121.1
O24-007076,CUST00559,P0007,East,0.13,1456.73,316.16,2024-01-05,8,209.3
O24-002671,CUST01144,P0011,South,0.15,74.71,14.51,2024-06-16,1,87.89
O24-008953,CUST00010,P0030,East,0.1,378.04,42.29,2024-04-10,4,105.0111111
O24-005301,CUST00868,P0010,East,0.09,172.88,46.33,2024-11-14,2,94.99
O24-006642,CUST00598,P0004,West,0.07,3406.78,848.54,2024-11-12,4,915.8
O24-004842,CUST00849,P0008,West,0.09,2619.39,653.01,2024-08-10,5,575.69
O24-009354,CUST00837,P0030,North,0.15,265.2,36.36,2024-05-31,3,104
O24-008446,CUST01301,P0012,West,0.21,31.71,7.32,2024-10-14,2,20.07
O24-001821,CUST00983,P0036,South,0.06,217.24,43.91,2024-03-30,11,21.01
O24-003182,CUST01164,P0011,North,0,258.36,71.19,2024-01-22,3,86.12
O24-001874,CUST01091,P0024,South,0.13,1700.47,147.41,2024-10-12,3,651.52
O24-001336,CUST00100,P0013,East,0.1,108.65,26,2024-01-29,6,20.12
O24-003161,CUST01169,P0009,West,0.13,20.43,4.28,2024-10-12,1,23.48
O24-006785,CUST01263,P0013,North,0.11,35.9,10.1,2024-10-04,2,20.17
O24-000999,CUST00213,P0018,South,0.07,848.74,114.78,2024-01-18,2,456.31
O24-000681,CUST00904,P0006,South,0.25,1472.1,194.7,2024-09-20,5,392.56
O24-009428,CUST01420,P0012,North,0.18,16.82,3.86,2024-11-29,1,20.51
O24-002688,CUST00768,P0047,North,0.1,28.22,5.19,2024-07-18,3,10.45
O24-001713,CUST00832,P0004,West,0.09,818.64,208.78,2024-10-08,1,899.6
O24-004084,CUST00915,P0024,North,0.05,3015.68,321.26,2024-05-18,5,634.88
O24-008538,CUST01026,P0026,East,0.12,2261.07,292.3,2024-12-08,5,513.88
O24-005138,CUST00208,P0020,West,0.14,1145.86,131.79,2024-11-30,5,266.48
O24-005209,CUST00548,P0015,West,0.15,230.05,46.62,2024-03-08,5,54.13
O24-009039,CUST00587,P0030,North,0.07,780.98,132.4,2024-05-21,8,104.9704301
O24-006887,CUST00194,P0023,North,0.1,254.06,43.44,2024-03-24,1,282.29
O24-008856,CUST00445,P0016,West,0.22,103.76,23.58,2024-05-03,2,66.51
O24-008974,CUST00837,P0039,East,0.26,43.6,7.82,2024-10-29,4,14.73
O24-002230,CUST00485,P0003,West,0.07,2568.36,559.32,2024-01-23,2,1380.84
O24-009836,CUST00722,P0007,North,0.27,780.3,157.07,2024-12-28,5,213.78
O24-005777,CUST00716,P0001,North,0.23,9294.21,2348.62,2024-11-18,10,1207.04
O24-001693,CUST01066,P0030,North,0.04,582.22,65.11,2024-03-23,6,101.08
O24-009477,CUST01052,P0009,West,0.13,85.4,18.55,2024-12-27,4,24.54
O24-008968,CUST01490,P0034,East,0.03,77.52,16.33,2024-02-18,8,9.99
O24-004398,CUST01024,P0003,South,0.17,2246.83,456.21,2024-04-10,2,1353.51
O24-008103,CUST00633,P0030,East,0.02,401.68,63,2024-09-17,4,102.47
O24-009801,CUST00477,P0025,South,0.14,457.14,33.74,2024-12-05,1,531.56
O24-002533,CUST00212,P0032,East,0.13,2146.64,312,2024-09-23,5,493.48
O24-002022,CUST00372,P0038,South,0.12,62.52,8.86,2024-07-23,5,14.20909091
O24-005942,CUST01399,P0018,South,0.14,388.3,34.39,2024-05-27,1,451.51
O24-004151,CUST00687,P0005,South,0.16,1162.93,199.84,2024-09-03,3,461.48
O24-005702,CUST00633,P0009,North,0.13,104.53,25.48,2024-10-05,5,24.03
O24-003589,CUST00347,P0035,North,0.09,10.89,2.28,2024-01-06,3,3.99
O24-003630,CUST00210,P0044,West,0.1,109.15,22.61,2024-05-23,8,15.16
O24-006950,CUST00309,P0002,North,0.08,5309.05,1170.2,2024-08-16,11,524.61
O24-004928,CUST00974,P0007,South,0.08,1105.71,229.45,2024-05-26,6,200.31
O24-004370,CUST00832,P0043,South,0.19,126.59,14.28,2024-09-05,4,39.07
O24-001834,CUST00303,P0006,West,0.07,697.18,166.34,2024-08-15,2,374.83
O24-005093,CUST00494,P0005,East,0.14,380.22,89.93,2024-12-08,1,442.12
O24-000472,CUST00307,P0048,West,0.07,4.13,0.88,2024-06-07,2,2.22
O24-001129,CUST00695,P0005,West,0.24,2781.24,584.7,2024-01-26,8,457.44
O24-000769,CUST00651,P0020,East,0.19,662.42,88.17,2024-08-23,3,272.6
O24-009676,CUST00824,P0011,South,0.13,78.53,15.27,2024-01-06,1,90.26
O24-002500,CUST00455,P0029,East,0.21,635.63,72.25,2024-07-27,3,268.2
O24-008994,CUST00877,P0013,West,0.08,108.14,24.89,2024-01-27,6,19.59
O24-005578,CUST01136,  P0002,East,0.07,481.14,121.12,2024-02-22,1,517.36
O24-008486,CUST01442,P0021,West,0.05,1062.86,180.85,2024-11-23,5,223.76
O24-004831,CUST00503,P0039,West,0.09,26.75,4.55,2024-05-20,2,14.7
O24-001034,CUST00762,P0034  ,West,0.07,75.66,16.58,2024-12-09,8,10.17
O24-001841,CUST00008,P0013,East,0.13,67.13,15.53,2024-12-06,4,19.29
O24-002687,CUST01186,P0023,North,0.08,232.24,28,2024-04-06,1,252.44
O24-008169,CUST00682,P0022,South,0.16,1132.72,18.89,2024-07-10,2,674.24
O24-000191,CUST01347,P0029,North,0.06,259.54,39.8,2024-10-31,1,276.106383
O24-006114,CUST00922,P0031,South,0.13,708.43,59.73,2024-02-10,3,271.43
O24-000698,CUST00012,P0026  ,East,0.08,454.23,80.99,2024-01-28,1,493.73
O24-003701,CUST01250,P0034,North,0.1,27.94,5.44,2024-07-21,3,10.35
O24-005366,CUST00031,P0019,South,0.1,2160.27,247.41,2024-08-31,6,400.05
O24-005518,CUST01396,P0025,North,0.1,469.04,65.92,2024-12-06,1,521.15
O24-001331,CUST00291,P0006,South,0.13,682.64,147.48,2024-03-09,2,392.32
O24-007981,CUST01049,P0042,West,0.22,88.89,11.63,2024-05-01,4,28.49
O24-002908,CUST01169,P0038,West,0.31,9.58,1.2,2024-12-23,1,13.89
O24-003395,CUST00486,P0016,North,0.03,258.6,57.05,2024-12-24,4,66.65
O24-007735,CUST00031,P0039,East,0.31,18.64,2.55,2024-03-06,2,13.51
O24-003422,CUST00922,P0021,North,0.08,995.81,124.53,2024-08-16,5,216.48
O24-006946,CUST01366,P0009,West,0.13,43.97,10.38,2024-06-09,2,25.27
O24-008636,CUST00049,P0042,West,0.03,105.15,21.86,2024-12-25,4,27.1
O24-007719,CUST01483,P0019,East,0.06,374.93,55.21,2024-05-23,1,398.86
O24-008801,CUST01021,P0033,West,0.28,9.79,1.24,2024-12-15,1,13.6
O24-003188,CUST00582,P0031,West,0.14,456.52,45.1,2024-01-17,2,265.42
O24-007781,CUST00118,P0003,North,0.09,4943.45,1263.69,2024-05-28,4,1358.09
O24-006419,CUST00178,P0046,East,0.3,8.71,1.5,2024-01-19,4,3.11
O24-005394,CUST00166,P0009,West,0.13,171.7,43.15,2024-11-26,8,24.67
O24-009771,CUST01364,P0007,South,0.27,299.17,52.95,2024-07-21,2,204.91
O24-003792,CUST00485,P0021,North,0.22,1042.42,123.43,2024-03-20,6,222.74
O24-007499,CUST01420,P0029,West,0.09,1127.2,132.92,2024-12-30,4,309.67
O24-005552,CUST00427,P0013,North,0.12,34.04,7.08,2024-02-04,2,19.34
O24-006445,CUST00529,P0009,North,0.06,110.12,29.22,2024-01-22,5,23.43
O24-000618,CUST00201,P0047,East,0.06,9.34,1.77,2024-01-15,1,9.94
O24-000290,CUST00492,P0006,East,0.09,702.77,182.17,2024-05-31,2,386.14
O24-006149,CUST01048,P0039,North,0.06,38.63,7.35,2024-09-07,3,13.7
O24-008633,CUST01448,P0026,West,0.07,1846.35,347.5,2024-08-12,4,496.33
O24-008134,CUST00371,P0032,South,0.11,877.82,103.35,2024-12-13,2,493.16
O24-001852,CUST01420,P0022,West,0.14,5587.59,872.88,2024-03-31,10,649.72
O24-004627,CUST00814,P0043,South,0.1,66.87,8.67,2024-08-12,2,37.15
O24-008544,CUST01183,P0008,West,0.06,1100.74,301.36,2024-09-09,2,585.5
O24-006556,CUST00652,P0009,West,0.05,45.75,9.88,2024-12-05,2,24.08
O24-008023,CUST00034,P0007,West,0.16,1882.47,379.01,2024-08-03,11,203.73
O24-009356,CUST01462,P0041,West,0.07,60.99,11.34,2024-12-14,2,32.79
O24-000098,CUST00267,P0036,North,0.33,83.62,12.22,2024-10-05,6,20.8
O24-008165,CUST00381,P0013,North,0.07,178.75,37.43,2024-12-27,10,19.22
O24-004824,CUST00096,P0002,North,0.1,502.02,114.1,2024-08-01,1,557.8
O24-007665,CUST00207,P0043,North,0.18,64.5,9.69,2024-10-03,2,39.33
O24-002706,CUST00096,P0006,South,0.17,982.95,183.73,2024-12-06,3,394.76
O24-007421,CUST00751,P0007,West,0.08,570.82,138,2024-07-13,3,206.82
O24-004015,CUST01416,P0013,East,0.03,37.99,8.09,2024-02-29,2,19.58
O24-009219,CUST00688,P0030,North,0.07,195.63,26.2,2024-05-13,2,105.18
O24-006243,CUST00525,P0016,East,0.1,175.28,38.6,2024-04-10,3,64.92
O24-002816,CUST00442,P0033,West,0.33,18.17,3.13,2024-09-27,2,13.56
O24-001091,CUST01049,P0036,South,0.17,34.59,5.27,2024-03-20,2,20.84
O24-007032,CUST01425,P0017,West,0.14,781.74,101.5,2024-11-30,4,227.25
O24-003316,CUST01021,P0026,West,0.28,1069.42,12.04,2024-12-08,3,495.1
O24-003545,CUST00766,P0009,West,0.25,36.21,7.97,2024-07-02,2,24.14
O24-004967,CUST00121,P0012,East,0.02,20.52,6.02,2024-06-09,1,20.94
O24-001496,CUST00748,P0004,East,0.09,3291.11,682.15,2024-05-30,4,904.15
O24-006935,CUST00701,P0002,North,0.04,504.99,144.66,2024-01-24,1,526.03
O24-008386,CUST00670,P0034,South,0.18,33.98,4.74,2024-01-19,4,10.36
O24-006179,CUST00088,P0012,East,0.1,18.35,4.42,2024-06-09,1,20.39
O24-005612,CUST01072,P0009,East,0,24.64,7.31,2024-10-16,1,24.64
O24-002849,CUST00117,P0006,East,0.13,317.81,71.34,2024-11-30,1,365.3
O24-005023,CUST00651,P0041,North,0.16,109.13,19.67,2024-05-22,4,32.48
O24-008788,CUST00415,P0024,East,0.29,1449.95,114.45,2024-02-05,3,680.73
O24-008437,CUST01388,P0004,South,0.25,2612.19,366.33,2024-10-14,4,870.73
O24-002871,CUST00870,P0027,East,0.08,341.44,65.97,2024-05-28,3,123.71
O24-007911,CUST00244,P0008,East,0.06,565.31,138.04,2024-04-16,1,601.39
O24-008393,CUST00477,P0016,North,0.07,60.7,18.21,2024-09-10,1,65.27
O24-005571,CUST00932,P0010,North,0.31,313.81,68.03,2024-09-27,5,90.95942029
O24-006735,CUST01345,P0045,East,0.08,2.4,0.44,2024-03-23,1,2.61
O24-003559,CUST00169,P0036,North,0.07,198.83,39.84,2024-09-29,10,21.38
O24-003122,CUST00910,P0013,North,0.16,82.28,13.98,2024-12-02,5,19.59
O24-001386,CUST00712,P0013,North,0.11,17.77,4.74,2024-02-28,1,19.97
O24-005238,CUST00883,P0012,West,0.04,56.56,14.27,2024-12-28,3,19.64
O24-008124,CUST01499,P0014,North,0.13,33.64,8.68,2024-11-05,1,38.67
O24-005076,CUST01493,P0039,West,0.05,39.24,5.99,2024-04-30,3,13.77
O24-003622,CUST00493,P0026,East,0.1,458.38,78.1,2024-06-12,1,509.31
O24-007071,CUST01191,P0008,East,0.09,1071.6,263.86,2024-09-21,2,588.79
O24-000336,CUST00926,P0023,North,0.11,751.15,111.11,2024-01-23,3,281.33
O24-000500,CUST00716,P0035,South,0.17,20.47,2.48,2024-07-05,6,4.11
O24-006595,CUST00321,P0011,West,0.17,135.84,28,2024-10-26,2,81.83
O24-000512,CUST00720,P0033,West,0.04,24.9,4.73,2024-02-12,2,12.97
O24-009865,CUST00629,P0044,East,0.13,14.07,2.22,2024-02-26,1,16.17
O24-009071,CUST00806,P0023,North,0.07,501.96,55.5,2024-03-11,2,269.87
O24-005153,CUST00843,P0022,North,0.32,1365.03,81.58,2024-01-26,3,669.13
O24-002021,CUST00720,P0004,East,0.07,3273.45,833.99,2024-10-21,4,879.96
O24-003812,CUST00774,P0032,South,0.22,378.67,12.75,2024-06-29,1,485.48
O24-001053,CUST00986,P0018,East,0.05,1598.58,168.2,2024-05-07,4,420.68
O24-009432,CUST00823,P0006,East,0.08,356.54,81.13,2024-10-07,1,387.54
O24-008201,CUST01066,P0040,North,0.18,50.41,8.29,2024-03-11,4,15.37
O24-006214,CUST01230,P0027,South,0,584.72,50.35,2024-07-08,6,124.94
O24-002572,CUST01238,P0010,East,0.11,248.68,65.13,2024-06-17,3,93.14
O24-001566,CUST00126,P0031,North,0.06,1514.23,230.42,2024-09-16,6,268.48
O24-003680,CUST00515,P0016,West,0.02,194.92,45.36,2024-02-03,3,66.3
O24-005940,CUST00767,P0024,North,0.13,1648.29,216.13,2024-06-29,3,631.53
O24-001493,CUST00365,P0005,North,0.14,807.13,176.3,2024-07-08,2,469.26
O24-009269,CUST00996,P0018,West,0.08,810.35,121.29,2024-09-16,2,440.41
O24-003752,CUST00819,P0015,West,0.11,144.71,33.56,2024-03-17,3,54.2
O24-001025,CUST00720,P0012,East,0.24,15.25,3.89,2024-03-28,1,20.06
O24-004823,CUST00560,P0003,South,0.21,10838.56,2096.67,2024-12-05,10,1371.97
O24-008666,CUST01465,P0029,North,0.14,532.79,79.89,2024-05-19,2,309.76
O24-008752,CUST00454,P0015,West,0.27,162.12,34.69,2024-07-14,4,55.52
O24-007167,CUST00712,P0013,West,0.19,17.54,4.17,2024-12-31,1,21.65
O24-002136,CUST01289,P0003,South,0.26,5123.83,580.09,2024-05-10,5,1384.82
O24-008132,CUST00490,P0005,West,0.1,1185.73,309.01,2024-12-14,3,439.1592593
O24-007656,CUST00199,P0004,East,0.01,1810.22,526.7,2024-12-31,2,914.25
O24-004695,CUST00957,P0028,East,0.08,1915.81,340.98,2024-12-08,5,416.48
O24-004146,CUST00783,P0032,South,0.16,1582.53,169.52,2024-07-10,4,470.99
O24-008673,CUST00498,P0028,East,0.06,2547.31,340.83,2024-09-29,6,451.65
O24-001082,CUST00629,P0021,East,0.08,388.33,56.69,2024-02-18,2,211.05
O24-008142,CUST00960,P0031,East,0.1,241.62,38.04,2024-05-01,1,268.47
O24-006019,CUST00700,P0034,West,0.1,9.17,1.57,2024-08-26,1,10.19
O24-003740,CUST00881,P0039,North,0.23,33.8,4.06,2024-05-29,3,14.63
O24-004458,CUST00903,P0047,East,0,42.32,9.8,2024-08-11,4,10.58
O24-001603,CUST01413,P0043,North,0.05,383.04,73.28,2024-10-01,10,40.32
O24-009847,CUST01107,P0016,West,0.12,180.13,35.56,2024-06-06,3,68.23
O24-001772,CUST01015,P0001,East,0.19,1765.98,345.28,2024-11-25,2,1090.11
O24-009161,CUST00037,P0009,North,0.17,81.54,18.91,2024-06-20,4,24.56
O24-009189,CUST00767,P0030,North,0.1,90.39,15.63,2024-06-26,1,100.43
O24-003766,CUST01159,P0002,West,0.08,1525.53,393.42,2024-07-26,3,552.73
O24-006455,CUST01478,P0040,South,0.13,105.58,11.52,2024-01-28,8,15.17
O24-000756,CUST00548,P0047,South,0.26,15.2,2.07,2024-05-30,2,10.27
O24-001792,CUST00910,P0043,North,0.14,98.79,17.23,2024-08-04,3,38.29
O24-001233,CUST00456,P0009,South,0.18,38.13,7.78,2024-12-30,2,23.25
O24-001124,CUST01084,P0014,West,0.1,67.73,15.37,2024-11-27,2,37.63
O24-008912,CUST00775,P0042,North,0.06,27.73,4.99,2024-02-13,1,29.5
O24-002439,CUST00923,P0001,West,0.08,5225.6,1171.8,2024-01-19,5,1136
O24-000915,CUST01123,P0004,South,0.34,573.24,78.41,2024-09-12,1,868.54
O24-001263,CUST00462,P0001,North,0.12,2025.44,500.77,2024-12-15,2,1150.82
O24-008366,CUST00992,P0009,West,0.1,63.37,14.21,2024-01-25,3,23.47
O24-001668,CUST00159,P0030,South,0.18,244.43,34.79,2024-12-11,3,99.36
O24-007397,CUST00081,P0011,East,0.27,884.03,159.46,2024-07-13,14,86.5
O24-005648,CUST01127,P0011,East,0.09,392.57,95.32,2024-07-22,5,86.28
O24-005591,CUST01142,P0048,North,0.21,9.95,1.52,2024-01-06,6,2.1
O24-001439,CUST00084,P0008,East,0,2201.92,565.05,2024-01-29,4,550.48
O24-005289,CUST00743,P0019,South,0.2,975.55,55.85,2024-06-11,3,406.48
O24-006770,CUST01293,P0038,West,0.12,102.36,18.47,2024-11-13,8,14.54
O24-006249,CUST01306,P0009,South,0.19,19.67,3.34,2024-03-22,1,24.28
O24-003615,CUST00325,P0004,North,0.16,6092.28,1381.38,2024-11-12,8,906.59
O24-009204,CUST00472,P0008,North,0.12,505.26,125.31,2024-07-22,1,574.16
O24-000703,CUST00882,P0011,West,0.04,257.13,60.4,2024-07-24,3,89.28
O24-004394,CUST01318,  P0009,North,0.1,67.64,16.58,2024-08-23,3,25.05
O24-008150,CUST01103,P0026,South,0.26,390.56,15.95,2024-10-03,1,527.78
O24-003264,CUST01471,P0036,South,0.12,55.36,8.35,2024-06-09,3,20.97
O24-005941,CUST01008,P0004,North,0.11,2392.11,648.88,2024-06-09,3,895.92
O24-000271,CUST00520,P0020,East,0.08,471.15,69.68,2024-02-21,2,256.06
O24-006441,CUST00747, P0010 ,North,0.11,244.39,68.94,2024-04-08,3,91.53
O24-007095,CUST01112,P0028,East,0.08,1635.32,286.15,2024-10-21,4,444.38
O24-004708,CUST00540,P0041,South,0.15,219.37,26.81,2024-05-30,8,32.26
O24-001640,CUST01447,P0011,West,0.03,330.03,72.71,2024-12-15,4,85.06
O24-006503,CUST00897,P0043,East,0,157.48,34.35,2024-12-04,4,39.37
O24-007303,CUST00936,P0022,North,0.17,1111.95,125.87,2024-10-20,2,669.85
O24-004010,CUST01367,P0048,North,0.14,11.09,2.09,2024-07-31,6,2.15
O24-002658,CUST01218,P0005,North,0.3,932.38,180.5,2024-01-20,3,443.99
O24-009439,CUST00297,P0018,East,0.1,406.7,62.55,2024-04-13,1,451.89
O24-001154,CUST00933,P0016,South,0.32,435.88,55.44,2024-01-01,10,64.1
O24-009096,CUST00597,P0043,South,0.13,66.24,8.23,2024-04-26,2,38.07
O24-005246,CUST00917,  P0019,West,0.32,803.49,81.71,2024-09-27,3,393.87
O24-001341,CUST01081,P0010,West,0.13,159.56,37.59,2024-09-25,2,91.7
O24-005112,CUST00905,P0006,East,0.06,1112.46,225.72,2024-12-30,3,394.49
O24-006523,CUST00732,P0008,East,0.07,547.53,131.87,2024-06-19,1,588.74
O24-004161,CUST00229,P0046,East,0.04,5.78,1.23,2024-10-17,2,3.01
O24-001759,CUST00201,P0016,North,0.16,106.65,22.28,2024-10-02,2,63.48
O24-005585,CUST00736,P0023,North,0.11,230.05,37.29,2024-11-28,1,258.48
O24-009591,CUST00359,P0016,South,0.14,56.45,12.28,2024-04-20,1,65.64
O24-007277,CUST01304,P0019,South,0.16,644.62,42.48,2024-08-15,2,383.702381
O24-006440,CUST00561,P0002,North,0,1058.96,298.96,2024-11-29,2,529.48
O24-007434,CUST00532,P0008,East,0.06,1096.02,269.42,2024-11-20,2,582.99
O24-000651,CUST00707,P0034,East,0.07,96.81,23.21,2024-10-24,10,10.41
O24-000567,CUST00075,P0013,East,0.05,132.2,27.19,2024-10-27,7,19.88
O24-004302,CUST00206,P0001,South,0.18,927.35,165.23,2024-03-30,1,1130.92
O24-006422,CUST00723,P0047,East,0.1,19.08,3.46,2024-05-24,2,10.6
O24-007576,CUST00750,P0048,South,0.23,1.73,0.19,2024-12-24,1,2.25
O24-005440,CUST00320,P0029,West,0,512.52,70.7,2024-03-17,2,312.51
O24-000840,CUST01499,P0006,North,0.12,712.2,183.74,2024-11-21,2,404.66
O24-000481,CUST00019,P0010,East,0.21,141.03,31.59,2024-08-27,2,89.26
O24-001627,CUST00121,P0033,East,0.02,66.84,13.4,2024-03-30,5,13.64
O24-008029,CUST01385,P0037,East,0.07,38.61,7.44,2024-11-01,3,13.84
O24-000278,CUST00944,P0013,South,0.4,44.59,6.34,2024-12-26,4,18.58
O24-000781,CUST01025,P0021,East,0.09,605.81,81.63,2024-11-17,3,221.91
O24-004681,CUST00076,P0048,South,0.21,8.22,1,2024-04-10,5,2.08
O24-007280,CUST01111,P0036,North,0.09,56.92,10.61,2024-09-08,3,20.85
O24-002614,CUST00127,P0020,North,0.14,224.39,29.68,2024-11-26,1,260.92
O24-000770,CUST00788,P0010,South,0.19,222.27,42.62,2024-07-17,3,91.47
O24-003535,CUST00728,P0012,North,0.08,17.56,4.68,2024-12-09,1,19.09
O24-003553,CUST00231,P0014,South,0.13,138.26,26.22,2024-03-13,4,39.73
O24-008190,CUST00229,P0002,West,0.02,1095.86,310.29,2024-12-12,2,559.11
O24-004025,CUST00545,P0037,South,0.2,22.29,2.6,2024-07-11,2,13.93
O24-007467,CUST00406,P0013,North,0.11,34.43,8.13,2024-12-01,2,19.34
O24-000889,CUST00004,P0013,North,0.05,72.66,17.36,2024-09-10,4,19.12
O24-003884,CUST00368,P0006,North,0.1,1375.09,400.81,2024-12-09,4,381.97
O24-006375,CUST01206,P0015,East,0.05,241.87,55.19,2024-07-11,5,50.92
O24-008992,CUST01120,P0003,West,0.19,3373.35,728.46,2024-06-02,3,1388.21
O24-006740,CUST00256,P0002,East,0.12,3545.98,878.48,2024-11-25,8,503.69
O24-002330,CUST01113,P0025,North,0.09,483.8,54.73,2024-04-09,1,531.65
O24-007290,CUST00710,P0033,North,0.06,24.99,4.82,2024-09-27,2,13.29
O24-000111,CUST00426,P0009,North,0.32,95.72,15.37,2024-10-07,6,23.46
O24-001319,CUST00711,P0016,East,0.12,111.02,25.13,2024-01-08,2,63.08
O24-001152,CUST00862,P0016  ,East,0.2,53.92,10.71,2024-09-10,1,67.4
O24-001687,CUST01206,P0002,West,0,501.09,128.75,2024-04-19,1,550.65
O24-006705,CUST00829,P0033,North,0.07,24.63,4.54,2024-12-13,2,13.24
O24-008234,CUST00015,P0001,East,0.03,2226.03,502.79,2024-05-04,2,1147.44
O24-006831,CUST01053,P0019,West,0.1,2818.08,509.81,2024-01-16,8,391.4
O24-000058,CUST00722,P0016,South,0.13,174.61,35.77,2024-12-10,3,66.9
O24-000728,CUST00520,P0004,North,0.14,2369.99,535.58,2024-01-03,3,918.6
O24-001510,CUST00645,P0012,West,0.07,36.53,8.31,2024-02-23,2,19.64
O24-008122,CUST00864,P0033,East,0.1,118.62,19,2024-05-21,10,13.18
O24-009661,CUST00492,P0016,South,0.09,233.62,52.92,2024-05-17,4,64.18131868
O24-005728,CUST00262,P0023,North,0.09,1015.38,147.65,2024-11-05,4,278.95
O24-003463,CUST01390,P0043,South,0.19,92.27,14.1,2024-12-23,3,37.97
O24-004748,CUST01130,P0031,East,0.1,503.82,86.16,2024-02-11,2,279.9
O24-002412,CUST00091,P0040,East,0.06,45.26,9.43,2024-01-20,3,16.05
O24-005882,CUST00262,P0006,East,0.06,344.63,78.18,2024-11-04,1,366.63
O24-001877,CUST01384,P0023,South,0.18,445.01,56.41,2024-02-02,2,271.35
O24-002355,CUST00690,P0022,North,0.13,3029.47,347.17,2024-03-17,5,696.43
O24-001922,CUST00096,P0014,South,0.09,39.42,8.83,2024-01-07,1,43.32
O24-004509,CUST00621,P0042,West,0.36,71.99,5.42,2024-06-13,4,28.12
O24-000963,CUST01276,P0027,West,0.04,1039.05,146.81,2024-08-14,9,120.26
O24-009953,CUST01371,P0015,South,0.28,387.5,66.67,2024-09-12,10,53.82
O24-004723,CUST00161,P0025,South,0.1,475.71,69.65,2024-10-23,1,528.57
O24-005027,CUST01385,P0029,East,0.19,720.59,106.21,2024-06-21,3,296.54
O24-002307,CUST00724,P0046,North,0.33,4.19,0.58,2024-01-28,2,3.13
O24-000471,CUST00657,P0035,North,0.11,3.48,0.56,2024-07-24,1,3.91
O24-005207,CUST00282,P0025,South,0.28,1138.54,53.96,2024-08-17,3,527.1
O24-008494,CUST00021,P0002,West,0.27,1204.48,249.49,2024-06-19,3,549.99
O24-002496,CUST01193,P0016,North,0.02,252.68,74.25,2024-03-28,4,64.46
O24-007110,CUST00790,P0025,South,0.12,1354.43,138.31,2024-11-10,3,513.04
O24-006667,CUST00162,P0036,South,0.24,15.04,2.41,2024-07-12,1,19.79
O24-002619,CUST01436,P0004,East,0,2511.99,722.75,2024-04-11,3,837.33
O24-000669,CUST00238,P0014,East,0.23,156.43,27.45,2024-11-15,5,40.63
O24-005763,CUST01073,P0002,North,0.2,820.21,210.2,2024-05-30,2,512.63
O24-000685,CUST00327,P0010,East,0.08,420.53,96.84,2024-09-30,5,91.42
O24-007983,CUST01045,P0015,South,0.22,206.97,37.54,2024-11-04,5,53.07
O24-004703,CUST00660,P0024,West,0.05,608.71,83.18,2024-11-02,1,640.75
O24-009045,CUST00359,P0021,North,0.15,1163,150.22,2024-01-18,6,228.04
O24-004676,CUST00615,P0011,South,0.23,137.61,23.02,2024-06-06,2,89.36
O24-007053,CUST00403,P0038,North,0.12,37.86,6.95,2024-12-16,3,14.34
O24-008263,CUST00607,P0036,East,0.02,104.32,24.69,2024-03-08,5,21.29
O24-004332,CUST00152,P0040,North,0.16,50.9,7.27,2024-09-30,4,15.15
O24-006156,CUST01208,P0039,North,0.12,11.94,1.75,2024-05-25,1,13.57
O24-004924,CUST00324,P0020,North,0.05,1057.77,145.69,2024-03-29,4,278.36
O24-009724,CUST01349,P0042,South,0.12,25.89,1.38,2024-04-20,1,29.42
O24-009599,CUST00159,P0010,East,0.14,74.85,14.82,2024-05-11,1,87.03
O24-000704,CUST00515,  P0003,East,0.04,4170.36,1072.24,2024-05-08,3,1448.04
O24-002941,CUST00551,P0031,West,0.33,919.24,71.69,2024-11-13,5,274.4
O24-004884,CUST00766,P0012,West,0.03,195.75,50.29,2024-07-14,10,20.18
O24-000514,CUST00112,P0005,North,0.1,2542.97,681.61,2024-08-16,6,470.92
O24-009200,CUST00650,P0021,South,0.2,874.36,59.62,2024-04-10,5,218.59
O24-008016,CUST00284,P0042,East,0.17,147.41,26.01,2024-09-23,6,29.6
O24-005460,CUST00041,P0037,West,0.17,11.83,1.86,2024-09-29,1,14.25
O24-008754,CUST01225,P0018,East,0.19,1004.63,133.2,2024-07-24,3,413.43
O24-006272,CUST01223,P0027,West,0.05,682.8,101.88,2024-07-06,6,119.79
O24-003290,CUST00395,P0036,West,0.12,118.27,14.51,2024-12-09,6,22.4
O24-009793,CUST00557,P0015,East,0.12,97.05,24.87,2024-01-10,2,55.14
O24-006860,CUST00107,P0027,South,0.13,340.84,25.16,2024-03-07,3,130.59
O24-007398,CUST01041,P0036,South,0.12,17.55,2.18,2024-04-04,1,19.94
O24-008789,CUST00652,P0012,West,0.08,55.5,14.11,2024-09-22,3,20.11
O24-006208,CUST00482,P0010,South,0.15,314.36,42.84,2024-06-08,4,92.46
O24-003417,CUST01402,P0040,North,0.06,74.54,16.93,2024-12-04,5,15.86
O24-001973,CUST00161,P0010,West,0.07,87.13,18.37,2024-08-16,1,93.69
O24-005544,CUST00280,P0023,West,0.32,1399.6,97.34,2024-12-24,8,257.2794118
O24-005929,CUST01033,P0035,East,0.06,11.39,2.22,2024-07-24,3,4.04
O24-006781,CUST00272,P0044,North,0.32,31.23,3.72,2024-12-27,3,15.31
O24-008445,CUST00907,P0037,East,0.17,56.36,8.65,2024-01-09,5,13.58
O24-006986,CUST00863,P0039,West,0.09,63.61,15.61,2024-11-20,5,13.98
O24-004128,CUST00303,P0002,East,0.06,2029.8,459.51,2024-11-22,4,539.84
O24-006410,CUST00662,P0029,West,0.24,904.1,95.86,2024-01-14,4,297.4
O24-003739,CUST01030,P0021,East,0.09,574.42,71.52,2024-11-28,3,210.4102564
O24-009573,CUST00165,P0003,North,0.05,1310.31,323.24,2024-02-14,1,1379.27
O24-009861,CUST01451,P0014,East,0.21,32.32,7.11,2024-10-30,1,40.91
O24-004287,CUST00196,P0026,West,0.05,2529.76,424.48,2024-11-18,5,532.58
O24-008963,CUST00182,P0034,West,0.08,56.8,9.74,2024-06-16,6,10.28985507
O24-007058,CUST00832,P0047,West,0.17,16.53,2.57,2024-12-22,2,9.96
O24-009394,CUST00692,P0035,West,0.18,10.48,1.76,2024-06-09,3,4.26
O24-001577,CUST00725,P0018,South,0.18,348.84,38.21,2024-10-14,1,425.42
O24-004849,CUST00621,P0017,West,0.13,185.77,26.12,2024-12-07,1,213.53
O24-003131,CUST00346,P0042,East,0.02,28.89,5.36,2024-03-13,1,29.48
O24-001107,CUST01444,P0011,North,0,92.56,23.5,2024-02-16,1,92.56
O24-007184,CUST00040,P0003,East,0,1759.32,312.43,2024-11-18,2,1374.47
O24-005875,CUST00359,P0041,South,0.16,25.86,2.36,2024-03-10,1,30.78
O24-009691,CUST01174,P0010,East,0.05,350.55,81.74,2024-01-05,4,92.25
O24-002588,CUST00482,P0048,West,0.02,4.19,0.84,2024-02-25,2,2.14
O24-003467,CUST01005,P0005,West,0.15,1217.88,259.77,2024-10-18,3,477.6
O24-000415,CUST01327,P0048,North,0.12,1.93,0.39,2024-09-25,1,2.19
O24-000863,CUST00180,P0041,South,0.1,138.92,18.08,2024-12-17,5,30.87
O24-006982,CUST00466,P0033,West,0.03,49.86,6.62,2024-01-02,4,12.85
O24-003187,CUST00939,P0006,North,0.11,2416.49,647.84,2024-01-21,7,387.88
O24-007407,CUST01287,P0009,South,0.13,40.35,7.96,2024-08-28,2,23.19
O24-002017,CUST01486,P0021,West,0.19,522.94,43.14,2024-07-10,3,215.2
O24-006468,CUST01086,P0008,North,0.07,531.78,121.34,2024-12-20,1,571.81
O24-005776,CUST01447,P0024,North,0.05,3719.53,573.81,2024-04-21,6,652.55
O24-004535,CUST01010,P0033,North,0.17,55.69,10.65,2024-06-14,5,13.42
O24-007306,CUST00409,P0047,South,0.18,24.94,2.26,2024-12-12,3,10.14
O24-001679,CUST00775,P0003  ,North,0.16,2400.13,643.59,2024-05-21,2,1428.65
O24-006109,CUST00171,P0014,North,0.09,79.84,18.76,2024-04-13,2,43.87
O24-007108,CUST00087,P0024,South,0.25,481,11.28,2024-03-25,1,641.34
O24-003144,CUST01331,P0006,South,0.2,315.97,59.43,2024-09-11,1,394.96
O24-005753,CUST01106,P0009,West,0.19,39.85,8.63,2024-07-01,2,24.6
O24-003104,CUST01397,P0008,East,0.12,490.56,130.53,2024-05-14,1,557.45
O24-008072,CUST00791,P0010,South,0.16,473.91,106.11,2024-07-29,6,94.03
O24-003805,CUST00062,P0002,East,0.06,498.87,120.5,2024-10-20,1,530.71
O24-009494,CUST00784,P0016,East,0.11,171.63,44.84,2024-06-02,3,64.28
O24-002543,CUST00627,P0032,West,0.14,800.63,54.55,2024-01-18,2,465.48
O24-004368,CUST00013,P0013,East,0.11,33.89,8.64,2024-10-08,2,19.04
O24-006844,CUST00599,P0002,South,0.4,650.2,69.39,2024-05-22,2,541.83
O24-003852,CUST00441,P0011,North,0.1,481.46,95.24,2024-04-01,6,89.16
O24-002367,CUST00086,P0025,North,0.18,422.89,60.54,2024-12-10,1,515.72
O24-009921,CUST01323,P0036,East,0.01,60.2,11.24,2024-01-27,3,20.27
O24-000883,CUST00617,P0040,West,0.13,52.72,10.19,2024-09-20,4,15.14942529
O24-008943,CUST00125,P0024,East,0.07,631.01,75.74,2024-12-23,1,678.51
O24-008164,CUST01231,P0032  ,North,0.18,1603.85,189.87,2024-06-26,4,488.98
O24-005036,CUST00279,P0036,South,0.39,26.46,2.17,2024-04-30,2,21.69
O24-002242,CUST00971,P0028,South,0.12,5274.68,501.94,2024-03-07,14,428.14
O24-000806,CUST00687,P0006,North,0,747.08,212.39,2024-07-01,2,373.54
O24-000340,CUST01050,P0040,North,0.08,27.77,5.77,2024-10-18,2,15.09
O24-003978,CUST00569,P0027,West,0.15,212.82,25.76,2024-09-15,2,125.19
O24-003231,CUST00237,  P0015,West,0.08,48.92,10.81,2024-01-05,1,53.17
O24-005926,CUST00320,P0043,North,0.1,68.72,10.34,2024-09-04,2,38.18
O24-000341,CUST00514,P0026,North,0.1,912.28,105.41,2024-01-23,2,506.82
O24-006959,CUST01447,P0010,East,0.15,76.69,17.73,2024-08-05,1,90.22
O24-003616,CUST01336,P0008,East,0.09,2709.57,649.77,2024-09-20,5,595.51
O24-005244,CUST00285,P0039,South,0,31.55,2.95,2024-02-09,3,14.81
O24-004124,CUST01329,P0043,West,0.17,32.77,5.06,2024-07-10,1,39.48
O24-009452,CUST00904,P0039,West,0.13,60.55,11.48,2024-10-19,5,13.92
O24-007142,CUST00097,P0016,North,0.12,441.55,104.06,2024-07-18,8,62.72
O24-001400,CUST00235,P0030,North,0,70.75,8.07,2024-03-16,1,105.6
O24-001133,CUST01382,P0015,West,0.05,213.52,61.18,2024-03-02,4,56.19
O24-009146,CUST00922,P0039,North,0.11,12.82,2.32,2024-02-02,1,14.4
O24-006978,CUST00893,P0020,East,0.31,749.86,86.38,2024-07-25,4,271.69
O24-007539,CUST01157,P0043,South,0.09,72.25,12.09,2024-08-03,2,39.7
O24-006457,CUST00340,P0036,South,0.22,32.78,3.24,2024-06-06,2,21.01
O24-005170,CUST00208,P0007,North,0.11,185.23,50.81,2024-11-29,1,208.12
O24-003633,CUST00659,P0007,West,0.06,384.42,115.33,2024-07-01,2,204.48
O24-000901,CUST01058,P0035,East,0.15,14.21,2.61,2024-06-26,4,4.18
O24-006926,CUST00400,P0018,East,0.37,275.31,23.87,2024-11-14,1,437
O24-001158,CUST00880,P0037,South,0.09,37.46,5.43,2024-11-10,3,13.72
O24-003228,CUST00065,P0007,West,0.19,331.42,69.39,2024-11-17,2,204.58
O24-007872,CUST00080,P0006,South,0.18,2611.27,441.46,2024-06-03,8,398.06
O24-003540,CUST00960,P0035,West,0,12.42,2.24,2024-03-06,3,4.14
O24-000587,CUST00990,P0031,North,0.06,250.43,41.28,2024-07-13,1,266.41
O24-008484,CUST00307,P0026,East,0.05,2562.34,412.02,2024-08-03,5,539.44
O24-005470,CUST01489,P0016,West,0.06,296.33,72.42,2024-07-29,5,63.05
O24-007791,CUST00580,P0047,West,0.11,35.67,7.85,2024-03-20,4,10.02
O24-006840,CUST00397,P0026,North,0.11,860.15,151.2,2024-10-02,2,483.23
O24-009555,CUST01088,P0030,South,0.15,342.86,47.79,2024-04-07,4,100.84
O24-000182,CUST01215,P0016,West,0.23,201.65,43.81,2024-03-12,4,65.47
O24-004014,CUST00164,P0041,North,0.1,181.22,34.89,2024-05-22,6,33.55925926
O24-008113,CUST00444,P0029,East,0.3,1439.77,193.96,2024-08-22,7,293.83
O24-005310,CUST01042,P0002,North,0.14,946.67,193.66,2024-06-10,2,550.39
O24-006417,CUST00133,P0039,East,0.07,41.24,7.14,2024-12-06,3,14.78
O24-004629,CUST00234,P0037,East,0.18,31.93,4.21,2024-09-07,3,12.98
O24-002001,CUST00723,P0022,East,0.21,3088.44,288.24,2024-05-22,6,651.57
O24-001750,CUST01423,P0008,North,0.1,1060.15,276.01,2024-12-07,2,588.9722222
O24-003944,CUST00497,P0045,South,0.15,4.52,0.83,2024-08-29,2,2.66
O24-005172,CUST00627,P0028,North,0.07,831.27,118.28,2024-10-12,2,446.92
O24-009613,CUST00603,P0032,South,0.15,1598.44,209.45,2024-12-28,4,470.13
O24-002960,CUST00282,P0020,West,0,466.17,60.21,2024-10-16,2,271.03
O24-001945,CUST00745,P0016,East,0.15,55.23,12.18,2024-01-29,1,64.98
O24-002570,CUST00528,P0036,South,0.32,74.43,6.66,2024-11-28,5,21.89
O24-009115,CUST01043, P0031 ,East,0.14,679.68,53.64,2024-05-07,3,263.44
O24-007635,CUST01400,P0006,East,0.17,637.37,111.83,2024-07-22,2,383.9578313
O24-001435,CUST00376,P0008,East,0.18,979.93,216.14,2024-10-28,2,597.52
O24-007334,CUST01063,P0042,East,0.08,25.82,4.39,2024-01-16,1,28.06
O24-009999,CUST01232,P0033,South,0.13,81.12,9.97,2024-05-17,7,13.32
O24-009729,CUST00423,P0018,West,0.02,2126.94,301.57,2024-01-14,5,434.07
O24-004678,CUST00908,P0030,North,0.08,385.92,53.41,2024-10-01,4,104.87
O24-007972,CUST00517,P0013,West,0.08,17.83,4.45,2024-05-20,1,19.38
O24-004736,CUST00111,P0033,South,0.24,18.88,1.77,2024-08-30,2,12.42
O24-001280,CUST00544,P0040,East,0.2,12.66,1.52,2024-08-22,1,15.83
O24-009075,CUST00058,P0045,North,0.14,18.16,3.19,2024-02-09,8,2.64
O24-008439,CUST00874,P0010,North,0.11,81.24,18.16,2024-09-05,1,91.28
O24-007010,CUST01363,P0015,East,0.2,201.92,32.46,2024-11-12,5,50.48
O24-007647,CUST01425,P0044,North,0.12,39.73,6.11,2024-09-10,3,15.05
O24-007144,CUST00170,P0015,East,0.13,277.08,65.75,2024-12-12,6,53.08
O24-007446,CUST00392,P0017,North,0.18,342.19,43.74,2024-04-22,2,208.65
O24-008425,CUST00751,P0012,North,0.01,18.7,4.4,2024-05-27,1,18.89
O24-004682,CUST01008,P0008,South,0.13,1431.98,217.37,2024-06-27,3,548.65
O24-005881,CUST00037,P0017,North,0.13,184.34,17.47,2024-12-12,1,211.88
O24-006944,CUST00148,P0007,East,0.11,367.02,98.72,2024-10-06,2,206.19
O24-006525,CUST00181,P0034,South,0.2,7.99,0.97,2024-08-17,1,9.99
O24-004016,CUST00011,P0008,South,0.22,466.23,75.71,2024-08-10,1,597.73
O24-006880,CUST01414,P0037,North,0.2,67.58,12.27,2024-03-14,6,14.08
O24-002178,CUST01485,P0003,North,0.12,2446.24,582.02,2024-06-23,2,1389.91
O24-004460,CUST01460,P0006,West,0.08,1057.66,236.59,2024-08-15,3,383.21
O24-001087,CUST00707,P0038,North,0.05,37.96,8.03,2024-04-25,3,13.32
O24-006032,CUST01116,P0003,North,0.09,9851.15,2364.84,2024-12-28,8,1353.18
O24-000140,CUST00890,P0044,South,0.22,49.58,6.51,2024-07-22,4,15.89
O24-002256,CUST00249,P0001,East,0.1,2133.41,529.49,2024-01-23,2,1185.23
O24-005830,CUST00042,P0021,North,0.19,926.15,115.07,2024-10-31,5,228.68
O24-001706,CUST01474,P0035,North,0.38,4.98,0.41,2024-12-17,2,4.02
O24-007669,CUST00408,P0012,East,0,225.61,61.66,2024-02-19,11,20.51
O24-000486,CUST01497,P0010  ,East,0.15,78.81,16.62,2024-01-15,1,92.72
O24-000815,CUST00368,P0039,East,0.23,43.83,6.67,2024-12-02,4,14.23
O24-002720,CUST01477,P0019,South,0.11,723.11,94.24,2024-12-10,2,406.24
O24-004301,CUST01054,P0008,East,0.05,1085.53,259.28,2024-11-01,2,571.3315789
O24-007771,CUST00935,  P0044,West,0.24,58.03,7.23,2024-08-28,5,15.27
O24-001362,CUST00646,P0045,West,0.06,7.36,1.09,2024-01-20,3,2.61
O24-005807,CUST00725,P0004,West,0.08,3291.76,700.09,2024-12-13,4,894.5
O24-003465,CUST01379,P0004,West,0.06,6850.42,2033.53,2024-05-08,8,910.96
O24-008012,CUST00214,P0036,North,0.05,60.39,10.47,2024-07-06,3,21.19
O24-005950,CUST00692,P0037,West,0.05,25.57,5.14,2024-06-11,2,13.46
O24-007932,CUST01465,P0004,East,0.02,3529.53,934.38,2024-05-21,4,900.39
O24-006305,CUST01012,P0002,East,0.34,696.13,123.89,2024-07-24,2,527.37
O24-008524,CUST00940,P0042,West,0.08,27.23,5.73,2024-11-04,1,29.6
O24-001802,CUST00360,P0017,East,0.29,307.94,28.21,2024-12-03,2,216.86
O24-001747,CUST00806,P0038,South,0.13,33.9,3.95,2024-12-11,3,12.99
O24-009495,CUST00207,P0002,East,0.1,1014.64,148.72,2024-08-09,2,563.69
O24-002205,CUST01408,P0004,South,0.12,1680.92,282.97,2024-11-08,2,955.07
O24-000811,CUST00987,P0046,East,0.17,5.01,0.56,2024-05-26,2,3.02
O24-009769,CUST00067,P0036,North,0.07,58.81,9.89,2024-12-24,3,21.08
O24-001723,CUST00767,P0002,East,0.04,2077.79,596.1,2024-12-13,4,541.09
O24-006742,CUST01327,P0042,North,0.04,161.97,29.74,2024-10-29,6,28.12
O24-006210,CUST00691,P0002,West,0.19,2511.65,678.49,2024-10-03,6,516.8
O24-007770,CUST01237,P0009,North,0.16,19.61,4.59,2024-11-11,1,23.34
O24-006967,CUST00082,P0004,East,0.08,3361.79,793.88,2024-06-09,4,913.53
O24-009033,CUST00506,P0026,West,0.07,1429.51,166.58,2024-08-18,3,512.37
O24-000877,CUST00726,P0014,East,0.19,189.15,46.04,2024-11-04,6,38.92
O24-004095,CUST00491,P0016,East,0.08,361.62,73.85,2024-04-29,6,65.51
O24-000547,CUST00200,P0043,West,0.15,63.02,9.73,2024-05-14,2,37.07
O24-002682,CUST01005,P0011,East,0.13,225.5,55.77,2024-09-07,3,86.4
O24-001498,CUST00590,P0013,North,0.13,34.54,7.7,2024-11-28,2,19.85
O24-005623,CUST00665,P0029,East,0.18,474.45,49.14,2024-05-26,2,289.3
O24-000553,CUST01010,P0005,North,0.08,849.09,210.71,2024-08-14,2,461.46
O24-006095,CUST00754,P0011,North,0.22,136.08,22.14,2024-09-13,2,87.23
O24-004978,CUST00944,P0004,South,0.18,3781.92,601.67,2024-11-07,5,922.42
O24-008556,CUST00871,P0033,East,0.15,57.16,10.33,2024-12-27,5,13.45
O24-000719,CUST01384,P0039,East,0.09,58.83,8.93,2024-05-10,5,12.93
O24-004698,CUST01205,P0042,East,0.07,108.36,21.04,2024-04-12,4,29.13
O24-007577,CUST00099,P0021,East,0.11,416.31,51.84,2024-04-16,2,233.88
O24-001615,CUST01273,P0028,North,0.13,390.48,44.29,2024-12-15,1,448.83
O24-008015,CUST01442,P0009,West,0.09,63.83,14.3,2024-04-20,3,23.38
O24-005322,CUST00150,P0028,East,0.18,716.76,112,2024-03-20,2,437.05
O24-008578,CUST00736,P0011,North,0.29,60.35,8.99,2024-08-25,1,85
O24-001024,CUST00196,P0040,North,0.15,26.47,3.94,2024-07-23,2,15.57
O24-001600,CUST01437,P0041,South,0.17,53.05,5.97,2024-03-24,2,31.96
O24-006945,CUST00731,P0002,North,0.07,985.84,267.92,2024-03-05,2,530.02
O24-008108,CUST00732,P0027,West,0.2,198.5,16.03,2024-08-06,2,124.06
O24-004289,CUST01456,P0033,East,0.16,10.85,1.71,2024-01-30,1,12.92
O24-000351,CUST00060,P0043,West,0.09,141.38,18.73,2024-08-17,4,38.84
O24-008185,CUST01314,P0019,North,0.15,1265.51,224.04,2024-07-06,4,372.21
O24-009779,CUST01369,P0035,North,0.06,4.09,0.71,2024-05-02,1,4.35
O24-002485,CUST00982,P0044,North,0.1,40.99,7.16,2024-01-06,3,15.18
O24-005877,CUST00323,P0032,West,0.12,3602.72,411.59,2024-10-25,8,511.75
O24-005834,CUST00238,P0013,West,0.11,16.43,4.89,2024-07-09,1,18.46
O24-000263,CUST00669,P0029,West,0.36,527.21,38.66,2024-07-02,3,274.59
O24-003932,CUST00341,P0025,North,0.15,1838.01,277.15,2024-04-27,4,540.59
O24-007428,CUST00080,P0001,South,0.26,8182.18,1214.71,2024-09-02,10,1105.7
O24-005858,CUST01419,P0023,East,0.04,1023.86,155.19,2024-09-04,4,266.63
O24-008274,CUST00916,P0007,West,0.18,320.69,67.89,2024-06-06,2,195.54
O24-004053,CUST00825,P0006,North,0.14,655.04,161.33,2024-09-16,2,380.84
O24-003769,CUST00810,P0047,West,0.07,18.9,3.83,2024-06-30,2,10.16
O24-004219,CUST01479,P0039,West,0,92.33,16.16,2024-11-12,8,13.42
O24-002554,CUST00154,P0011  ,North,0.12,152.08,29.84,2024-11-06,2,86.41
O24-004050,CUST00776,P0002,East,0.15,1390.49,338.08,2024-05-18,3,545.29
O24-000749,CUST00316,P0032,East,0.06,4880.48,628.04,2024-04-07,11,472
O24-001059,CUST00004,P0032,East,0.16,405.05,46.24,2024-02-22,1,482.202381
O24-001665,CUST00746,P0029,East,0.07,1084.01,198.49,2024-03-23,4,291.4
O24-005549,CUST00620,P0046,South,0.18,7.36,0.96,2024-02-09,3,2.99
O24-003066,CUST01477,P0041,West,0.16,29.03,4.73,2024-01-13,1,34.56
O24-008893,CUST00184,P0019,East,0.03,383.09,50.86,2024-11-05,1,394.94
O24-009188,CUST00145,P0002,East,0.11,2978.22,782.53,2024-11-29,6,557.72
O24-006338,CUST00602,P0042,North,0.1,78.87,13.25,2024-12-13,3,29.21
O24-003099,CUST00524,  P0001,West,0.14,981.06,203.73,2024-12-09,1,1140.77
O24-007263,CUST01223,P0028,East,0.14,365.92,57.93,2024-12-11,1,425.49
O24-002466,CUST00129,P0044,East,0.01,107.76,22.63,2024-11-08,7,15.55
O24-004385,CUST01361,P0033,East,0,77.52,14.89,2024-05-30,6,12.92
O24-008966,CUST00729,P0033,North,0.14,21.5,4.02,2024-12-24,2,12.5
O24-006729,CUST01254,P0038,North,0.07,63.43,11.32,2024-12-15,5,13.64
O24-000925,CUST01405,P0003,West,0.06,2539.96,645.59,2024-03-23,2,1351.04
O24-002322,CUST00702,P0038,North,0.19,42.12,6.17,2024-07-26,4,13
O24-008988,CUST01227,P0046,West,0.16,2.43,0.44,2024-12-28,1,2.89
O24-002525,CUST01446,P0009,West,0.17,20.1,4.56,2024-01-22,1,24.22
O24-008855,CUST01351,P0014,North,0.11,147.24,40.58,2024-05-26,4,41.36
O24-003011,CUST01487,P0006,West,0.11,694.79,167.27,2024-02-21,2,390.33
O24-002503,CUST00416,P0001,East,0.1,3259.84,722.78,2024-06-30,3,1207.35
O24-003118,CUST01112,P0037,South,0.12,11.44,1.58,2024-11-26,1,13
O24-004043,CUST01287,P0021,South,0.13,1125.48,86.48,2024-11-11,6,215.61
O24-000622,CUST00048,P0045,East,0.04,10.18,2.25,2024-01-19,4,2.651041667
O24-003072,CUST00154,P0039,South,0.1,12.17,1.84,2024-05-18,1,13.52
O24-009083,CUST00987,P0020,North,0.07,252.18,27.37,2024-01-22,1,271.16
O24-009911,CUST00867,P0024,West,0.22,2647.98,348.85,2024-02-19,5,678.97
O24-004459,CUST00151,P0003,East,0.11,1222.75,344.52,2024-10-18,1,1373.88
O24-007099,CUST00973,P0037,East,0.18,10.98,1.31,2024-01-22,1,13.39
O24-008995,CUST00015,P0042,East,0.21,188.78,23.65,2024-04-20,8,29.87
O24-009173,CUST00640,P0010,East,0.27,65.33,10.49,2024-08-03,1,89.5
O24-007132,CUST00943,P0016,North,0.18,543.58,116.33,2024-06-18,10,66.29
O24-005028,CUST00867,P0031,West,0.07,254.56,41.58,2024-07-16,1,273.72
O24-007476,CUST00277,P0008,South,0.15,479.11,87.01,2024-12-06,1,563.66
O24-008018,CUST00225,P0015,North,0.07,97.67,22.69,2024-12-15,2,52.51
O24-000725,CUST00755,P0017,East,0.07,412.75,55.48,2024-08-14,2,221.91
O24-006838,CUST00117,P0040,North,0.15,26.1,2.92,2024-07-17,2,15.35
O24-006579,CUST00717,P0017,North,0.09,787.84,160.32,2024-05-23,4,216.44
O24-003018,CUST00448,P0045,West,0.03,4.99,0.97,2024-02-29,2,2.57
O24-009378,CUST00675,P0006,East,0.32,530.52,84,2024-04-19,2,390.09
O24-005497,CUST00635,P0038,East,0.12,71.28,10.7,2024-12-24,6,13.5
O24-001912,CUST00169,P0035,North,0.18,19.83,3.35,2024-06-14,6,4.03
O24-009956,CUST00917,P0029,North,0.31,805.31,58.79,2024-06-16,4,291.78
O24-002716,CUST01094,P0030,West,0.13,543.35,84.2,2024-06-04,6,104.09
O24-002659,CUST01042,P0028,North,0.1,2422.06,312.87,2024-05-11,6,448.53
O24-005371,CUST01075,P0012,North,0.33,13.47,2.38,2024-11-10,1,20.1
O24-000220,CUST00542,P0042,North,0.11,26.34,3.89,2024-01-16,1,29.59
O24-005020,CUST00797,P0004,East,0,2373.65,595.91,2024-10-07,3,869.47
O24-003749,CUST00647,P0014,East,0.15,101.16,19.11,2024-11-24,3,39.67
O24-003819,CUST00925,P0004,East,0.11,3229.13,723.71,2024-07-15,4,907.06
O24-007266,CUST01315,P0024,South,0.14,570.32,57.33,2024-07-16,1,663.16
O24-002607,CUST00838,P0001,North,0.08,6437.15,1514.67,2024-01-01,6,1166.15
O24-007605,CUST01498,P0026,South,0.4,1260.6,46.62,2024-11-21,4,525.25
O24-004445,CUST00351,P0045,North,0.11,4.84,0.73,2024-12-27,2,2.72
O24-006541,CUST00332,P0014,East,0.08,75.37,18.36,2024-05-28,2,40.96
O24-007364,CUST00799,P0026,North,0.06,483.32,63.46,2024-07-05,1,514.17
O24-004481,CUST00491,P0006,West,0.08,686.23,178.65,2024-11-25,2,372.95
O24-008599,CUST00915,P0010,North,0.32,183.15,36.63,2024-12-22,3,89.78
O24-003722,CUST00169,P0011,North,0.06,163.94,39.88,2024-08-30,2,87.2
O24-006073,CUST00024,P0005,East,0.06,1329.4,320.18,2024-08-27,3,471.42
O24-004312,CUST00879,P0033,East,0.05,25,4.92,2024-05-19,2,13.16
O24-000778,CUST00024,P0037,West,0.08,61.87,12,2024-12-08,5,13.45
O24-001140,CUST00489,P0023,South,0,1375.94,193.57,2024-08-30,6,263.59
O24-008179,CUST01350,P0037,South,0.33,9.04,0.83,2024-04-14,1,13.5
O24-005942,CUST01399,P0018,South,0.14,388.3,34.39,2024-05-27,1,451.51
O24-003640,CUST00920,P0038,West,0.07,12.68,2.76,2024-07-10,1,13.63
O24-007898,CUST00722,P0040,East,0.18,50.35,7.18,2024-01-02,4,15.35
O24-007229,CUST00998,P0044,West,0.06,14.67,2.18,2024-01-14,1,15.61
O24-001029,CUST00634,P0013,West,0,79.16,18.47,2024-09-19,4,19.79
O24-004471,CUST01329,P0020,South,0.2,441.92,36.65,2024-05-29,2,276.2
O24-007454,CUST00378,P0022,South,0.16,4598.29,263.73,2024-09-25,8,684.27
O24-004707,CUST00021,P0045,West,0.18,4.25,0.59,2024-08-30,2,2.59
O24-004886,CUST01341,P0016,North,0.01,124.88,34.97,2024-03-12,2,63.07
O24-005890,CUST00824,P0039,North,0.04,51.92,11.34,2024-01-26,4,13.52083333
O24-003331,CUST01172,P0038,South,0.1,48.53,6.41,2024-06-16,4,13.48
O24-004220,CUST00027,P0016,North,0.25,95.13,17.09,2024-11-09,2,63.42
O24-005204,CUST00905,P0046,West,0.01,3.04,0.57,2024-12-14,1,3.07
O24-005805,CUST00260,P0003,South,0.12,1224.19,204.15,2024-04-18,1,1391.13
O24-004702,CUST00369,P0009,North,0.07,66.26,15.02,2024-08-25,3,23.75
O24-009072,CUST01378,P0043,East,0.07,37.57,6.91,2024-02-03,1,40.4
O24-000515,CUST00431,P0006,East,0.14,3306.61,834.26,2024-11-08,10,384.49
O24-003734,CUST00914,P0022,North,0.12,3119.42,595.23,2024-08-21,5,708.96
O24-005653,CUST00392,P0008,North,0.11,1603.9,435.51,2024-12-19,3,600.71
O24-005309,CUST00193,P0018,North,0.18,672.47,90.4,2024-01-29,2,410.04
O24-003809,CUST00473,P0002,South,0.11,1905.17,375.83,2024-01-21,4,535.16
O24-000726,CUST00683,P0016,North,0.22,312.76,68.15,2024-05-27,6,66.82905983
O24-008537,CUST01380,P0034,North,0.04,28.6,6.35,2024-01-06,3,9.93
O24-009371,CUST01464,P0041,South,0.17,80.08,8.27,2024-09-05,3,32.16
O24-006569,CUST00805,P0041,North,0.19,130.77,19.26,2024-06-10,5,32.29
O24-004777,CUST01179,P0034,South,0.15,16.86,2.23,2024-01-08,2,9.92
O24-002952,CUST01348,P0024,West,0.24,995.75,129.27,2024-04-26,2,655.0986842
O24-009349,CUST00753,P0043,North,0.05,35.45,6.55,2024-09-12,1,37.32
O24-002325,CUST00627,P0006,East,0.09,1040.48,280.9,2024-09-29,3,381.13
O24-004281,CUST00134,P0043  ,South,0.11,34.9,5.75,2024-10-18,1,39.21
O24-007729,CUST00902,P0007,South,0.18,486.59,90.35,2024-01-07,3,197.800813
O24-009463,CUST00437,P0025,South,0.13,932.4,66.91,2024-08-24,2,535.86
O24-009110,CUST01015,P0002,North,0.13,2776.73,670.45,2024-12-21,6,531.94
O24-002929,CUST00388,P0002,North,0.18,856.36,184.84,2024-10-15,2,522.1707317
O24-007951,CUST00394,P0001,South,0.23,2704.18,429.1,2024-03-12,3,1170.64
O24-006583,CUST00125,P0022,North,0.08,1290.01,156.25,2024-03-23,2,701.09
O24-009212,CUST00054,P0004,West,0.16,3117.27,625.58,2024-07-24,4,927.76
O24-001186,CUST01114,P0029,South,0.3,196.69,6.39,2024-07-30,1,280.9857143
O24-001387,CUST00248,P0043,East,0.07,36.56,7.93,2024-10-11,1,39.31
O24-006396,CUST00857,P0034,West,0.05,9.82,1.98,2024-11-28,1,10.34
O24-003770,CUST00368,P0020,South,0.38,979.96,32.91,2024-06-11,6,263.43
O24-000016,CUST00779,P0043,South,0.04,75.65,14.73,2024-11-05,2,39.4
O24-006643,CUST01424,P0008  ,North,0.09,1051.92,236.63,2024-01-17,2,577.98
O24-000050,CUST00525,P0015,South,0.08,394.94,77.22,2024-05-11,8,53.66
O24-007050,CUST00838,P0016,East,0.08,176.5,38.84,2024-09-16,3,63.95
O24-004157,CUST00892,P0024,South,0.16,1679.2,131.78,2024-09-11,3,666.35
O24-008827,CUST01495,P0045,North,0.13,4.45,0.68,2024-09-22,2,2.56
O24-007302,CUST01103,P0035,West,0.07,22.77,4.06,2024-03-23,6,4.08
O24-008306,CUST00233,P0020,North,0.07,243.79,35.56,2024-03-14,1,262.14
O24-002947,CUST01452,P0012,East,0.36,25.51,4.51,2024-03-13,2,19.93
O24-001009,CUST00782,P0044,West,0.29,69.01,8.98,2024-03-20,6,16.2
O24-000897,CUST00336,P0016,North,0.08,113.66,26.93,2024-08-24,2,61.77
O24-003928,CUST00113,P0047,East,0.23,47.72,7.15,2024-12-03,6,10.33
O24-003108,CUST00084,P0015,West,0.27,273.08,54.19,2024-06-22,7,53.44
O24-009908,CUST00116,P0036,West,0.04,117.33,23.33,2024-02-15,6,20.37
O24-003538,CUST00730,P0007,North,0,352.58,61.47,2024-09-30,2,209.87
O24-002886,CUST01073,P0003,South,0.18,2232.19,419.67,2024-02-10,2,1361.09
O24-008285,CUST00402,P0013,East,0.19,33.62,6.61,2024-07-21,2,20.75
O24-005010,CUST00104,P0014,North,0.03,154.54,42.92,2024-11-30,4,39.83
O24-003196,CUST00670,P0006,North,0.06,1501.29,374.83,2024-02-05,4,399.28
O24-006368,CUST01394,P0001,North,0.08,2181.93,567.28,2024-08-06,2,1185.83
O24-002577,CUST00718,P0015,South,0.14,85.62,15.65,2024-11-11,2,49.78
O24-000276,CUST00622,P0048,North,0,4.02,0.87,2024-09-04,2,2.01
O24-007633,CUST00076,P0014,North,0.06,78.13,18.7,2024-01-24,2,41.56
O24-005068,CUST00259,P0014,North,0.23,127.6,27.35,2024-09-25,4,41.43
O24-000219,CUST01022,P0017,North,0.09,386.9,49.56,2024-03-03,2,212.58
O24-009456,CUST00407,P0031,West,0.2,405.89,54.01,2024-10-18,2,253.68
O24-009733,CUST00371,P0010,West,0.18,74.03,13.5,2024-12-17,1,90.28
O24-002086,CUST00027,P0031,North,0.02,3451.95,584.42,2024-12-28,14,251.6
O24-007641,CUST00764,P0015,East,0.16,85.83,20.27,2024-12-13,2,51.09
O24-001700,CUST01205,P0013,North,0.03,37.91,9.87,2024-01-17,2,19.54
O24-006504,CUST00370,P0034,West,0.22,15.87,1.68,2024-05-11,2,10.17
O24-003258,CUST00820,P0036,East,0.24,123.61,17.81,2024-06-25,8,20.33
O24-003294,CUST01245,P0046,East,0.02,20.37,4.3,2024-04-24,7,2.97
O24-002149,CUST00944,P0040,East,0.12,14.56,2.81,2024-01-08,1,16.55
O24-005161,CUST01364,P0005,West,0.19,389.78,89.88,2024-08-29,1,481.21
O24-006614,CUST00756,  P0015,North,0.13,91.49,20.69,2024-11-26,2,52.58
O24-007527,CUST01499,P0032,North,0.09,2223.72,303.52,2024-03-23,5,488.73
O24-007761,CUST01453,P0040,North,0.32,42.98,6.02,2024-08-28,4,15.8
O24-006066,CUST00445,P0019,East,0.05,2252.58,392.45,2024-10-04,6,395.19
O24-009235,CUST00064,P0024,West,0.06,1268.49,224.44,2024-01-18,2,674.73
O24-009512,CUST01008,P0047,North,0.05,9.71,1.8,2024-03-12,1,10.22
O24-007916,CUST00913,P0020,South,0.2,446.96,21.86,2024-07-25,2,279.35
O24-005982,CUST00025,P0009,East,0.23,17.84,2.87,2024-02-19,1,23.17
O24-008688,CUST00525,P0027,West,0.16,650.71,81.31,2024-12-11,6,129.11
O24-001511,CUST01473, P0016 ,North,0.1,112.7,23.39,2024-01-28,2,62.61
O24-003820,CUST01055,P0044,East,0.16,12.55,2.41,2024-06-08,1,14.94
O24-001988,CUST00874,P0038,East,0.18,56.25,9.05,2024-10-17,5,13.72
O24-007336,CUST00795,P0036,South,0.14,54.15,7.56,2024-10-20,3,20.99
O24-006697,CUST00558,P0003,East,0.08,3802.31,886.27,2024-01-02,3,1377.65
O24-002167,CUST00430,P0010,North,0.08,661.3,179.45,2024-09-24,8,89.85
O24-004552,CUST01005,P0021,West,0.13,1142.34,160.92,2024-11-10,6,218.84
O24-006196,CUST01471,P0040  ,East,0.02,79.53,16.47,2024-08-22,5,16.23061224
O24-007869,CUST00792,P0030,North,0.21,252.29,32.27,2024-02-13,3,106.45
O24-008941,CUST00175,P0042,North,0.17,24.43,4.35,2024-03-14,1,29.43
O24-008068,CUST00745,P0002,West,0.04,522.37,104.46,2024-08-04,1,544.14
O24-009050,CUST00931,P0005,West,0.01,473.13,141.94,2024-09-04,1,477.91
O24-008736,CUST00476,P0034,North,0.09,18,2.79,2024-10-02,2,9.89
O24-008595,CUST00052,P0006,West,0.1,688.37,181.31,2024-01-14,2,382.43
O24-007497,CUST00135,P0004,North,0.18,729.68,147.57,2024-04-09,1,889.85
O24-008929,CUST00730,P0019,West,0.05,764.24,105.1,2024-06-16,2,402.23
O24-008662,CUST00363,P0028,East,0.07,3285.36,450.39,2024-12-20,8,441.58
O24-000392,CUST00756,P0014,South,0.22,154.44,21.02,2024-11-17,5,39.6
O24-003291,CUST01219,P0007,East,0.22,831.68,165.8,2024-01-29,5,213.25
O24-002867,CUST01181,P0017,North,0.33,138.07,5.18,2024-07-29,1,206.08
O24-008977,CUST00089,P0006,East,0.24,282.86,52.53,2024-03-18,1,372.18
O24-000876,CUST01264,P0039,East,0.12,37.3,6.35,2024-08-28,3,14.13
O24-008914,CUST01311,P0034,West,0,10.17,2.26,2024-09-11,1,10.17
O24-006097,CUST01247,P0002,East,0.08,508.1,144.56,2024-07-11,1,552.28
O24-009734,CUST00599,  P0012,East,0.16,31.37,6.02,2024-09-19,2,18.67
O24-003969,CUST00724,P0004,East,0.09,3845.75,1028.16,2024-08-20,5,845.22
O24-007526,CUST00232,P0006,South,0.16,1308.62,276.57,2024-01-25,4,389.47
O24-002580,CUST01189,P0047,North,0.12,122.34,18,2024-05-23,14,9.93
O24-003087,CUST00938,P0004,West,0.08,819.45,212.29,2024-01-06,1,890.71
O24-006843,CUST00211,P0011,South,0,79.07,16.7,2024-01-24,1,86.89
O24-002056,CUST01298,P0021,East,0.36,443.92,30.99,2024-01-23,3,231.21
O24-001023,CUST00218,P0035,East,0.12,3.61,0.71,2024-09-10,1,4.1
O24-000259,CUST00587,P0025,East,0.09,954.95,177.1,2024-07-12,2,524.7
O24-004512,CUST01285,P0005,West,0.08,2048.93,403.78,2024-11-10,5,445.42
O24-006960,CUST00280,P0014,West,0.06,151.42,37.07,2024-10-04,4,40.27
O24-002519,CUST00113,P0043,West,0.34,27.06,3.86,2024-12-22,1,41
O24-008606,CUST00138,P0028,North,0.11,1182.97,137.88,2024-08-20,3,443.06
O24-002428,CUST00652,P0041,East,0.09,60.02,9.25,2024-07-27,2,32.98
O24-009899,CUST00875,P0005,North,0.08,444.7,133.41,2024-11-29,1,483.37
O24-000170,CUST01124,P0005,East,0.04,920.56,238.79,2024-10-03,2,479.46
O24-006428,CUST00427,P0036,East,0.1,36.83,7.05,2024-12-11,2,20.46
O24-003690,CUST01089,P0013,North,0.31,27.45,5.09,2024-07-28,2,19.89130435
O24-007202,CUST00401,P0006,East,0.05,727.3,203.9,2024-10-11,2,382.79
O24-006136,CUST00997,P0043,South,0.14,102.37,13.63,2024-12-16,3,39.68
O24-008814,CUST00226,P0038,East,0.25,54.9,6.43,2024-12-09,5,14.64
O24-006714,CUST01036,P0008,South,0.21,3860.38,754.59,2024-12-13,8,610.82
O24-009575,CUST00076,P0023,East,0.02,814.41,148.32,2024-09-29,3,277.01
O24-000667,CUST00929,P0013,West,0.12,15.8,3.53,2024-05-09,1,17.95
O24-007975,CUST00152,P0037,East,0.06,80.31,15.23,2024-11-21,6,14.24
O24-003909,CUST01361,P0035,North,0.19,6.87,1.02,2024-10-30,2,4.24
O24-004477,CUST00411,P0019,North,0.18,1251.58,186.25,2024-12-25,4,381.58
O24-004985,CUST00383,P0026,South,0.14,887.45,63.77,2024-05-27,2,515.96
O24-007256,CUST00032,P0040,North,0.01,46.81,9.92,2024-10-17,3,15.76
O24-000045,CUST00766,P0008,South,0.25,2184.79,410.83,2024-06-14,5,582.61
O24-002139,CUST01488,P0010,East,0.06,260.31,74.85,2024-08-31,3,92.31
O24-003028,CUST01449,P0037,North,0.12,23.8,2.86,2024-11-19,2,13.52
O24-000583,CUST00265,P0023,East,0.27,1612.6,164.97,2024-11-01,8,276.13
O24-009090,CUST00095,P0048,East,0.04,6.42,1.22,2024-11-13,3,2.23
O24-005297,CUST00419,P0038,West,0.05,50.58,11.63,2024-09-09,4,13.31
O24-008462,CUST00610,P0022,North,0.2,1614.84,183.88,2024-09-17,3,672.85
O24-002279,CUST01387,P0004,South,0.19,1365.42,264.58,2024-12-22,2,842.85
O24-009612,CUST00831,P0034,West,0.08,9.51,2.02,2024-11-23,1,10.34
O24-002108,CUST00879,P0044,West,0.05,30.12,5.95,2024-05-13,2,15.85
O24-007252,CUST01188,P0015,East,0.04,396.29,104.31,2024-06-07,8,51.6
O24-002922,CUST00554,P0017,North,0.03,806.88,147.36,2024-10-26,4,207.96
O24-006181,CUST01336,P0026,East,0.04,1452.27,207.93,2024-09-29,3,504.26
O24-000411,CUST01358,P0027,North,0.07,702.58,94.82,2024-08-09,6,125.91
O24-008768,CUST01239,P0004,South,0.04,5912.73,1063.66,2024-07-10,7,879.87
O24-002415,CUST00248,P0009,East,0.02,67.83,18.67,2024-09-10,3,23.07
O24-007850,CUST00403,P0022,North,0.17,1107.1,155.75,2024-04-06,2,666.93
O24-001731,CUST00548,P0022,South,0.4,1668.17,50.16,2024-03-16,4,695.07
O24-003260,CUST00492,P0044,West,0.3,31.04,3.91,2024-03-26,3,14.78
O24-004825,CUST01252,P0003,North,0.15,1187.07,229.22,2024-01-08,1,1396.55
O24-009504,CUST00912,P0006,West,0.19,1419.08,316.14,2024-07-03,5,350.39
O24-001972,CUST01200,P0004,South,0.16,6218.22,904.86,2024-09-26,8,925.33
O24-002967,CUST00063,P0016,West,0.12,58.12,13.15,2024-01-17,1,66.04
O24-006773,CUST01209,P0016,East,0.07,59.98,14.22,2024-08-18,1,64.49
O24-002443,CUST00160,P0045,South,0.16,4.52,0.42,2024-06-02,2,2.69
O24-008697,CUST00400,P0007,East,0.08,583.19,126.39,2024-07-07,3,211.3007246
O24-007493,CUST00361,P0017,West,0.16,352.83,56.31,2024-01-06,2,210.02
O24-003318,CUST00612,P0048,East,0.09,4.08,0.7,2024-06-19,2,2.24
O24-000008,CUST01274,P0046,West,0.12,10.38,1.67,2024-05-17,4,2.95
O24-004020,CUST00551,P0012,East,0.18,17.42,4.35,2024-02-19,1,21.25
O24-001969,CUST00527,P0028,West,0.06,423.01,49.08,2024-09-16,1,450.01
O24-004130,CUST01254,P0015,East,0,55.12,13.88,2024-12-21,1,55.12
O24-001503,CUST00551,P0044,North,0.16,13.23,1.9,2024-07-08,1,15.75
O24-000711,CUST01387,P0021,East,0.11,391.69,53.74,2024-09-11,2,220.05
O24-000147,CUST01432,P0022,North,0.25,1017.74,113.63,2024-12-12,2,678.49
O24-005718,CUST01239,P0002,East,0,912.63,267.23,2024-12-21,2,485.44
O24-001114,CUST01410,P0046,East,0.13,2.55,0.38,2024-09-13,1,2.93
O24-001145,CUST00742,P0018,South,0.23,1351.66,86.87,2024-11-05,4,438.85
O24-006675,CUST00478,P0001,South,0.18,3793.35,572.17,2024-11-05,4,1156.51
O24-008548,CUST01337,P0011,West,0.17,226.64,52.46,2024-08-15,3,91.02
O24-002713,CUST00862,P0038,East,0.03,41.29,9.06,2024-08-12,3,14.18900344
O24-006915,CUST00676,P0022,East,0.32,879.89,83.91,2024-05-25,2,646.98
O24-005709,CUST00875,P0036,West,0.12,69.87,10.3,2024-08-29,4,19.85
O24-005731,CUST00118,P0043,North,0.1,210.82,28.27,2024-07-29,6,39.04
O24-002018,CUST01361,P0047,North,0.01,10.38,2.17,2024-06-24,1,10.48484848
O24-004017,CUST01057,P0012,East,0.08,73.45,18.28,2024-09-06,4,19.96
O24-003121,CUST01146,P0001,North,0.21,3538.47,615.03,2024-11-04,4,1119.77
O24-000832,CUST01129,P0012,West,0.12,18.26,4.35,2024-03-04,1,20.75
O24-004452,CUST00070,P0045,South,0.39,9.77,0.52,2024-10-26,6,2.67
O24-003742,CUST01080,P0008,South,0.3,1707.83,248.34,2024-10-16,4,609.94
O24-008280,CUST00233,P0030,South,0.17,172.86,12.13,2024-06-10,2,104.13
O24-006837,CUST01066,P0040,North,0.11,12.75,2.35,2024-09-23,1,14.33
O24-009120,CUST01100,P0004,South,0.17,3027.74,506.63,2024-01-28,4,911.97
O24-000451,CUST00581,P0010,North,0.22,357.16,80.4,2024-10-02,5,91.58
O24-000086,CUST01294,P0027,East,0.04,245.26,37.87,2024-07-17,2,127.74
O24-009615,CUST00032,P0008,West,0.03,573.72,118.46,2024-05-11,1,591.46
O24-004770,CUST00697,P0007,West,0.18,679.68,134.97,2024-05-11,4,207.22
O24-002419,CUST01365,P0012,West,0.01,20.07,5.64,2024-09-04,1,20.27
O24-003720,CUST00078,P0003,West,0.26,1030.38,257.61,2024-06-28,1,1392.41
O24-009616,CUST00119,P0035,South,0.4,2.45,0.25,2024-05-15,1,4.08
O24-008500,CUST01364,P0005,South,0.15,1932.18,354.95,2024-02-16,5,454.63
O24-007797,CUST01324,P0018,West,0.07,787.17,106.49,2024-05-26,2,423.21
O24-006806,CUST00551,P0016,North,0.1,231.34,55.2,2024-01-30,4,64.26
O24-006434,CUST00540,P0045,South,0.18,22.8,2.18,2024-08-26,10,2.78
O24-004594,CUST00161,P0047,West,0.17,8.18,1.32,2024-12-06,1,9.86
O24-005190,CUST01379,P0016,North,0,436.45,110.35,2024-03-07,7,62.35
O24-002972,CUST01371,  P0044,North,0.11,13.42,2.44,2024-07-27,1,15.08
O24-001955,CUST00957,P0012,North,0.1,18.68,4.78,2024-11-03,1,20.75
O24-004008,CUST01412,P0039,South,0.38,8.36,0.2,2024-11-13,1,13.49
O24-005832,CUST00856,P0046,East,0.11,13.08,2.24,2024-10-27,5,2.94
O24-004637,CUST00500,P0002,North,0.06,1014.35,261.7,2024-09-14,2,539.55
O24-000918,CUST00554,P0009,West,0.03,117.71,34.37,2024-12-26,5,24.27
O24-005793,CUST00165,P0046,North,0.11,27.14,5.44,2024-01-03,10,3.05
O24-001089,CUST00822,P0035  ,East,0.04,20.45,4.46,2024-09-08,5,4.26
O24-004890,CUST00885,P0009,South,0.13,20.28,3.87,2024-04-30,1,23.31
O24-002127,CUST01359,P0015,West,0.04,304.24,74.85,2024-10-06,6,52.82
O24-002203,CUST01356,P0047,East,0.15,8.46,1.43,2024-12-28,1,9.95
O24-002944,CUST00953,P0012,West,0.15,34.61,7.22,2024-12-02,2,20.36
O24-001038,CUST00308,P0016,East,0.09,55.36,13.09,2024-12-19,1,60.84
O24-006117,CUST00417,P0040,South,0.12,13.89,1.39,2024-03-09,1,15.78
O24-008275,CUST00028,P0013,East,0.05,73.68,18.83,2024-08-02,4,19.39
O24-000761,CUST00472,P0039,North,0.1,75.01,13.26,2024-07-22,6,13.89
O24-009524,CUST00807,P0026,East,0.09,465.74,82.5,2024-01-24,1,511.8
O24-003771,CUST01498,P0007,South,0.15,176.41,36.28,2024-08-09,1,207.54
O24-008055,CUST00555,P0038,North,0.04,79.43,16.65,2024-01-21,6,13.79
O24-003229,CUST00175,P0007,South,0.15,991.08,182.99,2024-08-21,6,194.33
O24-008685,CUST01117,P0002,West,0.27,768.75,149.27,2024-04-27,2,526.54
O24-007133,CUST00592,P0008,West,0.04,1623.95,439.71,2024-06-07,3,563.87
O24-001892,CUST00205, P0033 ,South,0.04,13.2,2.33,2024-12-11,1,13.75
O24-008424,CUST00885,P0036,South,0.18,34.7,5.15,2024-05-13,2,21.16
O24-000101,CUST01308,P0010,North,0.12,79.26,22.74,2024-04-15,1,90.06818182
O24-008570,CUST00087,P0014,North,0.11,72.96,17.72,2024-02-21,2,40.99
O24-009383,CUST00596,P0035,East,0.14,3.55,0.54,2024-05-23,1,4.13
O24-004963,CUST00387,P0013,North,0.1,72.32,17.26,2024-04-25,4,20.09
O24-004794,CUST00437,P0021,North,0.09,206.45,31.83,2024-09-24,1,226.87
O24-007294,CUST00130,P0010,East,0,83.23,19.56,2024-06-14,1,96.78
O24-002271,CUST00848,P0016,North,0.04,60.87,13.3,2024-02-26,1,63.41
O24-001856,CUST00639,P0007,North,0.18,175.57,33.38,2024-05-31,1,214.11
O24-003966,CUST01442,P0023,North,0.15,1846.54,231.01,2024-05-20,8,271.55
O24-003996,CUST01178,P0024,South,0.3,900.2,2.11,2024-12-26,2,643
O24-007371,CUST01214,P0011,East,0.12,236.65,48.64,2024-08-17,3,89.64
O24-007011,CUST01419,P0048,North,0.11,3.74,0.6,2024-10-11,2,2.1
O24-007678,CUST01019,P0046,North,0.19,2.52,0.32,2024-05-31,1,3.11
O24-000976,CUST01245,P0010,East,0,271.05,67.17,2024-10-11,3,90.35
O24-002814,CUST01282,P0038,East,0.08,50.49,9.16,2024-11-22,4,13.72
O24-006000,CUST01299,P0003,West,0.11,4737.72,1065.14,2024-09-11,4,1330.82
O24-002874,CUST00971,P0020,East,0.08,488.54,80.53,2024-12-04,2,265.51
O24-007691,CUST01024,P0021,East,0.2,188.27,20.37,2024-11-21,1,235.34
O24-003832,CUST01144,P0032,North,0.14,385.69,34.9,2024-01-31,1,448.48
O24-002461,CUST01371,P0016,North,0.33,42.27,7.75,2024-05-02,1,63.08955224
O24-000966,CUST00459,P0013,West,0.14,84.45,21.22,2024-03-01,5,19.64
O24-005305,CUST01236,P0015,North,0.04,148.98,35.67,2024-08-15,3,51.73
O24-007013,CUST00151,P0014,East,0.06,38.96,8.57,2024-09-06,1,41.45
O24-001290,CUST00674,P0009,West,0.18,61.52,12.85,2024-12-11,3,25.01
O24-009796,CUST00401,P0046,West,0.02,3.02,0.65,2024-12-31,1,3.08
O24-005230,CUST00681,P0038,East,0.17,11.74,1.91,2024-12-10,1,14.15
O24-006213,CUST01243,P0040,East,0.08,14.29,1.64,2024-05-19,1,15.53
O24-006064,CUST01398,P0032,East,0.01,473.5,84.01,2024-12-27,1,478.28
O24-003070,CUST01254,P0029,East,0,860.49,92.31,2024-04-22,3,286.83
O24-002653,CUST01162,P0045,East,0.16,4.67,0.73,2024-09-17,2,2.78
O24-006627,CUST00693,P0002,East,0.07,1526.02,374.96,2024-11-25,3,546.96
O24-003920,CUST01338,P0048,North,0.04,2.05,0.45,2024-09-09,1,2.14
O24-001555,CUST00456,P0017,East,0.11,197.49,32.38,2024-07-10,1,221.9
O24-001389,CUST00693,P0005,West,0.15,1670.01,327.18,2024-10-07,4,491.18
O24-002528,CUST01201,P0014,South,0.13,131.4,27.16,2024-04-01,4,37.76
O24-007776,CUST00640,P0039,West,0.05,40.87,6.69,2024-03-01,3,14.34
O24-000396,CUST00229,P0045,East,0,26.5,5.5,2024-05-23,10,2.65
O24-008381,CUST00327,P0034,North,0.1,16.9,3.29,2024-08-29,2,9.39
O24-004705,CUST00113,P0012,West,0.1,70.78,15.36,2024-04-23,4,19.66
O24-004300,CUST01017,P0002,North,0.18,449.31,88.78,2024-10-16,1,547.94
O24-008773,CUST00659,P0048,East,0.09,15.22,2.97,2024-07-25,8,2.09
O24-003377,CUST00005,P0002,North,0.11,1413.34,274.05,2024-03-05,3,529.34
O24-008218,CUST01048,P0020,East,0.2,2078.08,232.89,2024-02-06,10,259.76
O24-008377,CUST00706,P0031,North,0.05,778.16,101.24,2024-11-17,3,273.0385965
O24-005781,CUST01142,P0006,West,0.08,705.9,187.91,2024-12-17,2,383.64
O24-003254,CUST00388,P0009,East,0.12,61.22,12.23,2024-06-16,3,23.19
O24-005529,CUST00921,P0021,West,0.06,412.43,52.87,2024-04-20,2,219.38
O24-006282,CUST01414,P0023,East,0.06,530.84,100.87,2024-09-09,2,282.36
O24-000023,CUST01246,P0015,West,0.1,99.59,25.04,2024-02-19,2,55.33
O24-001611,CUST00157,P0006,West,0.11,337.71,72.49,2024-07-26,1,379.45
O24-006015,CUST00528,P0015,East,0.02,53.81,15.83,2024-12-30,1,54.91
O24-003513,CUST00886,P0028,West,0.09,1215.64,135.69,2024-12-15,3,445.2893773
O24-004720,CUST01283,P0007,West,0.08,191.93,48.21,2024-03-08,1,208.62
O24-002215,CUST01254,P0025,North,0.05,1491.03,232.38,2024-01-12,3,523.17
O24-007228,CUST01110,P0015,South,0.13,284.59,45.8,2024-12-22,6,54.52
O24-001228,CUST01271,P0046,West,0.06,28.58,5.95,2024-06-09,10,3.04
O24-001788,CUST00827,P0005,North,0,2347.6,534.95,2024-02-21,5,469.52
O24-001308,CUST00339,P0006,South,0.15,324.56,58.22,2024-01-01,1,381.84
O24-000983,CUST00917,P0012,North,0.07,71.8,17.1,2024-12-02,4,19.3
O24-005299,CUST01404,P0004,East,0.12,4867.95,1156.66,2024-02-27,6,921.96
O24-007509,CUST01322,P0003,East,0.06,5265.2,1245.71,2024-06-29,4,1400.32
O24-009133,CUST01049,P0016,North,0.33,258.49,50.68,2024-08-16,6,64.3
O24-008575,CUST01371,P0011,South,0.14,165.12,31.48,2024-10-20,2,96
O24-000445,CUST00136,P0045,South,0.16,2.25,0.37,2024-04-09,1,2.68
O24-000644,CUST01034,P0009,West,0.07,141.96,36.44,2024-09-24,6,25.44
O24-002044,CUST00150,P0047,South,0.11,28.7,3.41,2024-10-14,3,10.75
O24-001540,CUST00520,P0031,West,0.07,254.38,45.47,2024-10-05,1,273.53
O24-009654,CUST01422,P0004,West,0.06,865.96,233.74,2024-02-08,1,921.23
O24-004690,CUST00249,P0024,East,0.03,653.87,98.52,2024-12-23,1,674.09
O24-009965,CUST00507,P0021,South,0.12,376.15,28.27,2024-07-08,2,213.72
O24-006201,CUST01254,P0029,East,0.16,249.12,28.3,2024-06-04,1,296.57
O24-003870,CUST00386,P0010,East,0.16,145.4,32.41,2024-11-21,2,86.55
O24-005304,CUST00098,P0006,East,0.1,1058.89,287.56,2024-08-21,3,392.18
O24-008594,CUST01243,P0010,East,0.11,159.56,37.4,2024-11-10,2,89.64
O24-009525,CUST00878,P0004,North,0.11,765.72,192.58,2024-08-25,1,860.36
O24-002083,CUST00187,P0030,North,0.04,201.85,35.27,2024-07-08,2,105.13
O24-000210,CUST01314,P0011,West,0.12,158.26,32.49,2024-11-21,2,89.92
O24-001184,CUST01226,P0001,East,0.1,1097.86,288.55,2024-10-20,1,1219.84
O24-002272,CUST01192,P0044,West,0.15,50.08,8.35,2024-11-21,4,14.73
O24-007090,CUST00127,P0006,North,0.3,1123.22,207.72,2024-07-05,4,401.15
O24-009770,CUST00239,P0016,North,0.04,480.46,144.14,2024-03-01,8,62.56
O24-008976,CUST00500,P0048,North,0.2,1.75,0.28,2024-11-04,1,2.19
O24-005660,CUST01207,P0023,West,0.14,910.09,97.44,2024-08-24,4,264.56
O24-000150,CUST00780,P0043  ,North,0.11,143.86,23.17,2024-05-04,4,40.41
O24-008292,CUST00135,P0017,South,0.16,360.8,20.03,2024-01-18,2,214.7619048
O24-009843,CUST01258,P0045,East,0.03,5.08,0.76,2024-11-17,2,2.62
O24-002855,CUST00736,P0024,South,0.14,2336.62,302.43,2024-12-02,4,679.25
O24-005320,CUST01493,P0022,West,0.12,2433.52,280.33,2024-11-30,4,691.34
O24-009914,CUST01353,P0031,North,0.06,759.51,147.66,2024-11-20,3,269.33
O24-008659,CUST00947,P0043,East,0.06,35.98,7.63,2024-10-04,1,38.28
O24-004754,CUST00976,P0001,West,0.14,3171.44,736.3,2024-02-21,3,1229.24031
O24-000226,CUST00506,P0012,West,0.13,34.16,7.32,2024-03-01,2,19.63
O24-002985,CUST00526,P0012,South,0.28,14.62,2.8,2024-01-21,1,20.31
O24-004974,CUST00715,P0045,East,0.04,2.61,0.43,2024-12-27,1,2.72
O24-006649,CUST00280,P0025,East,0.18,3429.7,216.5,2024-10-28,8,522.82
O24-008979,CUST00057,P0028,North,0.13,1926.75,248.6,2024-12-12,5,442.9310345
O24-008244,CUST00930,P0045,East,0.08,19.8,4.23,2024-01-09,8,2.69
O24-003614,CUST01089,P0002,North,0.07,516.61,133.26,2024-06-24,1,555.49
O24-007905,CUST00005,P0009,West,0.1,64.83,17.12,2024-10-08,3,24.01
O24-007658,CUST01264,P0011,North,0.11,233.73,50.08,2024-05-23,3,87.54
O24-001472,CUST00841,P0025,West,0.06,4671.89,532.81,2024-06-04,10,497.01
O24-007837,CUST00735,P0028,North,0.12,384.76,42.92,2024-05-30,1,437.23
O24-009680,CUST00479,P0014,West,0.18,446.87,103.22,2024-09-14,13,41.92
O24-005539,CUST01122,P0040,North,0.07,42.21,6.86,2024-06-12,3,15.13
O24-009944,CUST00576,P0003,West,0.08,7716.02,1946.89,2024-07-26,6,1397.83
O24-008082,CUST00861,P0045,South,0.24,7.72,0.53,2024-09-22,4,2.54
O24-004531,CUST00173,P0003,East,0.16,1177.62,297.3,2024-11-01,1,1401.93
O24-001558,CUST00447,P0013,North,0.24,79.08,16.23,2024-02-27,5,20.81
O24-003855,CUST00408,P0005,West,0.05,2091.95,526.2,2024-03-21,5,440.41
O24-003604,CUST00458,P0042,South,0.11,74.89,9.59,2024-04-03,3,28.05
O24-005066,CUST00992,P0020,West,0.13,684.92,74.11,2024-12-05,3,262.42
O24-008311,CUST00134,P0021,West,0.19,897.24,112.35,2024-07-26,5,221.54
O24-001938,CUST01259,P0019,North,0.11,363.6,45.25,2024-06-26,1,408.54
O24-004044,CUST00103,P0038,West,0.18,35.65,5.78,2024-12-05,3,14.49
O24-009824,CUST00296,P0014,North,0.08,112.14,22.42,2024-10-04,3,40.63043478
O24-005712,CUST01007,P0038,East,0.13,46.39,7.16,2024-09-03,4,13.33
O24-006641,CUST01314,P0018,West,0.09,803.13,108.78,2024-08-05,2,441.28
O24-009008,CUST01199,P0002,East,0.01,2194.79,526.37,2024-05-25,4,554.24
O24-004107,CUST01124,P0043,East,0.11,102.98,20.61,2024-09-27,3,38.57
O24-005025,CUST00816,P0014,West,0.07,156.02,38.98,2024-03-31,4,41.94
O24-004593,CUST01432,P0043,South,0.1,34.21,5.36,2024-12-28,1,38.01
O24-002668,CUST00559,P0033,East,0.15,43.96,7.59,2024-08-13,4,12.93
O24-008698,CUST01489,P0016,North,0.06,230.68,56.09,2024-12-14,4,61.35
O24-000724,CUST00181,P0035,East,0.03,39.87,8.65,2024-04-19,10,4.11
O24-009023,CUST01355,P0041,South,0.29,46.48,6.52,2024-03-25,2,32.73
O24-000701,CUST00340,P0045,North,0.08,2.3,0.39,2024-06-28,1,2.5
O24-004644,CUST00205,P0046,East,0,21,4.28,2024-05-25,7,3
O24-003020,CUST00287,P0040,East,0.03,62.12,10.04,2024-02-25,4,16.01
O24-001230,CUST00539,P0010,North,0.16,316.44,73.13,2024-12-31,4,94.18
O24-005936,CUST01203,P0017,East,0.17,528.15,58.07,2024-10-18,3,212.11
O24-006948,CUST01115,P0026,West,0.06,906.24,147.58,2024-01-21,2,482.04
O24-000657,CUST01047,P0028,East,0.14,386.06,53.32,2024-01-16,1,448.91
O24-000563,CUST01223,P0021,South,0.34,449.46,21.62,2024-02-24,3,227
O24-003284,CUST00494,P0037,East,0.19,21.89,3.58,2024-09-14,2,13.51
O24-001583,CUST01436,P0010,East,0.1,85.28,16.46,2024-03-20,1,94.76
O24-007746,CUST01160,P0009,South,0.12,158.68,26.65,2024-01-09,8,22.54
O24-000805,CUST01290,P0008,North,0.05,1648.01,494.4,2024-04-21,3,578.25
O24-002427,CUST00582,P0016,East,0.06,180.37,46.13,2024-04-07,3,63.96
O24-003077,CUST00735,P0013,South,0.19,32.77,5.76,2024-01-30,2,20.23
O24-002690,CUST00660,P0006,East,0.06,383.24,81.17,2024-04-23,1,407.7
O24-008363,CUST00291,P0014,East,0.09,36.55,8.86,2024-06-18,1,40.17
O24-009940,CUST00067,P0037,North,0.3,9.43,1.19,2024-11-12,1,13.47142857
O24-002881,CUST01259,P0035,North,0.05,16.04,3.29,2024-01-20,4,4.22
O24-004405,CUST00997,P0037,South,0.3,9.36,0.82,2024-02-26,1,13.37
O24-001075,CUST00975,P0032,West,0.09,889.36,138.21,2024-04-27,2,488.6593407
O24-009324,CUST01456,P0016,West,0.33,90.8,17.57,2024-01-17,2,67.76
O24-007758,CUST01480,P0045,East,0.03,2.59,0.55,2024-12-22,1,2.67
O24-006992,CUST01351,P0015,South,0.1,147.61,28.75,2024-06-05,3,54.67
O24-007615,CUST00390,P0040,East,0.07,117.92,20.01,2024-03-30,8,15.85
O24-008126,CUST00096,P0033,East,0.17,31.9,3.67,2024-11-12,3,12.81
O24-008899,CUST00934,P0017,West,0.06,848.78,113.46,2024-10-08,4,225.74
O24-003299,CUST00651,P0007,West,0.14,356.19,80.72,2024-07-20,2,207.09
O24-003664,CUST00489,P0013,West,0.09,33.78,9.7,2024-03-03,2,18.56
O24-009841,CUST01085,P0036,South,0.05,62.84,7.3,2024-11-12,3,22.05
O24-006758,CUST00842,P0027,East,0.08,616.26,92.59,2024-10-11,5,133.97
O24-009395,CUST00956,P0021,East,0.02,426.65,80.39,2024-07-17,2,217.68
O24-005963,CUST00080,P0028,East,0.08,398.67,43.58,2024-12-26,1,433.34
O24-008849,CUST01146,P0048,West,0.35,5.93,0.64,2024-11-03,4,2.28
O24-006952,CUST00168,P0014,West,0.13,137.88,28.24,2024-08-29,4,39.62
O24-002537,CUST00224,P0042,North,0.05,166.44,31.4,2024-09-27,6,29.2
O24-005224,CUST01215,P0012,South,0.12,17.81,3.5,2024-09-11,1,20.24
O24-007910,CUST01036,P0022,West,0.2,554.58,82.92,2024-05-06,1,693.23
O24-008846,CUST00225,P0022,West,0.24,1994,228.47,2024-04-17,4,655.92
O24-009703,CUST00518,P0016,West,0,127.72,31.19,2024-08-04,2,63.86
O24-002919,CUST01075,P0041,West,0.15,26.21,4.6,2024-07-09,1,30.84
O24-004539,CUST00122,P0019,East,0.04,3130.91,472.02,2024-08-25,8,407.67
O24-007552,CUST01493,P0016,South,0.16,56.9,12.62,2024-04-25,1,67.74
O24-001242,CUST01285,P0030,North,0,214.62,40.3,2024-06-22,2,107.31
O24-002478,CUST00990,P0024,West,0.08,2455.92,393.04,2024-05-24,4,667.37
O24-007004,CUST00593,P0034,South,0.2,49.49,6.16,2024-12-08,6,10.31
O24-003218,CUST00343,P0035,East,0.27,2.83,0.25,2024-10-01,1,3.88
O24-000913,CUST01438,P0046,East,0.05,14.49,2.56,2024-11-20,5,3.05
O24-007863,CUST00445,P0002,West,0.06,999.95,193.31,2024-11-24,2,531.89
O24-006859,CUST01143,P0029,South,0.08,2097.16,258,2024-09-12,8,284.94
O24-002821,CUST00235,P0037,East,0.08,37.7,6.33,2024-11-04,3,13.66
O24-003976,CUST00935,P0003,East,0.12,1190.19,277.85,2024-07-17,1,1352.49
O24-005567,CUST00507,P0005,North,0.2,745.87,143.61,2024-07-10,2,466.17
O24-009687,CUST00701,P0039,East,0.1,12.2,2.25,2024-02-11,1,13.55
O24-003293,CUST01213,P0037,North,0.14,59.68,10.12,2024-12-15,5,13.88
O24-009776,CUST01163,P0043,South,0.1,36.87,4.71,2024-03-05,1,40.97
O24-004641,CUST00670,P0006,North,0.16,647.22,126.7,2024-02-05,2,385.25
O24-000167,CUST00881,P0026,East,0.1,909.81,95.42,2024-07-12,2,505.45
O24-002142,CUST00865,P0001,North,0.1,1066.2,252.35,2024-01-28,1,1184.67
O24-003829,CUST00931,P0027,East,0.06,231.95,27.98,2024-09-01,2,123.38
O24-001779,CUST01176,P0002,East,0.15,943.31,227.5,2024-01-19,2,554.89
O24-005946,CUST00394,P0022,East,0.06,1265.77,183.84,2024-08-18,2,673.28
O24-005131,CUST00033,P0036,South,0.4,48.24,2.61,2024-11-01,4,20.1
O24-007373,CUST00662,P0033,North,0.16,11.06,1.84,2024-04-13,1,13.17
O24-007753,CUST00632,P0045,North,0.15,2.15,0.28,2024-06-19,1,2.53
O24-001391,CUST00617,P0003,West,0.38,853.39,125.2,2024-09-05,1,1376.44
O24-004482,CUST00975,  P0013,West,0.21,29.91,5.49,2024-05-23,2,18.93
O24-002641,CUST01118,P0007,East,0.14,355.66,77.78,2024-09-20,2,206.78
O24-000487,CUST01096,P0001,East,0.07,1121.74,271.9,2024-06-05,1,1206.17
O24-000119,CUST00983,  P0016,South,0.07,119.73,27.5,2024-05-23,2,64.37
O24-005760,CUST00044,P0018,West,0.04,1190.39,180.48,2024-10-08,3,413.33
O24-001963,CUST00714,  P0012,North,0.11,73.23,19.19,2024-01-16,4,20.57
O24-009362,CUST01177,P0047,South,0.31,28.37,2.4,2024-07-15,4,10.28
O24-000801,CUST00121,P0008,West,0.09,1035.85,256.71,2024-05-19,2,569.15
O24-005826,CUST00798,P0039,East,0.06,25.64,4.54,2024-06-29,2,13.64
O24-007964,CUST01131,P0046,West,0.05,2.75,0.48,2024-10-28,1,2.89
O24-005451,CUST01125,P0013,East,0.1,52.81,13.86,2024-09-19,3,19.56
O24-003336,CUST01404,P0012,East,0.06,90.52,18.97,2024-11-21,5,19.26
O24-004349,CUST01165,P0004,West,0.08,841.25,200.66,2024-06-21,1,914.4
O24-000040,CUST01015,P0034,West,0.05,9.49,2.27,2024-04-13,1,9.99
O24-001310,CUST01322,P0013,North,0.08,18.04,4.15,2024-10-13,1,19.61
O24-008485,CUST00378,P0006,North,0.02,377.11,97.4,2024-10-11,1,384.81
O24-005097,CUST01349,P0026,North,0.13,4424.65,456.55,2024-10-26,10,508.58
O24-008566,CUST00746,P0021,East,0.06,416.12,72.24,2024-11-25,2,221.34
O24-007425,CUST01136,P0016,West,0.07,122.5,25.83,2024-06-18,2,65.86
O24-009466,CUST01445,P0011,East,0.13,72.89,13.96,2024-04-20,1,83.78
O24-002647,CUST00214,P0018,South,0.15,1969.11,182.94,2024-04-11,5,463.32
O24-007804,CUST00878,P0010,West,0.03,452.46,124.79,2024-09-07,5,93.29072165
O24-007315,CUST00688,P0016,East,0,193.89,49.57,2024-12-09,3,64.63
O24-001077,CUST00322,  P0037,West,0.14,46.72,8.86,2024-11-29,4,13.58
O24-004534,CUST00780,P0014,West,0.15,71.09,19.36,2024-06-19,2,41.82
O24-006767,CUST01152,P0016,North,0.06,121.09,34.94,2024-01-25,2,64.41
O24-001332,CUST00424,P0001,East,0.12,2079.21,485.72,2024-08-19,2,1181.37
O24-002008,CUST00461,P0011,North,0.11,615.74,131.59,2024-01-18,8,86.48
O24-005643,CUST00052,P0040,North,0.14,13.43,2.42,2024-07-11,1,15.62
O24-008904,CUST01328,P0019,East,0.06,377.68,53.44,2024-12-17,1,401.79
O24-008689,CUST00408,P0046,North,0.11,8.06,1.65,2024-07-21,3,3.02
O24-006224,CUST00289,P0015,South,0.11,206.76,39.43,2024-12-01,4,58.08
O24-006255,CUST01392,P0037,East,0,27.6,5.83,2024-07-26,2,13.8
O24-001419,CUST00730,P0023,North,0.09,740.59,131.69,2024-02-28,3,271.28
O24-008760,CUST01463,P0023,West,0.35,176.14,9.97,2024-10-25,1,270.98
O24-008505,CUST01050,P0007,North,0.13,581.09,135.62,2024-11-04,3,222.64
O24-006366,CUST01007,P0008,North,0.15,5097.28,1182.93,2024-12-31,10,599.68
O24-009284,CUST01346,P0005,West,0.06,2560.84,627.05,2024-10-04,6,454.05
O24-008653,CUST01207,P0039,West,0.16,23.25,3.63,2024-12-25,2,13.84
O24-004920,CUST00925,P0028,South,0.16,365.53,26.47,2024-10-13,1,435.15
O24-008632,CUST00006,P0017,West,0.19,522.38,77.5,2024-10-06,3,214.97
O24-006533,CUST00716,P0002,North,0.11,474.37,109.82,2024-09-03,1,533
O24-007883,CUST01402,P0017,North,0.16,351.44,40.75,2024-02-20,2,209.19
O24-008668,CUST01137,P0005,South,0.19,3722.11,577.86,2024-10-19,10,459.52
O24-003501,CUST00575,P0007,South,0.13,180.59,37.41,2024-10-21,1,207.58
O24-005476,CUST00756,P0013,South,0.13,71.1,13.5,2024-10-03,4,20.43
O24-005985,CUST01307,P0044,West,0.15,105.81,11.26,2024-05-09,8,15.56
O24-009838,CUST01201,P0028,West,0.13,1202.3,178.23,2024-02-06,3,460.65
O24-004182,CUST00674,P0023,East,0.12,2230.54,342.59,2024-12-20,10,253.47
O24-003027,CUST01381,P0012,North,0.16,17,4.02,2024-12-14,1,20.24
O24-002594,CUST00448,P0009,East,0,22.34,5.24,2024-06-28,1,23.52
O24-004541,CUST01428,P0033,North,0.18,31.56,4.19,2024-03-31,3,12.83
O24-009900,CUST00205,P0039,East,0.04,52.8,11.18,2024-01-16,4,13.75
O24-008900,CUST00024,P0011  ,North,0.12,317.72,66.62,2024-11-25,4,90.26
O24-005700,CUST01491,P0045,West,0.08,4.99,0.93,2024-12-12,2,2.71
O24-006246,CUST01274,P0025  ,South,0.28,354.93,20.23,2024-07-29,1,492.96
O24-006218,CUST00353,P0013,East,0.06,35.59,8.04,2024-01-24,2,18.93
O24-009300,CUST00955,P0014,East,0.05,117.62,29.38,2024-03-10,3,41.27
O24-005263,CUST00892,P0040,East,0.15,13.47,2.47,2024-03-09,1,15.85
O24-004092,CUST00659,P0029,South,0.24,687.19,71.09,2024-11-10,3,301.4
O24-006585,CUST01017,P0010,West,0.15,73.46,16.98,2024-12-18,1,86.42
O24-003169,CUST00565,P0013,North,0.29,71.75,15.17,2024-07-04,5,20.21
O24-001751,CUST01455,P0011,North,0.08,79.03,21.09,2024-05-25,1,85.9
O24-002323,CUST00070,P0014,East,0.09,37.09,10.25,2024-11-14,1,40.76
O24-009220,CUST00768,P0015,East,0.16,178.15,47.84,2024-09-29,4,53.02
O24-003185,CUST00252,P0009,South,0.07,108.81,25.41,2024-01-20,5,23.4
O24-000507,CUST00327,P0035,North,0.16,3.35,0.47,2024-08-23,1,3.99
O24-009949,CUST00842,P0014,East,0.1,105.03,27.6,2024-01-30,3,38.9
O24-005008,CUST00650,P0032,West,0.06,3468,458.67,2024-02-29,8,461.17
O24-001347,CUST00305,P0011,South,0.22,412.54,57.51,2024-03-07,6,88.14957265
O24-008922,CUST00379,P0041  ,North,0.16,105.4,14.59,2024-06-14,4,31.37
O24-007276,CUST01236,P0019,North,0.17,1269.44,141.64,2024-06-01,4,382.36
O24-003648,CUST01190,P0034,East,0.38,12.44,1.35,2024-03-26,2,10.03
O24-005351,CUST00721,P0037,East,0.01,13.63,2.57,2024-12-21,1,13.77
O24-008536,CUST00547,P0012,North,0.08,34.85,9.25,2024-12-15,2,18.94
O24-004713,CUST00276,P0037,West,0.35,8.66,0.52,2024-02-22,1,13.32
O24-009214,CUST00970,P0017,South,0.14,552.4,48.46,2024-12-28,3,214.1085271
O24-004371,CUST00242,P0019,North,0.08,1814.42,257.48,2024-12-22,5,394.44
O24-004489,CUST01107,P0036,West,0.18,67.21,10.64,2024-05-02,4,20.49
O24-001052,CUST00644,P0045,West,0.12,2.39,0.43,2024-05-08,1,2.72
O24-004709,CUST01163,P0033,West,0.28,28.04,4.07,2024-01-12,3,12.98
O24-002865,CUST00007,P0013,East,0.08,18.51,5.17,2024-01-03,1,20.12
O24-004706,CUST00181,P0019,North,0.11,3585.99,563.02,2024-05-02,10,402.92
O24-001446,CUST00575,P0011,South,0.18,352.19,77.75,2024-11-21,5,85.9
O24-005007,CUST00599,P0045,East,0.17,2.22,0.39,2024-09-05,1,2.67
O24-006430,CUST00686,P0031,East,0.06,728.66,124.72,2024-04-30,3,258.39
O24-003110,CUST01088,P0012,South,0.13,17.61,4.07,2024-10-03,1,20.24
O24-003808,CUST00754,P0037,East,0.17,94.16,15.97,2024-07-12,8,14.18
O24-005862,CUST00262,P0042,West,0,113.28,25.01,2024-03-22,4,29.81
O24-000333,CUST00532,P0023,East,0.17,454.42,57.17,2024-12-24,2,273.75
O24-009533,CUST00125,P0013,North,0.08,51.42,11.89,2024-12-02,3,18.63
O24-001610,CUST00659,P0039,West,0.07,39,7.59,2024-07-11,3,13.98
O24-001317,CUST01457,P0011,East,0.1,78.15,19.03,2024-05-08,1,86.83
O24-001182,CUST00193,P0047,South,0.12,17.93,2.21,2024-05-15,2,10.19
O24-002667,CUST01171,P0017,East,0.14,194.7,24.02,2024-03-11,1,226.4
O24-000817,CUST00698,P0001,East,0.14,1013.26,207.03,2024-02-24,1,1178.21
O24-002484,CUST01461,P0022,South,0.18,4641.13,240.29,2024-07-20,8,707.49
O24-000854,CUST00234,P0006,East,0.09,1370.13,345.26,2024-01-01,4,376.41
O24-008935,CUST00027,P0004,East,0.02,4334.59,1160.38,2024-07-07,5,884.61
O24-002986,CUST01347,P0016,South,0.14,173.87,31.01,2024-06-02,3,67.39
O24-008605,CUST00991,P0038,East,0.15,119.59,21.82,2024-07-24,10,14.06941176
O24-004426,CUST00384,P0019,South,0.19,1628.95,47.15,2024-02-25,5,402.21
O24-008456,CUST01135,P0048,West,0.06,6.29,0.85,2024-07-28,3,2.23
O24-001097,CUST00848,  P0024,South,0.08,616.85,37.88,2024-09-28,1,670.49
O24-004411,CUST00268,P0002,North,0.11,993.35,217.67,2024-11-07,2,558.06
O24-008665,CUST00327,P0035,East,0.05,3.71,0.63,2024-05-30,1,3.91
O24-000666,CUST00549,P0014,East,0.04,39.23,8.76,2024-02-01,1,40.86
O24-003387,CUST00077,P0019,North,0.08,367.24,56.46,2024-12-19,1,399.17
O24-000772,CUST01196,P0008,West,0.1,1059.71,229.03,2024-01-27,2,588.73
O24-003436,CUST00101,P0007,North,0.07,596.67,149.95,2024-02-22,3,213.86
O24-005509,CUST01459,P0036,West,0.14,172.43,28.82,2024-11-06,10,20.05
O24-005968,CUST00031,P0043,North,0,106.07,14.14,2024-10-06,4,39.58
O24-003004,CUST00879,P0021,North,0.34,867.56,66.26,2024-06-17,6,219.08
O24-006467,CUST00496,P0024,West,0.12,4681.67,598.64,2024-12-31,8,665.01
O24-000954,CUST01221,P0031,East,0.1,459.32,61.3,2024-07-26,2,255.18
O24-002113,CUST00136,P0027,North,0.09,578.67,86.86,2024-04-30,5,127.18
O24-001552,CUST00768,P0015,North,0.06,104.13,30.69,2024-07-01,2,55.39
O24-003833,CUST01102,P0045  ,South,0.14,2.34,0.37,2024-11-18,1,2.72
O24-002034,CUST00808,P0044,East,0.29,21.56,2.66,2024-03-22,2,15.18
O24-009311,CUST00152,P0003,South,0.18,1152.58,180.85,2024-12-02,1,1405.59
O24-002917,CUST00882,P0016,South,0.23,98.24,19.53,2024-05-06,2,63.79
O24-004999,CUST01167,P0022,East,0.13,1161.97,147.29,2024-10-21,2,667.8
O24-009901,CUST00445,P0028,West,0.25,334.06,22.5,2024-10-26,1,445.4133333
O24-003841,CUST00499,P0034,North,0.08,9.55,2.01,2024-11-01,1,10.38
O24-007315,CUST00688,P0016,East,0,193.89,49.57,2024-12-09,3,64.63
O24-005386,CUST01150,P0043,West,0.19,126.75,19.65,2024-11-30,4,39.12
O24-004577,CUST01486,P0036,South,0.22,16.44,1.86,2024-08-14,1,21.08
O24-001026,CUST00533,P0043,South,0.1,429.76,67.39,2024-04-28,11,43.41
O24-004096,CUST00354,P0001,West,0.13,4130.52,960.66,2024-03-13,4,1186.93
O24-001150,CUST00094,P0020,South,0.29,588.16,25.77,2024-06-09,3,276.13
O24-000700,CUST01424,P0004,West,0.1,2452.33,571.33,2024-05-15,3,908.27
O24-002946,CUST00143, P0046 ,East,0.01,3.03,0.44,2024-07-20,1,3.06
O24-008596,CUST00122, P0025 ,East,0.15,3669.28,528,2024-07-29,8,539.6
O24-006646,CUST01305,P0017,West,0.15,1120.62,155.59,2024-10-23,6,219.73
O24-006894,CUST00197,P0041,East,0.02,31.19,7.35,2024-06-08,1,31.83
O24-002488,CUST00638,P0033,North,0,143.22,29.7,2024-12-01,11,13.02
O24-002397,CUST00334,P0013,North,0.09,92.73,22.05,2024-08-04,5,20.38
O24-003699,CUST00412,P0002,East,0.03,2114.87,568.56,2024-10-20,4,545.07
O24-005278,CUST01142,P0008,East,0.08,1032.92,241.73,2024-07-22,2,561.37
O24-005239,CUST01363,P0003,South,0.24,4923.66,952.34,2024-04-09,5,1295.7
O24-001262,CUST01266,P0034,North,0.1,17.98,3.89,2024-01-04,2,9.99
O24-009208,CUST00654,P0011,East,0.08,160.36,42.17,2024-08-01,2,87.15
O24-008405,CUST00920,P0015,East,0.07,49.52,14.86,2024-06-26,1,53.25
O24-009520,CUST00311,P0001,West,0.06,1096.77,251.22,2024-12-03,1,1166.78
O24-009447,CUST01010,P0022,North,0.07,3469.87,316.6,2024-10-23,6,621.84
O24-008276,CUST00775,P0001,East,0.07,6638.75,1597.53,2024-05-28,6,1189.74
O24-009753,CUST00817,P0046,South,0.2,4.69,0.62,2024-10-26,2,2.93
O24-005668,CUST00896,P0022,North,0.14,1697.67,244.04,2024-02-12,3,658.01
O24-004821,CUST00269,P0023,South,0.15,449.68,25.95,2024-12-10,2,264.52
O24-008047,CUST00863,P0032,East,0.23,374.9,48.61,2024-01-10,1,486.8831169
O24-004995,CUST00725,  P0015,East,0.1,98.19,27.71,2024-12-18,2,54.55
O24-005870,CUST01342,P0026,North,0.05,978.5,156.17,2024-07-24,2,515
O24-000804,CUST01475,P0013,North,0.09,35.69,8.31,2024-07-07,2,19.61
O24-007801,CUST01019,P0042,East,0,46.46,7.06,2024-05-02,2,28.33
O24-006075,CUST01262,P0035,North,0.08,11.73,1.89,2024-10-13,3,4.25
O24-000737,CUST01289,P0012,North,0.13,16.63,4.53,2024-08-20,1,19.11
O24-002346,CUST00293,P0008,South,0.2,467.11,107.07,2024-11-07,1,583.89
O24-005150,CUST00622,P0025,North,0.11,870.69,101.25,2024-12-22,2,489.15
O24-005595,CUST00843,P0048,East,0.25,8.02,1.04,2024-04-16,5,2.14
O24-000097,CUST00030,P0011,East,0.06,82.7,23.24,2024-03-05,1,87.98
O24-001050,CUST00285,P0007,North,0.09,784.97,184.69,2024-02-10,4,215.65
O24-007143,CUST01027,P0008,East,0.1,1018.08,219.01,2024-09-13,2,565.6
O24-003296,CUST01470,P0018,East,0.06,5800.8,777.25,2024-12-10,14,440.79
O24-005593,CUST01093,  P0006,South,0.22,303.44,46.14,2024-06-11,1,389.02
O24-002098,CUST00319,P0041,West,0.17,78.83,9.98,2024-01-24,3,31.66
O24-005576,CUST00870,P0009,South,0.14,62.93,11.52,2024-01-28,3,24.39
O24-007731,CUST00741,P0014,West,0.23,90.41,18.24,2024-09-25,3,39.14
O24-009080,CUST00848,P0004,East,0.05,8196.41,1934.7,2024-01-01,10,862.78
O24-000640,CUST00002,P0014,East,0.1,36.97,8.12,2024-06-06,1,41.08
O24-001673,CUST00951,P0002,East,0.12,1367.81,321.56,2024-08-10,3,518.11
O24-000833,CUST01476,P0033,North,0.12,35.22,5.4,2024-10-17,3,13.34
O24-003671,CUST00423,P0010,West,0.27,335.84,64.9,2024-04-27,5,92.01
O24-004285,CUST01356,P0044,North,0.04,76.56,15.65,2024-11-05,5,15.95
O24-003120,CUST01416,P0017,North,0.19,172.92,20.35,2024-05-18,1,213.48
O24-005464,CUST00714,P0043,North,0.26,107.71,14.77,2024-03-02,4,36.39
O24-003168,CUST00865,P0040,South,0.21,12.02,1.47,2024-03-09,1,15.21
O24-006245,CUST00050,P0014,South,0.19,101.82,16.46,2024-09-03,3,41.90123457
O24-004816,CUST01393,P0038,North,0.04,13.3,2.81,2024-04-02,1,13.85
O24-003850,CUST01151,P0012,East,0.09,56.89,14.51,2024-07-27,3,20.84
O24-005733,CUST00425,P0008,North,0.07,2186.13,493.53,2024-02-25,4,587.67
O24-004622,CUST00354,P0009,North,0.06,86.03,21.65,2024-09-12,4,22.88
O24-009540,CUST01256,P0007,East,0.12,733.57,179.22,2024-01-17,4,208.4
O24-007787,CUST00705,P0024,West,0.17,2132.93,287.89,2024-12-20,4,642.45
O24-003303,CUST01055,P0004,East,0.08,4129.56,988.5,2024-04-18,5,897.73
O24-003435,CUST00689,P0020,West,0.13,1468.07,223.48,2024-01-08,6,281.24
O24-009644,CUST00110,P0039,South,0.11,37.38,5.19,2024-02-12,3,14
O24-009604,CUST00164,P0034,East,0,61.74,12.65,2024-05-20,6,10.29
O24-001840,CUST01256,P0023,East,0.22,850.54,86.23,2024-06-05,4,272.6089744
O24-001626,CUST00288,P0005,East,0.23,733.01,141.96,2024-11-16,2,475.98
O24-001833,CUST00017,P0027,South,0.37,773.64,6.91,2024-09-11,10,122.8
O24-002318,CUST00277,P0047,North,0.07,38.8,7.33,2024-12-24,4,10.43
O24-009786,CUST01344,P0039,East,0.1,12.19,2.26,2024-12-24,1,13.54
O24-007262,CUST00438,P0006,East,0.13,2028.28,484.24,2024-06-17,6,388.56
O24-002095,CUST00480,P0020,North,0,293.44,39.18,2024-01-31,1,293.44
O24-001694,CUST01483,P0006,West,0.06,732.79,175.54,2024-05-21,2,389.78
O24-007541,CUST00945,P0027,East,0.1,115.78,13.84,2024-07-11,1,128.64
O24-003517,CUST00900,P0042,East,0.05,215.92,48.48,2024-08-23,8,28.41
O24-004957,CUST00880,P0028,South,0.09,769.17,59.28,2024-12-03,2,422.62
O24-001816,CUST00222,P0043,West,0.14,96.83,16.02,2024-12-12,3,37.53
O24-000674,CUST01232,P0042,West,0.16,73.91,13.27,2024-04-03,3,29.33
O24-003397,CUST00599,P0009,West,0.12,20.45,4.73,2024-11-19,1,23.24
O24-005912,CUST01119,P0035,West,0.16,12.94,2.01,2024-12-25,4,3.85
O24-008695,CUST00728,P0009,North,0.12,21.05,5.27,2024-12-07,1,23.92
O24-007638,CUST01430,P0003,East,0.08,1275.55,307.77,2024-09-14,1,1386.47
O24-005895,CUST00987,P0010,West,0.18,302.42,74.59,2024-10-28,4,92.2
O24-003310,CUST00173,P0003,South,0.21,5514.24,860.88,2024-11-01,5,1396.01
O24-001625,CUST01472,P0017,North,0.18,182.65,19.75,2024-01-01,1,222.74
O24-002047,CUST00134,P0017,South,0.05,578.52,51.77,2024-12-11,3,202.99
O24-001318,CUST00473,P0003,East,0.11,1254.51,310.96,2024-06-15,1,1409.561798
O24-007739,CUST01125,P0039,East,0.34,35.64,3.74,2024-09-20,4,13.5
O24-005602,CUST01248, P0015 ,West,0.13,273.89,55.98,2024-12-01,6,52.46934866
O24-000357,CUST01214,P0024,West,0.17,1049.9,97.08,2024-06-10,2,632.47
O24-005661,CUST01116,P0024,West,0.2,532.11,64.46,2024-01-23,1,665.14
O24-005923,CUST01311,P0032,North,0,490.38,93.6,2024-01-22,1,490.38
O24-008766,CUST00227,P0046,East,0.08,15.9,2.92,2024-04-19,6,2.88
O24-000248,CUST01389,P0007,East,0.09,1167.18,266.12,2024-04-29,6,213.77
O24-007155,CUST00627,P0002,North,0.05,2607.18,554.87,2024-04-12,5,548.88
O24-002471,CUST00548,P0042,West,0.09,27.09,5.27,2024-06-09,1,29.77
O24-008239,CUST00593,P0034,North,0.13,46.2,9.66,2024-08-27,5,10.62
O24-008693,CUST01144,P0034,East,0.04,37.82,7.86,2024-06-15,4,9.85
O24-007198,CUST01408,P0009,South,0.13,84.18,18.91,2024-10-05,4,24.19
O24-003272,CUST01479,P0041,East,0.15,27.32,4.33,2024-12-31,1,32.14
O24-003434,CUST00701,P0024,South,0.1,1683.23,67.64,2024-05-29,3,623.42
O24-008907,CUST00465,P0022,West,0.06,647.83,107.76,2024-03-26,1,689.18
O24-000176,CUST00499,P0011,South,0.16,77.33,13.19,2024-09-21,1,92.06
O24-009550,CUST00503,P0043,South,0.17,31.6,4.42,2024-07-20,1,38.07
O24-004565,CUST01434,P0027,South,0.17,417.32,47.69,2024-11-29,4,125.7
O24-002961,CUST01453,P0038,North,0.04,166.48,32.13,2024-12-27,13,13.34
O24-001720,CUST01467,P0036,North,0.13,17.85,3.25,2024-11-01,1,20.52
O24-005641,CUST01489,P0003,North,0.03,5203.51,1421.86,2024-02-29,4,1341.11
O24-005770,CUST01186,P0014,North,0.3,86.14,15.66,2024-08-31,3,41.02
O24-007484,CUST00376,P0047,North,0.1,9.58,1.64,2024-03-27,1,10.64
O24-000492,CUST01391,P0012,West,0.08,37,8.84,2024-02-23,2,20.11
O24-005037,CUST00453,P0021,North,0.05,1486.41,247.93,2024-11-30,7,223.52
O24-000645,CUST00408,P0038,North,0.11,143.13,23.97,2024-03-23,11,14.62
O24-000848,CUST00056,P0005,North,0.14,801.52,177.95,2024-12-21,2,466
O24-005630,CUST00692,P0024,North,0.1,575.33,57.29,2024-11-16,1,639.25
O24-003970,CUST01120,P0031,East,0.15,218.42,33.93,2024-05-16,1,256.97
O24-008642,CUST00764,P0012,West,0.06,18.71,5.61,2024-01-03,1,19.9
O24-003830,CUST01426,P0016,East,0.17,268.75,63.47,2024-04-20,5,64.76
O24-005626,CUST00877,P0018,North,0,839.22,104.01,2024-06-24,2,419.61
O24-008621,CUST00162,P0046,North,0.12,7.68,1.12,2024-02-17,3,2.91
O24-005426,CUST01200,  P0016,West,0,349.96,94.16,2024-07-16,6,62.05
O24-006352,CUST01471,P0003,South,0.05,5213.9,1070.02,2024-04-09,4,1372.08
O24-009788,CUST00194,P0037,North,0.08,12.94,1.94,2024-09-19,1,14.06
O24-008859,CUST00632,P0032,East,0,1279.07,176.67,2024-01-15,3,473.73
O24-005711,CUST00358,P0016,East,0.24,47.39,8.45,2024-08-11,1,62.36
O24-007450,CUST01117,P0034,West,0.15,25.65,3.68,2024-12-14,3,10.06
O24-003325,CUST01116,P0024,West,0.01,1294.9,214.27,2024-01-07,2,653.99
O24-009549,CUST00994,P0026,West,0.03,1442.63,229.25,2024-11-04,3,495.75
O24-001012,CUST00718,P0044,East,0.02,60.56,13.76,2024-12-13,4,15.45
O24-000042,CUST00415,P0037,South,0.2,44.38,4.53,2024-12-24,4,13.87
O24-007773,CUST01174,P0025,North,0.18,851.49,113.41,2024-04-04,2,519.2
O24-008455,CUST01303,P0032,West,0.14,414.59,46.28,2024-12-18,1,482.08
O24-008860,CUST00244,P0031,North,0.22,584.56,70.27,2024-03-11,3,249.81
O24-005331,CUST00165,P0044,West,0.06,15.43,3.31,2024-06-04,1,16.41
O24-001327,CUST01413,P0024,North,0.13,2291.41,374.25,2024-10-22,4,658.45
O24-001636,CUST01313,P0011,East,0.2,277.79,59.42,2024-12-30,4,86.81
O24-008794,CUST00774,P0009,East,0.05,176.24,43.5,2024-11-16,8,23.19
O24-005806,CUST01213,P0021,East,0.25,328.36,51.21,2024-10-10,2,218.91
O24-003431,CUST00810,P0045,East,0.09,4.68,0.72,2024-11-14,2,2.57
O24-002253,CUST01453,P0039  ,East,0.05,25.65,4.76,2024-03-30,2,13.5
O24-004379,CUST00764,P0014,West,0.05,154.2,33.44,2024-04-07,4,40.58
O24-000018,CUST00309,P0043,East,0,267.96,53.21,2024-12-17,7,38.28
O24-009459,CUST00693,P0024,West,0.06,612.11,77.74,2024-08-09,1,651.18
O24-008894,CUST00268,P0037,North,0.05,50.58,9.03,2024-11-11,4,13.31
O24-004988,CUST00448,P0016,North,0.11,222.25,60.81,2024-10-06,4,62.43
O24-009517,CUST01399,P0009,West,0.01,24.16,5.68,2024-01-25,1,24.4
O24-001930,CUST01128,P0002,North,0.01,527.45,144.86,2024-05-04,1,532.78
O24-006903,CUST01449,P0009,East,0.07,46.8,10.83,2024-10-03,2,25.16
O24-001801,CUST00612,P0009,East,0.21,73,16.37,2024-09-13,4,23.1
O24-002567,CUST01191,P0047,West,0.06,38.95,4.94,2024-10-13,4,10.36
O24-002103,CUST00511,P0018,West,0.04,826.06,117.06,2024-06-27,2,430.24
O24-008658,CUST00187,P0002,East,0.17,467.27,120.81,2024-04-14,1,562.97
O24-002738,CUST00248,P0046,East,0.15,4.88,0.98,2024-10-14,2,2.87
O24-003204,CUST00446,P0006,West,0.06,1445.76,284.82,2024-09-07,4,384.51
O24-003642,CUST00854,P0012,East,0.08,36.51,8.03,2024-12-10,2,19.84
O24-000036,CUST00253,P0033,South,0.32,52.92,2.84,2024-11-01,6,12.97
O24-000491,CUST01492,P0045,West,0.14,7.1,1.02,2024-08-26,3,2.75
O24-007788,CUST01104,P0010,North,0.08,87.59,22.21,2024-07-24,1,95.21
O24-006765,CUST00480,P0047,South,0.05,38.53,5.98,2024-10-14,4,10.14
O24-008969,CUST01315,P0046,North,0.21,14.79,2.22,2024-10-10,6,3.12
O24-000421,CUST01286,P0003,East,0.04,7986.82,2033,2024-03-20,6,1386.6
O24-000414,CUST00803,P0039,West,0.05,79.63,15.89,2024-10-12,6,13.97
O24-002587,CUST00442,P0003,North,0.13,3744.62,837.49,2024-10-22,3,1434.72
O24-008764,CUST01197,P0029,North,0.15,505.6,40.27,2024-02-01,2,297.41
O24-001253,CUST00946,P0009,North,0.1,20.74,5.41,2024-03-15,1,23.05
O24-009508,CUST00974,P0023,North,0.05,261.55,38.66,2024-12-06,1,275.32
O24-006024,CUST01115,P0048,West,0.02,15.09,2.64,2024-03-20,7,2.2
O24-002764,CUST00915,P0023,North,0.14,245.95,27.99,2024-09-14,1,285.99
O24-007029,CUST00758,P0026,East,0.17,4052.14,747.23,2024-10-04,10,488.21
O24-004310,CUST00520,P0034,North,0.06,39.37,6.6,2024-08-13,4,10.47
O24-005294,CUST00864,P0004,North,0.16,6219.29,1457.99,2024-11-03,8,925.49
O24-001345,CUST00914,P0045,East,0,20.8,5.42,2024-04-19,8,2.6
O24-008464,CUST01264,P0037,West,0.16,32.68,5.3,2024-09-13,3,12.96825397
O24-000180,CUST00296,  P0020,East,0.02,266.84,38.42,2024-07-20,1,272.29
O24-002214,CUST01211,P0030,East,0.16,177.53,17.79,2024-03-27,2,105.67
O24-004341,CUST00409,P0005  ,West,0.06,891.61,218.34,2024-11-07,2,474.26
O24-007838,CUST00556,P0021,East,0.1,200.76,21.46,2024-03-15,1,223.07
O24-009392,CUST01077,P0006,South,0.12,1289.13,258.38,2024-01-30,4,366.23
O24-009074,CUST00689,P0033,West,0.13,11.64,1.84,2024-07-28,1,13.38
O24-002062,CUST01428,P0011,North,0.21,70.42,13.6,2024-06-22,1,89.14
O24-009529,CUST00432,P0013,East,0.04,37.98,11.39,2024-07-15,2,19.78
O24-009988,CUST00278,P0032,East,0.17,2056.41,207.24,2024-03-11,5,495.52
O24-005837,CUST01324,P0004,South,0.08,2384.36,531.01,2024-12-01,3,863.9
O24-000837,CUST00921,P0027,South,0.12,315.77,35.13,2024-11-04,3,119.61
O24-008985,CUST00233,P0022,North,0.06,3839.37,545.59,2024-05-15,6,680.74
O24-006315,CUST01432,P0025,West,0.12,1382.96,133.2,2024-10-07,3,523.85
O24-005176,CUST01175,P0003,South,0.11,6943.92,1338.54,2024-02-28,6,1300.36
O24-008118,CUST01306,P0002,North,0.12,1279.71,294.84,2024-07-14,3,484.74
O24-004192,CUST01244,P0035,West,0.08,3.8,0.65,2024-10-29,1,4.13
O24-001031,CUST01200,P0003,West,0.03,8279.3,2185.66,2024-07-30,6,1422.56
O24-000426,CUST00327,P0048,North,0.09,7.68,1.51,2024-03-05,4,2.11
O24-000009,CUST00886,P0005,North,0.06,2115,511.59,2024-09-18,5,450
O24-005674,CUST01337,P0009,East,0.2,39.52,9.43,2024-03-18,2,24.7
O24-004743,CUST00118,P0048,East,0.14,1.83,0.29,2024-07-17,1,2.127906977
O24-006852,CUST01309,P0002,West,0.34,666.93,140.44,2024-08-26,2,505.25
O24-004087,CUST00681,P0009,East,0,21.39,4.45,2024-01-01,1,24.59
O24-004180,CUST00284,P0013,North,0.21,31.58,5.89,2024-03-13,2,19.99
O24-006084,CUST00190,P0030,West,0.06,295.17,41.38,2024-04-22,3,104.67
O24-005456,CUST00036,P0036,East,0.1,39.1,7.76,2024-07-04,2,21.72
O24-004621,CUST01089,P0037,North,0.07,12.77,2.63,2024-09-11,1,13.73
O24-007158,CUST01153,P0013,North,0,39.96,10.02,2024-02-16,2,19.98
O24-003738,CUST00882,P0001,South,0.18,1804.44,383.37,2024-05-10,2,1100.27
O24-003905,CUST00370,P0011,West,0.23,136.12,32.34,2024-02-21,2,88.39
O24-008602,CUST01052,P0040,South,0.13,69.82,13.03,2024-10-15,5,16.05
O24-001917,CUST01402,P0011,North,0.11,243.98,61.43,2024-06-25,3,91.38
O24-005163,CUST00239,  P0044,South,0.13,54.88,8.36,2024-08-15,4,15.77
O24-002666,CUST00200,P0007,East,0.16,351.83,74.69,2024-10-06,2,209.42
O24-001171,CUST00973,P0042,South,0.18,71.83,10.47,2024-10-05,3,29.2
O24-006753,CUST00380,P0020,West,0.07,1022.96,148.57,2024-03-04,4,274.99
O24-003625,CUST01108,P0014,East,0.11,181.87,43.02,2024-07-23,5,40.87
O24-009635,CUST00456,P0026,North,0.19,795.86,56.81,2024-12-22,2,491.27
O24-007134,CUST01455,P0024,North,0.11,3525.9,455.92,2024-08-31,6,660.28
O24-007270,CUST00887,P0002,North,0.01,1559.37,359,2024-04-10,3,525.04
O24-005998,CUST01460,P0010,South,0.16,296.72,47.03,2024-11-27,4,88.31
O24-007021,CUST00500,P0006,South,0,2368.95,483.98,2024-07-12,8,384.57
O24-009723,CUST00220,P0031,North,0.15,457.61,42.06,2024-11-30,2,269.18
O24-003090,CUST00269,P0022,East,0.04,1241.32,119.07,2024-03-30,2,646.52
O24-002942,CUST01170,P0005,South,0.11,1553.26,333.98,2024-03-21,4,436.31
O24-007772,CUST00852,P0005,East,0.04,1360.25,333.53,2024-03-23,3,472.31
O24-007690,CUST00609,P0007,East,0.12,189.25,40.15,2024-08-04,1,215.06
O24-002336,CUST00306,P0039,West,0.04,26.34,5.51,2024-01-27,2,13.72
O24-009332,CUST00421,P0026,South,0.2,2182.56,271.4,2024-07-19,5,545.64
O24-002353,CUST00813,P0048,West,0.08,3.96,0.62,2024-01-04,2,2.15
O24-009375,CUST00450,P0038,West,0.17,92.03,16.18,2024-05-07,8,13.86
O24-006401,CUST00799,P0044,East,0.07,14.18,2.26,2024-12-17,1,15.24731183
O24-002118,CUST00506,P0028,East,0.13,2370.45,230.63,2024-11-10,6,454.11
O24-008091,CUST01371,P0046,North,0.1,2.73,0.42,2024-03-28,1,3.03
O24-004745,CUST01113,P0019,South,0.14,1339.5,122.33,2024-05-12,4,389.39
O24-000944,CUST00269,P0025,West,0.04,973.84,132.01,2024-08-09,2,507.21
O24-004949,CUST01365,P0011,West,0.17,565.46,117.84,2024-03-03,8,85.16
O24-009830,CUST00922,P0020,West,0.02,278.84,58.41,2024-02-22,1,284.53
O24-004815,CUST00742,P0016,East,0.02,192.07,48.49,2024-10-20,3,65.33
O24-009542,CUST01098,P0038,North,0.16,48.96,9.24,2024-08-31,4,14.57142857
O24-000308,CUST00305,P0007,North,0.13,361.26,94.15,2024-10-19,2,207.62
O24-009659,CUST00248,P0042,North,0.11,77.16,12.65,2024-01-19,3,28.9
O24-004747,CUST00431,P0047,West,0.12,18.3,3.19,2024-12-04,2,10.4
O24-007251,CUST00421,P0006,West,0.15,1016.38,183.48,2024-01-29,3,398.58
O24-005324,CUST01088,P0002,North,0.08,999.91,265.48,2024-09-09,2,543.43
O24-003411,CUST00401,P0012,East,0.13,91.48,18.53,2024-12-27,5,21.03
O24-004085,CUST00538,P0037,East,0.11,48.27,7.46,2024-05-29,4,13.56
O24-005560,CUST00601,P0003  ,North,0.14,1200.56,259.77,2024-08-16,1,1396
O24-005609,CUST00736,P0011,East,0.18,211.88,44.89,2024-01-24,3,86.13
O24-005208,CUST00597,P0047,East,0.09,47.41,9.33,2024-03-28,5,10.42
O24-007420,CUST00192,P0003,North,0.07,1320.97,385.37,2024-02-04,1,1420.4
O24-008116,CUST01499,P0002,South,0.18,1800.29,307.12,2024-09-30,4,548.87
O24-004640,CUST00577,P0004,West,0.14,767.24,153.87,2024-01-10,1,892.14
O24-006622,CUST01014, P0006 ,West,0.03,2409.6,655.43,2024-01-01,6,414.02
O24-007086,CUST01437,P0018,South,0.25,1911.46,51.25,2024-12-29,6,424.77
O24-000482,CUST00045,P0005,South,0.05,901.11,201.23,2024-06-25,2,474.27
O24-009365,CUST00572,P0002,West,0.19,874.57,175.76,2024-02-17,2,539.86
O24-007542,CUST00792,P0026,West,0.24,397.4,29.39,2024-12-12,1,522.89
O24-005533,CUST00772,P0026,South,0.13,467.14,41.34,2024-07-01,1,536.94
O24-000269,CUST00770,P0028,South,0.2,3680,217.03,2024-04-02,10,460
O24-004237,CUST00231,P0007,South,0.13,181.73,36.07,2024-03-28,1,208.89
O24-002595,CUST01084,P0026,North,0.24,772.42,72.14,2024-10-11,2,508.17
O24-005467,CUST00363,P0023,West,0.14,1174.16,162.04,2024-12-05,5,273.06
O24-004435,CUST01383,P0010,West,0.06,88.57,21.2,2024-09-08,1,94.22
O24-007404,CUST01348,P0039,South,0.15,23.41,2.81,2024-01-12,2,13.77
O24-004612,CUST00683,P0021,North,0,479.4,70.64,2024-12-29,2,239.7
O24-003797,CUST01327,P0010,West,0.08,408.16,75.57,2024-10-16,5,88.73043478
O24-001504,CUST00016,P0005,East,0.11,437.09,80.54,2024-11-02,1,491.11
O24-007694,CUST00506,P0002,West,0.13,448.47,99.19,2024-12-14,1,515.48
O24-008180,CUST01282,P0025,West,0.14,877.91,164.51,2024-12-27,2,510.41
O24-005981,CUST01360,P0042,East,0.02,29.43,4.93,2024-09-08,1,30.03
O24-000052,CUST00855,P0034,East,0.06,36.62,5.38,2024-10-19,4,9.74
O24-007757,CUST01003,P0002,West,0.09,1008.75,247.22,2024-12-28,2,554.26
O24-001868,CUST01265,P0002,West,0,2815.2,752.68,2024-07-11,5,563.04
O24-002504,CUST00459,P0029,East,0.19,706.23,66.7,2024-04-13,3,290.63
O24-004444,CUST00679,P0037,South,0.32,64.55,6.68,2024-11-16,7,13.56
O24-005836,CUST00659,P0012,North,0.15,48.91,10.47,2024-11-24,3,19.18
O24-005292,CUST01441,P0007,South,0.12,735.79,110.63,2024-10-14,4,209.03
O24-001335,CUST01438,P0006,West,0.16,3235.51,741.48,2024-10-09,10,385.18
O24-005114,CUST00932,P0013,North,0.14,81.57,19.42,2024-10-01,5,18.97
O24-003584,CUST00475,P0017,West,0.11,2122.08,310.93,2024-09-28,11,216.76
O24-002148,CUST01397,P0012,North,0.12,18.59,4.23,2024-03-01,1,21.13
O24-007675,CUST00498,P0004,South,0.12,1558.48,260.73,2024-01-12,2,885.5
O24-002213,CUST01036,P0012,East,0.19,66.06,15.58,2024-09-20,4,20.39
O24-004934,CUST00477,P0033,East,0.11,12.41,1.8,2024-11-10,1,13.94
O24-001805,CUST00112,P0047,East,0.13,8.63,1.29,2024-11-11,1,9.92
O24-009556,CUST00842,P0014,East,0.05,188.62,51.91,2024-03-07,5,39.71
O24-009516,CUST00669,P0004,North,0.13,3244.96,820.01,2024-10-24,4,932.46
O24-002751,CUST01077,P0015,East,0.04,97.79,21.62,2024-07-31,2,50.93
O24-006131,CUST01492,P0037,West,0.12,12.5,1.93,2024-04-19,1,14.2
O24-003728,CUST00020,P0014,West,0.09,150.19,35.01,2024-12-20,4,41.26
O24-006988,CUST00967,P0024,East,0.11,1171.17,146,2024-03-13,2,657.96
O24-005559,CUST00118,P0039,North,0.07,38.22,5.62,2024-09-23,3,13.7
O24-005448,CUST00754,P0038,East,0.08,25.23,5.37,2024-01-12,2,13.71
O24-005841,CUST00177,P0002,North,0.12,890.24,153.64,2024-12-14,2,505.82
O24-007935,CUST00009,P0047,West,0.06,28.23,5.29,2024-01-28,3,10.01
O24-008769,CUST01289,P0009,West,0.07,71.23,14.3,2024-10-29,3,25.53046595
O24-002561,CUST00507,P0024,West,0.09,584.9,81.87,2024-11-30,1,642.75
O24-000874,CUST01033,P0043,West,0.09,103.41,14.49,2024-11-17,3,37.88
O24-003233,CUST00544,P0009,West,0.16,41.43,7.61,2024-05-28,2,24.66
O24-006752,CUST00008,P0015,North,0.14,91.62,23.4,2024-05-20,2,53.27
O24-005141,CUST00620,P0005,South,0.17,1148.74,228.53,2024-04-22,3,461.34
O24-001467,CUST00244,P0013,South,0.2,92.54,18.29,2024-08-13,6,19.27916667
O24-003246,CUST01103,P0017,North,0.17,373.43,56.29,2024-02-13,2,224.96
O24-004927,CUST01022,P0042,West,0.11,103.45,19.4,2024-07-06,4,29.06
O24-002971,CUST00819,P0044,East,0.04,124.95,30.9,2024-12-20,8,16.27
O24-009702,CUST01006,P0021,East,0.06,428.75,75.5,2024-04-20,2,228.06
O24-004195,CUST00099,P0003,East,0,5684.08,1418.09,2024-05-09,4,1421.02
O24-007489,CUST01437,P0005,West,0.37,582.44,93.4,2024-07-08,2,462.25
O24-006875,CUST00611,P0013,West,0.28,27.4,4.69,2024-11-15,2,19.03
O24-008610,CUST01286,P0048,East,0.05,2.12,0.38,2024-10-17,1,2.23
O24-000359,CUST00978,P0032,East,0.33,955.03,73.02,2024-08-28,3,475.14
O24-001436,CUST00789,P0004,East,0.1,815.62,191.86,2024-11-09,1,906.24
O24-003485,CUST01069,P0002,North,0.11,970.97,216.98,2024-12-13,2,545.49
O24-007232,CUST00206,P0028,West,0.05,410.65,68.71,2024-09-20,1,432.26
O24-005927,CUST00031,P0035,North,0.11,11.03,1.65,2024-09-17,3,4.13
O24-003128,CUST00125,P0041,East,0.33,62.85,8.36,2024-09-20,3,31.27
O24-005249,CUST01237,P0005,West,0.09,857.57,234.15,2024-11-02,2,471.19
O24-005259,CUST00078,P0024,North,0.14,1675.53,161.26,2024-03-20,3,649.43
O24-005091,CUST00604,P0011,East,0.14,225.23,50.55,2024-01-30,3,87.3
O24-006798,CUST00932,P0023,West,0.04,775.96,119.99,2024-11-26,3,269.43
O24-004266,CUST00781,P0020,North,0.2,215.68,36.86,2024-01-04,1,269.6
O24-003081,CUST00970,P0013,South,0.17,31.77,5.55,2024-06-18,2,19.14
O24-000852,CUST01171,P0005,East,0.38,290.46,48.72,2024-02-11,1,468.49
O24-001869,CUST00949,P0009,North,0.04,22.41,5.25,2024-05-20,1,23.34
O24-006018,CUST01153,P0010,West,0.01,180.6,46.36,2024-12-18,2,91.21
O24-001826,CUST01086,P0023,North,0.36,176,18.23,2024-07-29,1,275
O24-006476,CUST00464,P0025,North,0.1,3464.31,477.01,2024-03-31,7,549.8904762
O24-009619,CUST00506,P0039,West,0.09,24.93,3.78,2024-03-03,2,13.7
O24-007165,CUST01314,P0037,South,0.17,23.07,3.96,2024-12-05,2,13.9
O24-007319,CUST00544,P0007,West,0.38,403.92,68.23,2024-10-31,3,217.16
O24-000581,CUST00404,P0047,North,0.16,8.72,1.39,2024-10-21,1,10.38
O24-006900,CUST00551,P0002,West,0.08,487.49,118.73,2024-07-12,1,529.88
O24-007138,CUST01452,P0001,East,0.15,936.5,220.7,2024-07-13,1,1101.76
O24-009155,CUST01188,P0008,South,0.14,2548.57,401.38,2024-01-25,5,592.69
O24-000494,CUST00414,P0006,North,0.08,1435.2,329.86,2024-07-05,4,390
O24-005896,CUST01093,P0019,East,0.08,726.17,107.65,2024-05-17,2,394.66
O24-000130,CUST00212,P0029,South,0.29,410.28,17.84,2024-03-30,2,288.93
O24-005889,CUST00870,P0043,East,0.2,255.42,45.59,2024-09-20,8,39.91
O24-002935,CUST00667,P0013,North,0.07,89.05,20.91,2024-08-12,5,19.15
O24-006636,CUST01163,P0038,North,0.12,49.88,8.24,2024-10-16,4,14.17
O24-000910,CUST01302,P0015,South,0.19,43.53,8.26,2024-03-09,1,53.74
O24-007880,CUST00623,P0039,South,0.25,20.58,2.25,2024-08-07,2,13.72
O24-005427,CUST01452,P0006,East,0.15,342.55,81.78,2024-08-08,1,403
O24-002291,CUST00745,P0034,North,0.33,66.4,8.62,2024-01-18,10,9.91
O24-001889,CUST00788,P0032,North,0.1,1291.57,197.66,2024-09-05,3,478.36
O24-008543,CUST00622,P0025,East,0.04,1531.99,191.03,2024-01-30,3,531.94
O24-002930,CUST00974,P0008,South,0.13,2535.31,468.59,2024-12-31,5,582.83
O24-000503,CUST00269,P0008,South,0.22,1355.09,173.69,2024-06-28,3,579.1
O24-000189,CUST00847,P0018,East,0.12,1121.87,152.54,2024-12-13,3,424.95
O24-009408,CUST00912,P0026,South,0.13,1796.83,203.01,2024-05-20,4,516.33
O24-004925,CUST01370,P0044,North,0.05,46.77,8.95,2024-12-11,3,16.41
O24-003499,CUST00232,P0009,South,0.21,58.63,10.75,2024-11-27,3,24.74
O24-000940,CUST00252,P0005,West,0,2989.88,589.53,2024-12-06,7,485.37
O24-001857,CUST01324,P0013,West,0.3,13.7,2.19,2024-07-12,1,19.57
O24-004442,CUST00656,P0019,North,0.15,2707.9,441.48,2024-06-03,8,398.22
O24-005715,CUST01043,P0033,West,0.05,62.13,12.37,2024-12-03,5,13.08
O24-000440,CUST00233,P0031,East,0.16,229.02,34.09,2024-12-07,1,272.64
O24-004260,CUST00481,P0023,South,0.21,1161.92,102.74,2024-03-04,6,245.1308017
O24-009148,CUST01479,P0006,North,0.16,315.88,54.76,2024-07-31,1,376.05
O24-007878,CUST00601,P0016,South,0.16,107.81,19.32,2024-12-07,2,64.17
O24-004213,CUST01448,P0038,South,0.15,11.53,1.56,2024-03-19,1,13.56
O24-007959,CUST01405,P0003,South,0.09,1200.54,255.4,2024-06-14,1,1319.28
O24-008410,CUST00132,P0016,South,0.14,221.16,42.8,2024-04-21,4,64.29
O24-002899,CUST01438,P0022,West,0.04,3688.53,582.1,2024-01-23,6,640.37
O24-008858,CUST01219,P0007,East,0.1,572.56,150.52,2024-06-20,3,212.06
O24-003373,CUST01490,P0041,South,0.09,196.77,30.72,2024-02-11,7,30.89
O24-007816,CUST00789,P0036,East,0.04,118.89,25.21,2024-07-19,6,20.64
O24-001934,CUST00820,P0033,East,0.09,119.57,20.46,2024-01-21,10,13.13956044
O24-006897,CUST01328,P0018,South,0.12,1165.16,100.78,2024-06-06,3,441.35
O24-001544,CUST00877,P0004,North,0.08,5894.27,1670.64,2024-03-14,7,915.26
O24-009426,CUST00976,P0029,South,0.12,1551.84,59.6,2024-03-06,6,293.91
O24-004407,CUST00591,P0044,West,0.21,24.54,4.41,2024-07-19,2,15.53
O24-000857,CUST00446,P0041,East,0.08,241.33,47.65,2024-12-03,8,32.79
O24-002201,CUST01207,P0035,North,0.33,2.79,0.34,2024-09-30,1,4.16
O24-004320,CUST01362,P0006,North,0,1013.12,213.58,2024-07-03,3,397.3
O24-007621,CUST00490,P0010,South,0.22,292.97,54.55,2024-10-12,4,93.9
O24-004822,CUST01099,P0047,East,0,80.72,16.14,2024-12-15,8,10.09
O24-007017,CUST00921,P0016,West,0.1,58.31,16.34,2024-10-05,1,64.79
O24-006070,CUST00024,P0033,East,0.06,12.4,2.1,2024-12-25,1,13.19
O24-001782,CUST01067,P0048,South,0.14,7.5,0.9,2024-09-10,4,2.18
O24-007834,CUST01124,P0031,East,0.13,719.24,132.55,2024-09-27,3,275.57
O24-001872,CUST00972,P0005,North,0,2934.6,777.76,2024-12-02,6,489.1
O24-001730,CUST00794,P0012,West,0.28,74.56,13.29,2024-03-07,5,20.71
O24-006216,CUST01296,P0003,East,0.06,2641.66,659.77,2024-12-30,2,1405.14
O24-008382,CUST00500,  P0047,West,0.08,28.51,4.74,2024-04-16,3,10.33
O24-005492,CUST01441,P0033,East,0.08,12.02,2.94,2024-05-14,1,13.06
O24-009229,CUST00752,P0011,South,0.26,255.95,42.99,2024-02-27,4,86.47
O24-004597,CUST00642,P0046,South,0.22,9.48,0.95,2024-10-01,4,3.04
O24-003257,CUST01321,P0020,West,0.16,226.51,28.24,2024-01-26,1,269.65
O24-002808,CUST01319,P0016,East,0.12,283.14,73.8,2024-01-19,5,64.35
O24-008474,CUST00716,P0044,East,0.12,13.84,2.3,2024-12-18,1,15.73
O24-007663,CUST01344,P0016,North,0.12,108.87,20.64,2024-07-20,2,61.86
O24-005029,CUST00973,P0006,East,0.18,328.49,64.09,2024-05-13,1,400.6
O24-006914,CUST01206,P0017,South,0.18,831.73,84.93,2024-05-03,5,202.86
O24-001616,CUST01490,P0009,North,0,23.45,6.01,2024-12-23,1,23.45
O24-006072,CUST01467,P0033,West,0.12,11.39,1.53,2024-03-06,1,12.94
O24-000031,CUST00038,  P0042,West,0.11,78.18,14.43,2024-04-06,3,29.28
O24-002398,CUST01468,P0040,West,0.01,45.41,8.13,2024-03-17,3,15.29
O24-000166,CUST01266,P0033,South,0.24,10.69,1.16,2024-09-25,1,14.07
O24-003651,CUST00861,P0006,East,0.12,716,194.14,2024-07-07,2,406.82
O24-005181,CUST00832,P0045,West,0.25,1.96,0.29,2024-12-10,1,2.61
O24-007337,CUST00326,P0018,East,0.11,384.81,55.9,2024-01-30,1,432.37
O24-001055,CUST01366,P0030,North,0.34,406.02,30.58,2024-05-28,6,102.53
O24-006439,CUST00992,P0003,East,0.14,7100.78,1562.7,2024-12-03,6,1376.12
O24-005692,CUST01443,P0010,North,0.07,258.77,65.89,2024-09-29,3,92.75
O24-006007,CUST00312,P0003,North,0.12,1218.01,307.29,2024-08-24,1,1384.1
O24-009580,CUST01468,P0017,South,0.13,1363.67,149.47,2024-12-09,7,223.92
O24-001909,CUST00103,P0030,East,0.15,427.21,48.54,2024-12-12,5,100.52
O24-002226,CUST00101,P0018,West,0.09,1546.09,224.3,2024-09-15,4,424.75
O24-001168,CUST01220,P0004,West,0.06,821.13,205.72,2024-11-27,1,873.54
O24-004789,CUST01437,P0041,East,0.09,120.7,21.16,2024-05-09,4,33.16
O24-007603,CUST00884,P0014,South,0.29,83.52,15.72,2024-08-01,3,39.21
O24-007079,CUST00487,P0032,North,0.09,886.19,138.43,2024-09-19,2,486.92
O24-008156,CUST00692,P0007,West,0.36,134.27,28.65,2024-03-29,1,209.8
O24-009007,CUST01199,P0021,East,0.16,892.42,118.18,2024-07-13,5,212.48
O24-008712,CUST00309,P0003,South,0.08,1323.45,293.51,2024-09-11,1,1438.53
O24-008332,CUST00113,P0012,East,0.21,16.4,3.73,2024-05-18,1,20.76
O24-001740,CUST01271,P0027,East,0.15,328.95,40.5,2024-06-26,3,129
O24-004081,CUST00683,P0041,South,0.04,63.42,10.26,2024-10-15,2,33.03
O24-002181,CUST00904,  P0016,East,0.1,61.97,14.26,2024-03-03,1,68.86
O24-005005,CUST00877,P0013,West,0.03,39.03,10.46,2024-06-09,2,20.12
O24-008053,CUST00844,P0015,North,0.17,45.58,12.2,2024-06-06,1,54.92
O24-007626,CUST00018,P0035,West,0.08,11.48,2.51,2024-02-14,3,4.16
O24-006720,CUST01291,P0022,West,0.04,6659.9,1311.87,2024-06-16,10,693.74
O24-000668,CUST00326,P0038,West,0.1,12.6,2.56,2024-03-20,1,14
O24-007075,CUST01135,P0009,North,0.11,127.79,30.73,2024-10-28,6,23.93071161
O24-006123,CUST00751,P0043,North,0.12,178.51,32.9,2024-11-02,5,40.57
O24-005418,CUST00499,P0046,East,0.12,5.33,0.67,2024-09-17,2,3.03
O24-006028,CUST01382,P0012,East,0.08,151.84,43.89,2024-12-19,8,20.63043478
O24-002746,CUST00209,P0045,West,0.09,2.52,0.39,2024-11-27,1,2.77
O24-006869,CUST00761,P0011,North,0.08,234.6,51.53,2024-12-12,3,85
O24-006551,CUST00975,P0033,West,0.08,23.74,4.21,2024-11-07,2,12.9
O24-008443,CUST00765,P0039,West,0.2,56.12,8.74,2024-02-18,5,14.03
O24-002974,CUST00393,P0006,East,0.1,1743.26,466.35,2024-11-17,5,387.39
O24-003035,CUST01271,P0024,North,0.37,1285.05,131.4,2024-04-04,3,679.92
O24-007101,CUST00773,P0014,South,0.16,173.54,34.24,2024-07-02,5,41.32
O24-006610,CUST00972,P0014,West,0.08,188.83,50.84,2024-05-04,5,41.05
O24-009760,CUST00529,P0003,South,0.12,2459.34,503.68,2024-05-10,2,1397.35
O24-009179,CUST01121,P0046,South,0.23,9.21,1.13,2024-06-29,4,2.99
O24-009749,CUST00865,P0016,South,0.26,93.89,12.83,2024-07-28,2,63.44
O24-001732,CUST01133,P0033,North,0.14,22.76,2.29,2024-04-08,2,13.23
O24-002308,CUST00438,  P0026,North,0.08,1408.04,126.29,2024-01-07,3,510.16
O24-001778,CUST00430,P0032,East,0.05,441.47,65.19,2024-08-10,1,464.71
O24-004490,CUST00850,P0033,East,0.06,25.93,3.76,2024-11-19,2,13.79
O24-007043,CUST00401,P0041,North,0.08,216.38,37.5,2024-11-16,7,33.6
O24-001850,CUST00762,P0001,West,0.16,3932.01,779.75,2024-08-16,4,1170.24
O24-000204,CUST00222,P0041,North,0.12,28.53,5.22,2024-12-04,1,32.42
O24-009698,CUST01256,P0039,North,0.06,66.13,11.13,2024-12-22,5,14.07
O24-006010,CUST00923,P0021,South,0.24,166.14,7.63,2024-12-13,1,218.6052632
O24-005871,CUST01475,P0029,West,0.12,1497.14,225.36,2024-07-24,6,283.55
O24-009587,CUST01454,P0007,East,0.07,571.03,140.6,2024-08-07,3,204.67
O24-004724,CUST00097,P0043,East,0.08,210.64,41.33,2024-10-15,6,38.16
O24-008949,CUST00183,P0006,East,0.14,2053.94,422.13,2024-05-09,6,398.05
O24-006263,CUST01200,P0035,North,0.12,10.93,1.84,2024-09-24,3,4.14
O24-000614,CUST01006,P0028,North,0.02,2153.55,329.45,2024-10-07,5,439.5
O24-003114,CUST00997,P0013,North,0.18,31.32,7.61,2024-07-09,2,19.1
O24-000850,CUST00085,P0007,South,0.24,495.01,83.31,2024-06-20,3,217.11
O24-006991,CUST00790,P0019,North,0.12,1013.84,156.04,2024-06-17,3,384.03
O24-003025,CUST00991,P0019,West,0.17,1619.58,278.54,2024-06-30,5,390.26
O24-004466,CUST00872,P0015,West,0,223.04,62.84,2024-01-28,4,55.76
O24-002531,CUST01223,P0045,West,0.15,6.58,1.03,2024-09-15,3,2.58
O24-008589,CUST00886,P0019,South,0.13,1442.67,160.37,2024-06-21,4,414.56
O24-005688,CUST00801,P0012,South,0.15,49.57,9.14,2024-10-07,3,19.44
O24-002848,CUST01007,P0012,East,0.08,18.22,5.01,2024-10-05,1,19.8
O24-001278,CUST00816,P0024,East,0.14,2196.82,299.64,2024-05-06,4,638.61
O24-003564,CUST00781,P0012,East,0.05,56.86,17.06,2024-10-12,3,19.95087719
O24-009390,CUST01285,P0033,North,0.02,25.83,4.46,2024-12-31,2,13.18
O24-002786,CUST00006,P0023,West,0.12,743.98,97.39,2024-08-12,3,281.81
O24-006824,CUST00873,P0007,East,0.08,382.65,92.29,2024-01-09,2,207.96
O24-002455,CUST00068,P0026,East,0.14,863.59,118.17,2024-03-19,2,502.09
O24-002710,CUST01150,P0040,South,0.07,43.36,6.86,2024-10-09,3,15.54
O24-009259,CUST00209,P0045,North,0.1,9.58,1.66,2024-06-14,4,2.66
O24-003142,CUST01482,P0017,East,0.12,563.82,78.18,2024-08-09,3,213.57
O24-009957,CUST00375,P0011,East,0.02,171.64,37.99,2024-10-18,2,87.57
O24-005625,CUST00544,P0025,North,0.17,423.31,46.17,2024-10-11,1,510.0120482
O24-003292,CUST00657,P0020,East,0.03,248,30.33,2024-12-23,1,255.67
O24-007139,CUST00984,P0024,East,0.08,571.77,74.45,2024-04-18,1,621.49
O24-006380,CUST01058,P0028,South,0.26,673.7,23.07,2024-12-16,2,455.2
O24-005284,CUST00860,P0044,North,0.08,14.39,2.13,2024-07-21,1,15.64
O24-007961,CUST00390,P0046,North,0.07,2.86,0.54,2024-08-31,1,3.07
O24-003521,CUST00501,P0031,North,0.26,835.46,68.7,2024-02-02,4,282.25
O24-006936,CUST00433, P0040 ,East,0.12,42.66,9.01,2024-07-02,3,16.16
O24-006485,CUST00645,P0033,East,0.06,24.5,3.88,2024-10-15,2,13.03
O24-004351,CUST00160,P0020,East,0.05,2078.83,223.59,2024-10-21,8,273.53
O24-009409,CUST00859,P0014,North,0.11,72.37,18.07,2024-11-18,2,40.66
O24-008302,CUST01286,P0011,North,0.08,166.1,37.79,2024-09-15,2,90.27
O24-005493,CUST01238,P0026,South,0.12,877.89,63.07,2024-09-11,2,498.8
O24-001166,CUST00126,P0038,East,0.04,65.76,11.69,2024-11-22,5,13.7
O24-007554,CUST00077,P0009,South,0.27,36.4,5.38,2024-03-16,2,24.93
O24-001628,CUST00646,P0037,South,0.17,11.84,1.16,2024-09-18,1,14.26
O24-003191,CUST01161,P0045,South,0.14,2.24,0.27,2024-11-15,1,2.6
O24-000134,CUST00183,P0043,East,0.19,31.5,4.37,2024-01-18,1,38.89
O24-008661,CUST01022,P0017,North,0,864.76,138.28,2024-12-10,4,216.19
O24-003656,CUST00883,P0024,West,0.14,1156.1,150.74,2024-11-20,2,672.15
O24-007089,CUST00740,P0001,South,0.27,4236.92,585.79,2024-12-04,5,1160.8
O24-008902,CUST00276,P0016,North,0.07,60.44,16.59,2024-03-27,1,64.99
O24-005568,CUST00146,P0006,West,0.08,1050.35,252.97,2024-11-30,3,380.56
O24-004208,CUST01060,P0041,North,0.19,53.48,8.68,2024-09-01,2,33.01
O24-003457,CUST00232,P0042,East,0.11,52.6,9.06,2024-11-25,2,29.55
O24-003595,CUST00069,P0036,West,0.04,161.51,33.32,2024-02-19,8,21.03
O24-005272,CUST00403,P0015,West,0.05,100.76,22.35,2024-09-18,2,53.03
O24-002862,CUST00491,P0046,South,0.17,12.28,1.94,2024-07-31,5,2.96
O24-007786,CUST00192,P0044,North,0.09,27.81,4.19,2024-12-13,2,15.28
O24-004400,CUST00740,P0039  ,North,0.11,12.45,2.12,2024-10-20,1,13.99
O24-004897,CUST00195,P0014,West,0.1,210.98,61.09,2024-07-16,6,39.07
O24-007984,CUST01443,P0018,East,0.15,1798.9,361.7,2024-08-11,5,423.27
O24-009322,CUST00560,P0040,South,0.13,27.32,4.48,2024-12-22,2,15.7
O24-005247,CUST00277,P0038,East,0.14,11.57,2.13,2024-04-02,1,13.45
O24-009969,CUST01426,P0004,South,0.19,713.66,135.23,2024-03-04,1,881.06
O24-003498,CUST00745,P0031,North,0.03,502.05,102.74,2024-05-01,2,258.79
O24-009744,CUST00563,P0009,North,0.16,40.08,8.44,2024-10-12,2,23.86
O24-007378,CUST00045,P0010,North,0.03,518.91,140.07,2024-09-22,6,89.16
O24-003390,CUST01365,P0037,South,0.19,71,10.72,2024-11-14,6,14.61
O24-008572,CUST00500,P0020,East,0.14,1463.79,146.04,2024-12-23,6,283.68
O24-003826,CUST00842,P0023,North,0.29,554.25,26.51,2024-03-21,3,260.21
O24-002266,CUST00553,P0032,North,0.06,3092.53,519.44,2024-12-17,7,469.99
O24-007718,CUST00559,P0033,West,0.17,31.57,6.23,2024-09-14,3,12.68
O24-000816,CUST00686,P0013,West,0.04,54.35,13.4,2024-07-28,3,18.87
O24-008473,CUST00341,P0013,West,0.06,18.56,5.27,2024-04-22,1,19.74
O24-004158,CUST00102,P0041,East,0.1,282.29,49.62,2024-11-29,9,34.85
O24-008368,CUST01059,P0027,North,0.07,230.16,40.21,2024-02-05,2,123.74
O24-004155,CUST00453,P0001,West,0.03,1178.42,325.54,2024-06-08,1,1214.87
O24-001430,CUST00382,P0037,South,0.22,10.23,1.2,2024-01-03,1,13.12
O24-008171,CUST01121,P0004,North,0.12,806.52,167.6,2024-06-14,1,916.5
O24-004055,CUST00102,P0035,North,0.05,8.04,1.59,2024-04-16,2,4.23
O24-003363,CUST01116,P0032,North,0.01,1432.82,218.79,2024-10-25,3,482.43
O24-001699,CUST00197,P0009,East,0.08,87.03,22.03,2024-12-31,4,23.65
O24-003627,CUST01344,P0004,West,0.1,762.97,175.26,2024-03-21,1,847.74
O24-004775,CUST00747,P0014,North,0.1,37.24,9.01,2024-11-08,1,41.38
O24-006330,CUST01173,P0002,North,0,2363.5,709.05,2024-01-04,5,549.65
O24-000900,CUST01343,P0030,East,0,395.72,57.94,2024-04-06,4,98.93
O24-008427,CUST00790,P0031,South,0.21,212.4,20.31,2024-03-17,1,268.86
O24-008737,CUST00317,P0013,West,0.13,52.15,11.96,2024-11-09,3,19.98
O24-007713,CUST00192,P0021,North,0.27,320.18,33.95,2024-08-22,2,219.3
O24-003192,CUST00940,P0037,West,0.11,24.85,5.32,2024-08-26,2,13.96
O24-001671,CUST00252,P0003,North,0.04,2595.72,657.5,2024-06-28,2,1351.94
O24-007607,CUST00519,P0003,East,0.16,3414.37,726.07,2024-01-26,3,1354.91
O24-001757,CUST00330,P0014,South,0.25,31.64,5.43,2024-11-07,1,42.19
O24-001001,CUST00655,P0032,North,0.11,821.47,101.15,2024-01-07,2,461.5
O24-008758,CUST01210,P0002,North,0.17,457.91,95.99,2024-11-25,1,551.7
O24-006227,CUST01310,P0012,North,0.12,141.22,30.05,2024-01-17,8,20.06
O24-001808,CUST01188,P0012,South,0.11,18.08,3.32,2024-12-13,1,20.31
O24-001016,CUST01048,P0044,West,0.17,50.23,8.58,2024-08-26,4,15.13
O24-007345,CUST00940,P0037,West,0.08,12.75,2.27,2024-12-03,1,13.86
O24-004519,CUST01262,P0014,North,0.07,228.39,46.03,2024-09-09,6,40.93
O24-007182,CUST00531,P0009,North,0.13,21.53,4.79,2024-07-23,1,24.75
O24-000104,CUST00257,P0011,North,0.11,233.81,55.43,2024-10-02,3,87.57
O24-004606,CUST00515,P0016,North,0.05,240.16,65.63,2024-04-30,4,63.2
O24-003486,CUST00778,P0026,East,0.18,1615.89,222.75,2024-08-04,4,492.65
O24-008672,CUST01235,P0048,West,0.07,5.91,1.16,2024-11-10,3,2.12
O24-004277,CUST01377,P0039,North,0.13,12.68,2.2,2024-04-13,1,14.57
O24-001650,CUST00322,P0047,East,0.12,47.52,7.06,2024-12-23,5,10.8
O24-001622,CUST00121,P0015,East,0.12,92.66,22.2,2024-03-23,2,52.65
O24-009163,CUST00896,P0047,South,0.19,23.74,2.6,2024-09-05,3,9.77
O24-008304,CUST00949,P0031,East,0.05,509.09,89.66,2024-04-23,2,267.94
O24-007106,CUST00804,P0013,South,0.11,36.17,7.59,2024-08-28,2,20.32
O24-006113,CUST00945,P0034,East,0.14,72.38,13.49,2024-07-09,8,10.52
O24-001143,CUST00254,P0023,West,0.12,1153.81,168.78,2024-05-08,5,262.23
O24-005905,CUST00839,P0006,North,0.17,306.38,71.15,2024-11-17,1,369.13
O24-002408,CUST00148,P0028,East,0.1,393.23,60.49,2024-03-24,1,436.92
O24-009309,CUST00016,P0044,South,0.15,134.3,13.52,2024-06-02,10,15.8
O24-001371,CUST01133,P0044,North,0.2,49.89,8.13,2024-12-20,4,15.59
O24-003946,CUST01173,P0012,West,0.12,70.58,18.18,2024-06-24,4,20.05
O24-000304,CUST00874,P0002,East,0.29,789.76,142.74,2024-05-26,2,556.17
O24-000872,CUST00650,P0032,North,0.06,3255.59,539.44,2024-12-22,7,494.77
O24-004899,CUST00573,P0006,South,0.1,1002.32,202.99,2024-02-23,3,371.23
O24-000461,CUST00075,P0034,North,0.08,18.97,4.1,2024-10-11,2,10.31
O24-006702,CUST00492,P0035,South,0.22,6.4,0.89,2024-08-13,2,4.1
O24-000794,CUST01031,P0011,North,0.1,156.55,43.21,2024-09-01,2,86.97
O24-007686,CUST00545,P0045,South,0.12,2.31,0.33,2024-10-04,1,2.62
O24-000564,CUST01074,P0015,South,0.1,49.6,9.11,2024-06-30,1,55.11
O24-006270,CUST01137,P0028,West,0.15,377.75,34.16,2024-01-28,1,444.41
O24-002356,CUST00815,P0037,South,0.07,39.06,5.5,2024-12-12,3,14
O24-003935,CUST01240,P0044,West,0.08,57.44,12.59,2024-08-21,4,15.61
O24-001916,CUST00898,P0032,West,0.09,2614.74,425.14,2024-10-20,6,478.89
O24-009443,CUST00235,P0013,South,0.13,35.08,7.24,2024-09-26,2,20.16
O24-004876,CUST01309,P0001,West,0.01,1157.26,345.19,2024-01-13,1,1168.95
O24-003127,CUST00676,P0013,South,0.1,36.63,5.92,2024-08-21,2,20.35
O24-004052,CUST01126,P0013,North,0.15,87.29,19.44,2024-12-13,5,20.54
O24-005879,CUST01128,P0002,South,0.11,2349.51,477.38,2024-05-18,5,527.98
O24-002251,CUST01005,P0019,East,0.36,1533.58,121.45,2024-12-21,6,399.37
O24-005856,CUST00429,P0039,West,0.04,38.13,7.49,2024-11-19,3,13.24
O24-000398,CUST00927,P0014,South,0.22,31.19,6.08,2024-10-30,1,39.99
O24-007192,CUST00829,P0030,West,0.34,126.24,11.34,2024-02-15,2,95.64
O24-004691,CUST00558,P0025,West,0.06,1387.16,215.33,2024-04-17,3,491.9
O24-001542,CUST00315,P0001,West,0.16,4002.03,843.68,2024-05-08,4,1191.08
O24-001727,CUST00026,P0048,East,0.05,27.93,5.31,2024-01-30,14,2.1
O24-008400,CUST00877,P0026,North,0.07,2499.47,354.75,2024-01-12,5,537.52
O24-009267,CUST01321,P0034,South,0.19,8.28,1.14,2024-06-03,1,10.22
O24-009697,CUST00682,P0030,West,0.37,66.18,4.41,2024-01-21,1,105.04
O24-000078,CUST00346,P0009,East,0.04,305.01,79.44,2024-09-22,13,24.44
O24-002038,CUST01451,P0004,West,0.16,4654.89,1012.28,2024-12-16,6,923.59
O24-003898,CUST01299, P0016 ,North,0.1,328.16,85.74,2024-01-09,6,60.77
O24-001952,CUST00128,P0010,North,0.31,122.2,18.24,2024-09-14,2,88.55
O24-007522,CUST00097,P0044,West,0.09,55.51,11.68,2024-10-05,4,15.25
O24-006704,CUST01211,P0032,South,0.26,1462.57,80.18,2024-09-30,4,494.1114865
O24-009662,CUST00063,P0028,East,0.06,440.77,67.33,2024-07-30,1,468.9
O24-009162,CUST01316,P0046,East,0.09,8.44,1.51,2024-10-12,3,3.09
O24-009066,CUST01027,P0044,East,0.12,39.68,6.97,2024-04-03,3,15.03
O24-007204,CUST00518,P0004,East,0.06,2548.43,576.67,2024-04-11,3,903.7
O24-003170,CUST00371,P0047,North,0.16,34.81,6.19,2024-04-03,4,10.36
O24-007150,CUST00425,P0015,North,0.06,157.07,42.53,2024-10-13,3,55.7
O24-005580,CUST00935,P0001,North,0.08,1042.03,247.11,2024-02-17,1,1132.64
O24-001334,CUST00627,P0042,South,0.12,96.62,10.29,2024-04-30,4,27.45
O24-004391,CUST00354,P0042,East,0.13,27.25,4.8,2024-01-29,1,31.32
O24-009928,CUST00705,P0016,East,0.1,176.42,35.8,2024-08-15,3,65.34
O24-005328,CUST01053,P0023,North,0.05,1045.3,152.47,2024-03-07,4,275.08
O24-001287,CUST00555,P0014,South,0.21,60.97,10.42,2024-10-30,2,38.59
O24-009920,CUST00538,P0008,East,0,1202.38,313.37,2024-12-14,2,601.19
O24-002605,CUST00637,P0003,West,0.16,3548.31,907.42,2024-11-05,3,1408.06
O24-009154,CUST01098,P0012,North,0.1,17.74,4.37,2024-12-17,1,19.71
O24-009750,CUST00017,P0003,North,0.11,4830.07,1140.98,2024-12-03,4,1356.76
O24-008463,CUST00161,P0015,South,0.31,111.92,16.46,2024-07-08,3,54.07
O24-005410,CUST00055,P0044,North,0.07,13.85,3.03,2024-09-22,1,14.89
O24-008600,CUST00487,P0025,South,0.22,399.94,19.73,2024-04-03,1,512.74
O24-007862,CUST00939,P0026,North,0,522.45,88.21,2024-11-09,1,522.45
O24-006964,CUST00107,P0013,North,0.09,35.73,8.92,2024-08-08,2,19.63
O24-007671,CUST00275,P0041,North,0.05,59.76,14.31,2024-07-31,2,31.45
O24-004750,CUST00531,P0009,North,0.19,38.96,8.31,2024-05-08,2,24.05
O24-008418,CUST00549,P0046,North,0.1,11.45,1.77,2024-12-26,4,3.18
O24-005857,CUST00756,P0042,West,0.12,157.03,21.88,2024-12-26,6,29.74
O24-008624,CUST00221,P0043,West,0.15,166.73,30.22,2024-09-08,5,39.23
O24-007957,CUST00045,P0014,North,0.01,162.44,44.25,2024-09-26,4,41.02
O24-002386,CUST01301,P0008,East,0.15,983.79,217.18,2024-10-18,2,578.7
O24-005459,CUST01261,P0043,West,0.11,276.97,39,2024-10-15,8,38.9
O24-003768,CUST01191,P0029,West,0.08,802.25,155.48,2024-04-17,3,290.67
O24-003044,CUST00527,P0007,South,0.25,309.93,50.84,2024-06-20,2,206.62
O24-006510,CUST00375,P0045,North,0.06,14.78,3.16,2024-07-19,6,2.62
O24-009070,CUST00194,P0019,West,0.1,715.52,103.09,2024-03-14,2,397.51
O24-001412,CUST00627,P0031,North,0.07,259.27,34.83,2024-05-16,1,278.78
O24-009184,CUST00459,P0017  ,East,0.21,169.24,21.37,2024-06-23,1,214.23
O24-004605,CUST01437,P0012,East,0.1,35.68,8.44,2024-09-25,2,19.82
O24-002550,CUST00927,P0046,North,0.01,8.67,1.82,2024-08-03,3,2.92
O24-004915,CUST00842,P0013,North,0.11,18.71,4.76,2024-09-06,1,21.02
O24-008144,CUST00809,P0009,North,0.06,90.05,26.64,2024-12-23,4,23.95
O24-004127,CUST00050,P0024,West,0.26,1393.32,99.42,2024-08-17,3,627.62
O24-006933,CUST00591,P0020,West,0.06,489.46,61.09,2024-08-31,2,260.35
O24-001132,CUST00735,P0047,East,0.12,46.86,8.14,2024-10-30,5,10.65
O24-007100,CUST00227,P0043,East,0.09,183.09,39.64,2024-04-08,5,40.24
O24-007146,CUST00619,P0021,East,0.07,798.39,91.98,2024-01-05,4,214.62
O24-007360,CUST00918,P0043,East,0.13,97.93,12.43,2024-07-11,3,37.52
O24-003305,CUST00205,P0038,East,0,42.27,10.55,2024-01-06,3,14.09
O24-003164,CUST00522,P0042,East,0.24,43.3,7.17,2024-12-14,2,28.49
O24-007014,CUST01442,P0005,North,0.18,392.09,79.66,2024-03-26,1,478.16
O24-007413,CUST01275,P0027,West,0.06,345.79,47.13,2024-02-19,3,122.62
O24-006171,CUST00857,P0011,South,0.11,77.17,12.35,2024-07-14,1,86.71
O24-003352,CUST00441,P0033,North,0.06,12.55,2.26,2024-04-29,1,13.35
O24-008289,CUST01431,P0010,West,0.23,208.85,33.26,2024-03-18,3,90.41
O24-006990,CUST00462,P0008,North,0.1,1616.19,449.02,2024-02-08,3,598.59
O24-007395,CUST01274,P0016,East,0.17,205.81,42.24,2024-06-12,4,61.99
O24-000207,CUST00027,P0016,East,0.12,231.55,44.54,2024-05-17,4,65.78
O24-003447,CUST00218,P0017,North,0.1,192.8,25.16,2024-02-16,1,214.22
O24-004447,CUST01381,P0046,North,0.14,12.17,2.42,2024-06-28,5,2.83
O24-009500,CUST00871,P0039,North,0.09,24.99,3.92,2024-06-28,2,13.73
O24-008497,CUST01361,P0035,East,0,12.54,2.55,2024-10-02,3,4.18
O24-008951,CUST01435,P0020,East,0.12,241.14,33.88,2024-02-25,1,274.02
O24-002197,CUST00112,P0006,West,0.1,349.22,86.8,2024-09-23,1,388.02
O24-004645,CUST00118,P0035,South,0.12,18.04,2.45,2024-11-21,5,4.1
O24-009268,CUST01414,P0021,South,0.25,514.64,39.88,2024-03-23,3,228.73
O24-004638,CUST00971,P0048,East,0.03,4.15,0.89,2024-08-25,2,2.14
O24-009226,CUST00242,P0003,North,0.11,2541.63,686.73,2024-09-10,2,1427.88
O24-006857,CUST00709,P0048,South,0.18,7.54,0.56,2024-10-01,4,2.3
O24-006067,CUST00516,P0017,East,0.27,1593.44,94.22,2024-10-03,10,218.28
O24-008254,CUST01231,P0012,North,0.16,16.49,4.04,2024-12-29,1,19.63
O24-009331,CUST00987,P0039,North,0.08,24.75,5.04,2024-08-22,2,13.45108696
O24-009398,CUST00552,P0001,South,0.14,969.93,211.51,2024-11-06,1,1127.82
O24-008609,CUST00124,P0034,East,0.03,27.47,6.32,2024-11-27,3,9.439862543
O24-009727,CUST00855,P0004,South,0.29,1338.82,188.59,2024-12-24,2,942.83
O24-002900,CUST00543,P0014,East,0.16,265.71,53.46,2024-12-15,8,39.54
O24-003278,CUST00633,P0022,South,0.05,3173.81,364.6,2024-10-19,5,668.17
O24-007513,CUST01328,P0025,North,0.1,1417.2,190.13,2024-03-29,3,524.89
O24-009968,CUST00293,P0014,South,0.14,147.54,33.03,2024-05-02,4,42.89
O24-002727,CUST00176,P0018,West,0.05,1246.88,202.52,2024-06-04,3,437.5
O24-001321,CUST01347,P0015,East,0.08,49.87,13.02,2024-11-21,1,54.21
O24-006063,CUST01090,P0020,South,0.05,997.27,123.87,2024-04-05,4,262.44
O24-006966,CUST00934,P0034,West,0.1,18.85,2.47,2024-11-27,2,10.47
O24-000617,CUST00292,P0027,West,0.06,934.59,86.38,2024-01-17,8,124.28
O24-007942,CUST00022,P0008,North,0,6335.23,1793.51,2024-06-15,11,575.93
O24-005283,CUST00524,P0011,South,0.12,226.72,50.28,2024-12-24,3,85.88
O24-000998,CUST00411,P0011,North,0.1,228.77,45.64,2024-04-01,3,84.73
O24-002111,CUST00606,P0024,East,0.02,8887.54,1248.85,2024-12-15,14,647.78
O24-006749,CUST01015,P0014,South,0.15,34.3,5.61,2024-12-19,1,40.35
O24-004711,CUST00386,P0034,South,0.27,43.98,4.34,2024-03-02,6,10.04
O24-003507,CUST00771,P0035,South,0.19,3.28,0.33,2024-04-09,1,4.05
O24-003089,CUST00095,P0043,North,0.04,77.13,15.6,2024-08-16,2,40.17
O24-000190,CUST01151,P0017,West,0.03,413.38,84.42,2024-07-09,2,213.08
O24-006056,CUST00952,  P0024,North,0.08,618.3,93.32,2024-05-30,1,672.06
O24-004888,CUST01002,P0004,West,0.1,3107.48,777.48,2024-05-15,4,863.19
O24-000013,CUST01426,P0039,North,0.07,51.26,11.6,2024-06-19,4,13.78
O24-003134,CUST00798,P0022,North,0.12,1865.48,258.75,2024-09-04,3,706.62
O24-004964,CUST01189,P0005,West,0,464.68,134.41,2024-07-21,1,464.68
O24-008128,CUST00008,P0006,North,0.11,1699.41,430.26,2024-08-23,5,381.89
O24-002144,CUST00189,P0045,South,0.21,10.35,1.3,2024-10-12,5,2.62
O24-007317,CUST01152,P0015,East,0.1,199.98,53.56,2024-06-27,4,55.55
O24-004381,CUST01069,P0005,South,0.05,453.68,93.88,2024-10-01,1,477.56
O24-009889,CUST01306,P0030,North,0.08,354.02,55.06,2024-11-30,4,96.2
O24-003747,CUST00766,P0008,North,0,395.72,63.47,2024-03-21,1,573.5
O24-009855,CUST00351,P0046,East,0.14,2.56,0.41,2024-05-03,1,2.98
O24-003237,CUST00838,P0044,West,0.05,29.53,5.93,2024-02-11,2,15.54210526
O24-000495,CUST00563,P0040,North,0,12.68,1.93,2024-08-22,1,15.65
O24-002255,CUST00996,P0031,North,0.2,602.54,67.66,2024-03-09,3,251.06
O24-005519,CUST00343,P0008,West,0,1829.28,548.78,2024-04-18,3,609.76
O24-007216,CUST01125,P0024,East,0.11,2308.73,295.45,2024-07-29,4,648.52
O24-002825,CUST00936,P0038,East,0.34,27.58,3.22,2024-06-17,3,13.93
O24-003317,CUST00478,P0009,North,0.18,98.89,22.11,2024-01-22,5,24.12
O24-007078,CUST01326,P0045,West,0.1,10.01,1.78,2024-09-15,4,2.78
O24-005312,CUST01474,P0016,East,0.26,140.24,30.93,2024-06-22,3,63.17
O24-006956,CUST00916,  P0012,West,0.09,19.1,4.32,2024-02-15,1,20.99
O24-002812,CUST01464,P0022,North,0.06,602.7,103.7,2024-11-03,1,641.17
O24-006584,CUST01243,P0001,East,0.08,2266.07,679.82,2024-10-14,2,1231.56
O24-005588,CUST00852,P0047,North,0.12,18.41,2.27,2024-01-06,2,10.46
O24-006679,CUST01373,P0003,West,0.02,2705.27,811.58,2024-07-15,2,1380.24
O24-004634,CUST00035,P0019,West,0.1,731.47,81.11,2024-12-10,2,406.3722222
O24-001815,CUST00236,P0029,North,0.16,497.06,82.36,2024-03-25,2,295.87
O24-002029,CUST01245,P0031,West,0.08,990.77,117.05,2024-11-17,4,269.23
O24-005049,CUST00923,P0010,South,0.28,133.27,24.98,2024-09-10,2,92.55
O24-006693,CUST01245,P0023,South,0.1,3437.28,299.26,2024-12-15,14,272.8
O24-007030,CUST00059,P0010,West,0.33,458.82,81.08,2024-08-01,8,85.6
O24-003140,CUST00672,P0015,West,0.1,183.13,43.98,2024-02-06,4,50.87
O24-003692,CUST00070,P0009,North,0.22,152.07,31.67,2024-07-07,8,24.37
O24-008181,CUST00391,P0038,North,0.08,26.62,5.42,2024-02-12,2,14.47
O24-002859,CUST01346,P0027,West,0.2,503.04,42.61,2024-09-01,5,125.76
O24-008545,CUST00465,P0027,East,0.34,81.07,7.33,2024-04-01,1,122.84
O24-006802,CUST00528,P0040,North,0.03,46.56,8.27,2024-01-23,3,16
O24-007764,CUST00835,P0015,West,0.27,247.12,43.77,2024-04-23,6,56.42
O24-006318,CUST00758,P0036,North,0.01,175.9,39.03,2024-02-08,8,22.21
O24-008139,CUST01447,P0012,North,0.09,90.73,17.69,2024-09-09,5,19.94
O24-009563,CUST00620,P0032,West,0.02,2304.67,335.55,2024-07-23,5,470.34
O24-002040,CUST00919,P0034,North,0,50.5,12.42,2024-09-24,5,10.1
O24-006521,CUST01435,P0012,West,0.11,86.11,17.78,2024-11-05,5,19.35
O24-001306,CUST01492,P0014,North,0.18,136.48,30.35,2024-09-27,4,41.61
O24-009778,CUST01221,P0012,North,0,72.73,14.77,2024-06-29,4,20.43
O24-001768,CUST01170,P0025,West,0.16,1714.2,148.15,2024-01-21,4,510.18
O24-000287,CUST00811,P0043,South,0.04,188.45,31.51,2024-04-08,5,39.26
O24-009978,CUST01271,  P0043,North,0.11,176.66,25.25,2024-11-16,5,39.7
O24-001007,CUST00668,P0027,South,0.14,211.82,14.98,2024-12-23,2,123.15
O24-005119,CUST00539,P0001,East,0.02,9245.79,2523.85,2024-11-08,8,1179.31
O24-001508,CUST01470,P0003,East,0.07,6332.42,1384.97,2024-10-15,5,1361.81
O24-002423,CUST00283,P0018,East,0,2294.72,434.73,2024-11-26,6,415.71
O24-000319,CUST01057,P0008,West,0.15,1991.72,419.81,2024-04-17,4,585.8
O24-004562,CUST01261,P0035,South,0.04,15.51,1.46,2024-10-24,4,4.0390625
O24-000762,CUST00801,P0004,West,0.07,2470.15,586.18,2024-03-17,3,885.36
O24-002898,CUST01378,P0021,East,0.17,184.28,22.8,2024-08-28,1,222.02
O24-006820,CUST00963,P0008,North,0.07,3207.27,758.65,2024-09-12,6,574.78
O24-001036,CUST00124,  P0027,West,0.02,1350.63,222.82,2024-06-06,11,125.29
O24-004365,CUST00662,P0018,South,0.18,1737.95,150.34,2024-03-12,5,423.89
O24-005983,CUST00839,P0003,North,0.09,1255.02,318.81,2024-03-11,1,1379.14
O24-009995,CUST00493,P0018,North,0.14,734.22,96.6,2024-11-12,2,426.87
O24-005434,CUST00566,P0023,North,0.05,251.95,34.51,2024-08-22,1,265.21
O24-002625,CUST00206,P0039,East,0.06,64.72,15.21,2024-10-30,5,13.77
O24-004392,CUST01105,P0022,North,0.03,1251.05,207.33,2024-09-17,2,644.87
O24-007096,CUST00951,P0001,East,0.07,1032.61,238.69,2024-07-12,1,1110.33
O24-007614,CUST01310,P0001,North,0.25,1916.94,373.81,2024-08-05,2,1277.96
O24-004913,CUST00730,P0018,North,0.11,747.17,107.81,2024-04-07,2,419.76
O24-007402,CUST00319,P0007,West,0.04,602.32,151.38,2024-11-26,3,209.14
O24-005687,CUST00715,P0029,East,0.02,1646.75,222.12,2024-03-24,6,280.06
O24-008481,CUST00071,P0017,North,0.16,365.11,52.69,2024-05-07,2,217.33
O24-009593,CUST00104,P0031,South,0.09,241.71,32.1,2024-05-05,1,265.62
O24-006317,CUST01362,P0027,North,0.12,564.08,81.55,2024-08-27,5,128.2
O24-008325,CUST00478,P0041,North,0.09,58.33,10.11,2024-08-18,2,32.05
O24-008038,CUST00409,P0039,North,0.05,77.92,15.07,2024-09-02,6,13.67
O24-005672,CUST00293,P0030,East,0.04,498.67,86.6,2024-08-27,5,103.89
O24-003544,CUST00069,P0012,East,0.06,169.45,40.41,2024-03-20,9,20.03
O24-004276,CUST01046,P0038,South,0.13,12,1.8,2024-01-17,1,13.79
O24-000027,CUST01292,P0042,North,0.12,127.07,17.55,2024-09-10,5,28.88
O24-004564,CUST00396,P0037,South,0.13,72.82,11.31,2024-07-03,6,13.95
O24-008777,CUST00993,P0032,South,0.16,1570.56,133.86,2024-05-07,4,467.43
O24-002956,CUST00710,P0020,North,0.18,889.44,108.15,2024-12-04,4,271.17
O24-006355,CUST00906,P0006,North,0.05,733.82,191.04,2024-05-10,2,386.22
O24-002909,CUST00541,P0021,East,0.16,1094.79,167.33,2024-10-10,6,217.2202381
O24-001437,CUST00579,P0016,West,0.04,121.09,34.56,2024-12-03,2,63.07
O24-000882,CUST00920,P0013,North,0.08,73.49,17.51,2024-04-19,4,19.97
O24-000905,CUST00335,P0044,North,0.14,53.11,9,2024-09-25,4,15.44
O24-000661,CUST00066,P0020,East,0.05,2595.5,449.36,2024-12-26,10,273.21
O24-001523,CUST01142,P0013,East,0.03,190.12,42.84,2024-01-22,10,19.6
O24-002161,CUST00495,P0045,North,0.28,1.89,0.38,2024-01-19,1,2.63
O24-003565,CUST01100,P0001,West,0.02,7054.65,1871.42,2024-11-30,6,1199.77
O24-004495,CUST00623,P0005,North,0.34,312.44,50.16,2024-11-17,1,473.4
O24-006189,CUST00818,P0014,North,0.38,123.35,25.88,2024-05-11,5,39.79
O24-007946,CUST00699,P0042,North,0.13,52.67,8.88,2024-01-16,2,30.27
O24-008333,CUST00707,P0009,North,0.36,31.16,4.46,2024-03-29,2,24.34
O24-007094,CUST00989,P0007,East,0.09,388.24,101.31,2024-12-18,2,213.3186813
O24-004239,CUST00938,P0003,West,0.33,3700.92,717.22,2024-09-18,4,1380.94
O24-008406,CUST00780,P0021,East,0.11,980.02,177.32,2024-10-04,5,220.23
O24-004615,CUST00470,P0046,East,0.02,6,0.74,2024-10-09,2,3.06
O24-003450,CUST00210,P0026,North,0.22,406.3,39.18,2024-05-08,1,520.9
O24-006225,CUST00574,P0002,South,0.22,1230.14,219.38,2024-12-01,3,525.7
O24-008278,CUST01044,P0048,North,0.06,2.04,0.39,2024-03-15,1,2.17
O24-007109,CUST00925,P0006,East,0.14,1805.4,448.17,2024-04-03,5,419.86
O24-002782,CUST00566,P0036,West,0.14,37.74,7.84,2024-07-12,2,21.94
O24-007261,CUST00168,P0003,West,0.11,6154.88,1343.13,2024-02-26,5,1383.12
O24-005708,CUST01471,P0017,South,0.16,695.42,62.38,2024-12-15,4,206.97
O24-007338,CUST00832,P0039,South,0.22,87.48,5.25,2024-05-31,8,14.02
O24-003330,CUST01486,P0004,North,0.12,1539.33,284.43,2024-09-16,2,874.62
O24-006393,CUST00060,P0002,South,0.18,2086.29,313.93,2024-11-26,5,508.85
O24-006498,CUST01114,P0035,North,0.07,3.75,0.67,2024-05-05,1,4.03
O24-008225,CUST00243,P0007,South,0.15,182.72,27.92,2024-04-01,1,214.96
O24-001745,CUST01128,P0035,North,0.12,22.76,3.48,2024-12-16,6,4.31
O24-002278,CUST00023,P0009,East,0.06,145.85,37.9,2024-03-07,6,25.86
O24-000866,CUST00487,P0010,South,0.11,74.39,13.04,2024-12-16,1,83.58
O24-001043,CUST01256,P0047,West,0.13,17.5,3.44,2024-06-24,2,10.06
O24-001707,CUST01243,P0024,East,0.14,1112.56,101.73,2024-06-15,2,646.84
O24-003155,CUST01388,P0018,West,0.05,1639.62,300.84,2024-02-26,4,431.48
O24-001313,CUST00857,P0024,South,0.14,1615.16,116.91,2024-04-05,3,626.03
O24-009888,CUST00121,P0027,East,0.07,1328.98,201.56,2024-03-29,11,129.91
O24-009777,CUST00259,P0013,West,0.08,91.22,19.45,2024-12-16,5,19.83
O24-009182,CUST00008,P0034,East,0.05,9.61,2.07,2024-08-23,1,10.12
O24-003052,CUST00332,P0009,West,0.18,38.7,7.62,2024-07-13,2,23.6
O24-008331,CUST00012,P0005,South,0.4,860.58,123.21,2024-12-31,3,478.1
O24-004679,CUST00109,P0006,East,0.01,1559.25,430.33,2024-08-31,4,393.75
O24-003872,CUST00300,P0013,East,0.19,15.28,4.01,2024-04-14,1,18.86
O24-003555,CUST00746,P0013,West,0.08,18.15,4.73,2024-08-14,1,19.73
O24-002481,CUST01172,P0007,East,0.03,597.63,161.95,2024-01-09,3,205.37
O24-000548,CUST00688,P0043,North,0.04,116.09,24.3,2024-06-16,3,40.31
O24-000699,CUST00222,P0010,South,0.11,340.23,60.49,2024-11-08,4,95.57
O24-003694,CUST01435,P0007,East,0.13,173.7,36.73,2024-01-17,1,199.66
O24-001684,CUST00881,P0015,North,0.2,130.75,25.79,2024-08-17,3,54.48
O24-008358,CUST01005,P0034,West,0.2,15.82,2.81,2024-12-01,2,9.89
O24-007377,CUST00433,P0001,North,0.09,1058.72,238.82,2024-09-12,1,1163.43
O24-000958,CUST00270,P0010,West,0.13,83,18.11,2024-08-15,1,95.4
O24-005627,CUST00589,P0002,East,0,2281.49,564.84,2024-07-08,5,524.48
O24-002188,CUST01384,P0014,East,0.04,194.45,42.66,2024-10-20,5,40.51
O24-001315,CUST00656,P0025,North,0.06,2502.7,248.03,2024-05-04,5,532.49
O24-007140,CUST01094,P0010,South,0.26,333.11,58.81,2024-10-07,5,90.03
O24-001208,CUST00252,P0039,North,0.04,27.26,5.69,2024-05-16,2,14.2
O24-002665,CUST00806,P0036,South,0.25,93.33,8.43,2024-03-30,6,20.74
O24-003741,CUST00529,P0009,East,0.03,179.72,42.96,2024-06-03,8,23.16
O24-001902,CUST01465,P0015,South,0,95.09,18.96,2024-06-24,2,52.83
O24-008347,CUST01351,P0013,West,0.26,86.54,18.96,2024-10-19,6,19.49
O24-002633,CUST01204,P0001,North,0.13,7904.26,2034.48,2024-09-24,8,1135.67
O24-007833,CUST00461,P0027,South,0.13,867.7,49.32,2024-10-06,8,124.67
O24-007971,CUST01139,P0009,South,0.16,19.87,3.99,2024-10-15,1,23.66
O24-002286,CUST00006,P0012,North,0.09,37.46,8.35,2024-03-28,2,20.58
O24-003406,CUST00147,P0006,East,0.1,669.47,147.46,2024-02-19,2,371.93
O24-007481,CUST00175,P0006,North,0.16,642.87,160.71,2024-01-07,2,382.66
O24-003783,CUST00085,P0004,West,0.04,5160.33,1228.83,2024-07-05,6,895.89
O24-004930,CUST00282,P0016,North,0.09,354.03,79.24,2024-11-11,6,64.84
O24-005461,CUST00851,P0015,South,0.15,228.14,40.3,2024-11-11,5,53.68
O24-001844,CUST00306,P0010,South,0.1,78.35,14.9,2024-11-26,1,87.06
O24-001076,CUST01359,P0035,East,0,25.8,4.42,2024-03-10,6,4.3
O24-008932,CUST00465,P0013,South,0.08,34.65,6.62,2024-04-06,2,18.83
O24-005450,CUST01234,P0011,West,0.06,232.06,55.68,2024-07-09,3,82.29
O24-009336,CUST00435,P0011,South,0.08,163.17,32.01,2024-05-19,2,88.68
O24-002411,CUST01408,P0002,West,0.14,1796.51,368.71,2024-04-14,4,522.24
O24-004710,CUST01398,P0034,East,0,10.06,2.27,2024-02-25,1,10.06
O24-002897,CUST00834,P0027,South,0.22,189.63,19.46,2024-05-10,2,121.56
O24-008542,CUST00735,P0004,North,0.04,3378.66,833.2,2024-03-18,4,879.86
O24-009752,CUST00801,P0040,West,0.16,25.89,4.44,2024-11-20,2,15.41
O24-009851,CUST00440,P0001,East,0.05,2293.34,434.45,2024-01-07,2,1207.02
O24-000081,CUST00047,P0015,North,0.12,144.75,29.41,2024-03-21,3,54.83
O24-004494,CUST00903,P0014  ,West,0.08,220.91,66.27,2024-06-18,6,40.01992754
O24-002491,CUST01292,P0012,South,0.13,17.61,3.88,2024-08-11,1,20.24
O24-005507,CUST01159,P0014,North,0.1,72.5,15.71,2024-01-23,2,40.28
O24-009704,CUST00973,P0015,West,0.17,434.67,108.59,2024-09-07,10,52.37
O24-001554,CUST00489,P0034,East,0.12,17.79,2.76,2024-06-26,2,10.10795455
O24-006971,CUST00655,P0024,West,0.15,1060.27,134.15,2024-10-25,2,623.69
O24-005466,CUST00530,P0008,West,0,547.45,117.27,2024-01-13,1,601.59
O24-004496,CUST00689,P0014,South,0.1,37.49,8.13,2024-07-08,1,41.66
O24-004766,CUST01006,P0046,East,0.05,2.89,0.65,2024-11-23,1,3.04
O24-007480,CUST01363,P0040,North,0.09,55.76,12.91,2024-02-01,4,15.32
O24-003106,CUST01173,P0005,East,0.08,836.1,191.57,2024-10-07,2,454.4
O24-000274,CUST00798,P0033,North,0.21,21.35,3.23,2024-09-23,2,13.51
O24-009672,CUST00364, P0043 ,East,0.08,149.59,25.08,2024-11-14,4,40.65
O24-004719,CUST00200,P0011,East,0.05,161.52,36.68,2024-12-07,2,85.01
O24-004269,CUST01447, P0048 ,North,0.18,7.45,1.1,2024-04-17,4,2.27
O24-001990,CUST00913,P0040,East,0.09,70.12,13.63,2024-08-11,5,15.41
O24-004790,CUST00961,P0037,East,0.05,38.96,8.28,2024-12-16,3,13.67
O24-004344,CUST01384,P0023,East,0.07,714.77,118,2024-07-22,3,256.19
O24-005433,CUST00588,P0028,East,0.02,1744.64,331.75,2024-07-03,4,445.06
O24-002026,CUST00661,P0045,North,0.04,2.52,0.41,2024-12-09,1,2.63
O24-002295,CUST00583,P0011,East,0.34,179.49,36.9,2024-03-27,3,90.65
O24-005455,CUST00224,P0035,East,0.1,7.58,1.61,2024-09-09,2,4.21
O24-009823,CUST00813,P0023,East,0.1,1248.62,126.72,2024-04-02,5,277.47
O24-007642,CUST01126,P0017,East,0.04,828.21,122.18,2024-09-09,4,215.68
O24-002497,CUST00812,P0047,West,0.17,34.53,6.69,2024-07-17,4,10.4
O24-000068,CUST00347,P0004,South,0.07,1743.64,297.55,2024-07-17,2,937.44
O24-001921,CUST00972,P0002,North,0,5740.24,1528.42,2024-10-27,11,521.84
O24-008886,CUST00423,P0033,East,0.1,81.84,19.93,2024-01-13,7,12.99
O24-008086,CUST00461,P0006,East,0.19,327.9,66.11,2024-11-01,1,404.81
O24-003206,CUST01115,P0048,East,0.12,1.89,0.24,2024-04-17,1,2.15
O24-003798,CUST01021,P0031,South,0.4,492.44,22.08,2024-09-26,3,273.58
O24-003887,CUST00816,P0013,East,0.24,73.53,13.75,2024-09-12,5,19.35
O24-009272,CUST00929,P0030,West,0.08,372.05,72.39,2024-04-04,4,101.1
O24-007443,CUST00439,P0040,North,0.11,13.51,2.85,2024-10-05,1,15.18
O24-009450,CUST01055,P0031,West,0.15,644.79,108.31,2024-11-14,3,252.86
O24-005212,CUST01374,P0018,East,0.18,367.31,39.34,2024-07-03,1,447.94
O24-005011,CUST00384,P0041,East,0.16,26.92,3.28,2024-03-12,1,32.05
O24-006656,CUST00123,P0023,East,0.02,517.3,92.93,2024-07-03,2,263.93
O24-005769,CUST00685,P0015,North,0.22,41.76,6.59,2024-12-08,1,53.54
O24-005395,CUST00353,P0046,South,0.29,4.16,0.38,2024-08-04,2,2.93
O24-005878,CUST00322,P0048,North,0.01,2.2,0.37,2024-06-11,1,2.22
O24-004100,CUST00414,P0047,North,0.02,20.82,4.21,2024-07-11,2,10.62
O24-005457,CUST01027,P0003,South,0.1,9744.55,1795.31,2024-06-03,8,1353.41
O24-009077,CUST01292,P0009,South,0,56.3,7.52,2024-03-16,3,23.17
O24-005465,CUST01491,P0016,South,0.12,109.79,15.94,2024-12-30,2,62.38
O24-008791,CUST00467,P0027,East,0.1,339.66,57.01,2024-08-19,3,125.8
O24-005734,CUST01457,P0030,East,0.08,193.68,25.92,2024-12-06,2,105.26
O24-009941,CUST00167,P0008,West,0.02,3225.65,886.24,2024-12-15,6,548.58
O24-007059,CUST00837,P0009,East,0.2,37.84,7.58,2024-03-19,2,23.65
O24-001372,CUST00178,P0010,West,0.14,159.29,36.94,2024-06-08,2,92.61
O24-001281,CUST00803,P0009,North,0.11,41.4,9.41,2024-11-17,2,23.26
O24-005266,CUST00879,P0004,North,0.08,4184.57,957.19,2024-11-24,5,909.69
O24-001968,CUST01020,P0001,East,0.09,5621.07,1259.38,2024-07-16,5,1235.4
O24-002963,CUST00047,P0044,South,0.15,25.47,3.41,2024-01-25,2,14.98
O24-000558,CUST01035,P0001,North,0.16,1959.01,428.95,2024-03-30,2,1166.08
O24-001891,CUST00121,P0032,East,0.04,452.19,79.07,2024-09-11,1,471.03
O24-003366,CUST00279,P0022,South,0.08,1250.83,132.46,2024-09-21,2,679.8
O24-008721,CUST00507,P0001,West,0.17,952.07,209.78,2024-11-11,1,1147.07
O24-009474,CUST00921,P0002,East,0.2,1302.77,264.31,2024-04-28,3,542.82
O24-002631,CUST01132,P0042,West,0.19,92.47,14.07,2024-11-27,4,28.54
O24-008598,CUST00668,P0011,North,0.08,324.91,78.12,2024-10-07,4,88.29
O24-000011,CUST00404,P0006,South,0.15,962.22,205.3,2024-03-30,3,377.34
O24-006454,CUST01043,P0034,West,0.21,32.04,3.11,2024-08-08,4,10.14
O24-000490,CUST01255,P0003,North,0.04,1304.01,342.63,2024-12-27,1,1358.34
O24-001229,CUST00676,P0007,North,0.07,942.23,275.22,2024-04-08,5,202.63
O24-004782,CUST01441,P0002,North,0.35,715.73,136.77,2024-09-25,2,550.5615385
O24-002004,CUST00722,P0039,South,0.18,34.76,3.53,2024-08-12,3,14.13
O24-002432,CUST00707,P0017,North,0,544.25,68.43,2024-02-06,3,221.24
O24-000603,CUST00774,P0038,West,0,27.32,6.12,2024-11-26,2,13.66
O24-000410,CUST01193,P0028,North,0.13,406.13,56.83,2024-06-26,1,466.82
O24-005949,CUST00880,P0026,North,0.13,407.97,67.01,2024-12-12,1,468.93
O24-006353,CUST00959,P0038,East,0.17,36.1,4.03,2024-01-03,3,14.5
O24-009846,CUST00237,P0015,East,0.07,143.99,39.99,2024-03-24,3,51.61
O24-005935,CUST01384,P0032,North,0.04,864.4,119.77,2024-07-06,2,450.21
O24-007321,CUST01423,P0001,West,0.1,10712.43,2487.9,2024-11-18,10,1190.27
O24-002172,CUST00016,P0011,West,0.03,80.92,19.86,2024-06-28,1,83.42
O24-004945,CUST01493,P0039,East,0.21,21.58,2.42,2024-11-15,2,13.66
O24-000476,CUST00044,P0039,East,0.08,128.52,24.02,2024-10-22,10,13.97
O24-004299,CUST01052,P0039,West,0.23,10.17,1.54,2024-04-22,1,13.21
O24-004406,CUST00931,P0036,North,0.12,18.84,3.05,2024-06-10,1,21.41
O24-006303,CUST01461,P0035,South,0.14,10.27,1.34,2024-12-17,3,3.98
O24-005782,CUST00066,P0043,North,0.12,69.64,12.07,2024-11-15,2,39.57
O24-004474,CUST00191,P0030,East,0.19,341.46,44.74,2024-07-25,4,105.39
O24-004465,CUST00745,P0040,North,0.11,26.45,3.83,2024-11-03,2,14.86
O24-008235,CUST00413,P0031,East,0.22,404.55,58.09,2024-08-26,2,259.33
O24-005698,CUST01228,P0011,East,0.07,81.55,20.78,2024-04-07,1,87.69
O24-007330,CUST01169,P0031,North,0.24,200.75,13.86,2024-03-15,1,264.15
O24-008944,CUST01042,P0002,West,0.11,480.91,109.53,2024-05-18,1,540.35
O24-000388,CUST00563,P0035,North,0.11,3.53,0.61,2024-08-02,1,3.97
O24-008228,CUST00632,P0029,West,0.16,683.35,85.56,2024-12-18,3,271.17
O24-004799,CUST01332,P0036,East,0.06,98.93,15.17,2024-07-22,5,21.05
O24-000171,CUST01035,P0037,West,0.07,12.94,2.33,2024-11-03,1,13.91
O24-002582,CUST00436,P0035,North,0.15,18.15,2.52,2024-08-27,5,4.27
O24-006164,CUST00947,P0019,North,0.05,784.8,109.78,2024-04-29,2,413.05
O24-007965,CUST00020,P0032,East,0.07,1272.38,198.43,2024-06-16,3,456.05
O24-009323,CUST00183,P0025,West,0.11,952.23,131.79,2024-10-03,2,534.96
O24-005937,CUST00937,P0015,East,0.05,49.32,11.27,2024-11-15,1,51.92
O24-009245,CUST00552,P0026,West,0.11,898.86,136.69,2024-01-30,2,504.98
O24-006983,CUST01405,P0033,North,0.05,51.41,10.2,2024-03-22,4,13.53
O24-001711,CUST00896,P0001,North,0.1,1100.21,253.63,2024-06-11,1,1222.46
O24-001246,CUST00292,P0005,South,0.05,1836.46,318.6,2024-12-14,4,483.2789474
O24-000369,CUST00745,P0019,East,0.03,785.18,124.18,2024-11-02,2,404.73
O24-008934,CUST01300,P0009,North,0.08,63.98,16.77,2024-01-03,3,23.18
O24-000311,CUST01122,P0043,North,0.07,114.47,18.36,2024-09-11,3,41.03
O24-001329,CUST01086,P0009,East,0.17,95.78,24.37,2024-07-21,5,23.08
O24-001206,CUST01192,P0016,North,0.14,110.22,27.46,2024-08-12,2,64.08
O24-002512,CUST01388,P0042,East,0.02,113.52,23.7,2024-03-20,4,28.96
O24-006876,CUST00540,P0007,East,0.1,371.14,102.52,2024-08-12,2,206.19
O24-009837,CUST01338,P0044,West,0.12,40.5,7.63,2024-01-07,3,15.34
O24-009765,CUST01158,P0005,South,0.14,1229.73,253.63,2024-12-26,3,476.64
O24-003483,CUST00355,P0003,East,0.1,3655.96,892.92,2024-12-20,3,1354.06
O24-002208,CUST00892,P0003,North,0.22,8597.47,2052.9,2024-09-07,8,1377.8
O24-008389,CUST00676,P0018,West,0.12,1860.89,299.33,2024-01-06,5,422.93
O24-007350,CUST00164,P0005,North,0.01,1441.79,344.81,2024-03-31,3,485.45
O24-005663,CUST01193,P0045,South,0.35,1.69,0.13,2024-09-25,1,2.6
O24-006300,CUST00566,P0037  ,North,0.06,12.92,2.26,2024-03-25,1,13.75
O24-004572,CUST01416,P0030,South,0.2,478.85,34.41,2024-06-17,6,99.76
O24-003327,CUST01132,P0038,East,0.22,108.89,18.17,2024-04-30,10,13.96025641
O24-002097,CUST00804,P0035,West,0.14,10.91,1.75,2024-04-12,3,4.23
O24-007684,CUST01297,P0018,North,0.06,2967.19,416.14,2024-12-21,7,450.94
O24-007875,CUST00682,P0001,East,0.07,6631.05,1787.07,2024-11-11,6,1188.36
O24-000237,CUST01047,P0016,West,0.05,242.93,56.44,2024-01-30,4,63.93
O24-008959,CUST01302,P0015,North,0.07,155.99,42.25,2024-10-16,3,55.91
O24-002244,CUST00047,P0037,South,0.11,24.76,2.93,2024-03-28,2,13.91
O24-004265,CUST00759,P0026,East,0.11,1349.82,168.7,2024-03-28,3,505.55
O24-003876,CUST00489,P0028,North,0.15,784.58,110.5,2024-03-16,2,461.52
O24-002192,CUST01434,P0019,South,0.08,1089.12,82.5,2024-03-25,3,394.61
O24-008114,CUST00524,P0038,West,0.05,13.65,2.3,2024-01-22,1,14.37
O24-008583,CUST00232,P0034,East,0.14,55.11,10.74,2024-06-11,6,10.68
O24-003880,CUST00190,P0040,North,0.15,38.38,5.94,2024-08-29,3,15.05
O24-004883,CUST00440,P0044,East,0.11,53.76,8.74,2024-01-28,4,15.1
O24-005689,CUST00812,P0009,North,0.06,66.41,16.07,2024-03-21,3,23.55
O24-005341,CUST00174,P0007,South,0.22,322.22,62.76,2024-09-14,2,206.55
O24-000982,CUST01399,P0045,West,0.1,7.59,1.24,2024-09-10,3,2.81
O24-000211,CUST01371,P0002,East,0.19,433.68,94.01,2024-01-14,1,535.41
O24-000458,CUST01179,P0007,West,0.05,381.77,101.02,2024-01-18,2,200.93
O24-007366,CUST00880,P0022,West,0,1389.04,188.56,2024-10-27,2,694.52
O24-001487,CUST01327,P0020,East,0.22,221.21,26.48,2024-11-01,1,283.6
O24-006346,CUST01364,P0040,East,0.21,24.32,3.69,2024-11-09,2,15.39
O24-007157,CUST00105,P0014,West,0.14,132.34,29.82,2024-11-27,4,38.47
O24-005177,CUST00847,P0010,North,0.04,265.54,63.76,2024-12-29,3,92.2
O24-004717,CUST00210,P0031,South,0.13,479.96,49.48,2024-04-17,2,275.84
O24-006306,CUST00860,P0026,North,0.16,850.52,116.38,2024-04-06,2,506.26
O24-009417,CUST01095,P0014,West,0.1,70.65,20.16,2024-07-12,2,39.25
O24-008660,CUST00571,P0028,North,0.22,2109.42,245.64,2024-03-19,6,450.73
O24-007298,CUST00837,P0007,South,0.14,359.91,79.55,2024-07-02,2,209.25
O24-002843,CUST01177,P0013,North,0.08,52.8,14.26,2024-07-30,3,19.13
O24-005099,CUST01462,P0033,West,0.08,11.99,2.53,2024-01-04,1,13.03
O24-009185,CUST00934,P0029,West,0.02,285.86,37.55,2024-05-01,1,291.69
O24-009947,CUST01110,P0017  ,East,0.34,542.15,22.81,2024-12-07,4,205.36
O24-003398,CUST00186,P0003,North,0.11,6170.9,1555.12,2024-01-04,5,1386.72
O24-006499,CUST00310,P0016,North,0.18,156.01,35.82,2024-12-11,3,63.42
O24-006973,CUST01184,P0007,North,0.19,518.78,112.67,2024-07-22,3,213.49
O24-005149,CUST00586,P0009  ,North,0.16,96.05,21.18,2024-01-09,5,22.87
O24-005061,CUST01040,P0048,East,0.08,2,0.38,2024-07-04,1,2.17
O24-008075,CUST01464,P0027,North,0.07,112.17,14.86,2024-02-03,1,120.61
O24-007901,CUST00349,P0003,East,0.04,5391.86,1347.85,2024-06-28,4,1404.13
O24-008954,CUST00179,P0037,West,0.17,11.94,1.82,2024-05-22,1,14.38554217
O24-000375,CUST00965,P0016,East,0.11,178.84,33.6,2024-07-11,3,66.98
O24-009002,CUST00559,P0047,West,0.14,9,1.18,2024-03-06,1,10.46
O24-006336,CUST00879,P0019,East,0.06,723.91,123.61,2024-05-07,2,385.06
O24-003247,CUST00881,P0018,East,0.1,398.47,58.63,2024-05-05,1,442.74
O24-005791,CUST01276,P0023,West,0,1107.32,105.15,2024-10-14,4,276.83
O24-005582,CUST01379,P0047,West,0.06,49.11,8.42,2024-01-08,5,10.45
O24-004668,CUST01113,P0014,South,0.37,100.17,9.49,2024-06-09,4,39.75
O24-006039,CUST00213,P0021,West,0,441.08,74.72,2024-06-24,2,220.54
O24-000956,CUST00163,P0036,West,0.2,16.06,2.33,2024-11-19,1,20.07
O24-005961,CUST01008,P0042,East,0.18,24.26,3.14,2024-12-29,1,29.58
O24-003683,CUST00952,P0004,East,0.18,727.77,144.7,2024-04-19,1,887.52
O24-003354,CUST00915,P0044,South,0.37,48.64,4.16,2024-01-23,5,15.44
O24-005350,CUST00128,P0028,East,0.15,1166.17,120.04,2024-06-24,3,457.32
O24-004033,CUST01467,P0022,West,0.19,1170.26,171.88,2024-09-03,2,722.38
O24-000085,CUST00247,P0025,West,0.36,1294.8,152.27,2024-06-10,4,505.78125
O24-001433,CUST00277,P0034,South,0.11,8.88,1.15,2024-07-03,1,9.98
O24-005473,CUST00577,P0019,South,0.21,1335.23,86.14,2024-01-21,4,422.54
O24-000936,CUST00837,P0013,East,0.18,15.58,3.63,2024-05-23,1,19
O24-009803,CUST00260,P0047,East,0.17,16.43,2.38,2024-08-27,2,9.9
O24-009425,CUST00501,P0034,East,0.18,8.67,1.39,2024-11-05,1,10.57
O24-008230,CUST01419,P0047,West,0.14,25.39,4.36,2024-03-20,3,9.84
O24-009206,CUST00703,P0013,North,0.08,74.81,21.4,2024-10-02,4,20.33
O24-007269,CUST01073,P0014,East,0.11,356.98,80.04,2024-02-06,10,40.11
O24-009805,CUST01256,P0045,East,0.09,7.48,1.61,2024-02-04,3,2.74
O24-007962,CUST00806,P0031,West,0.1,1395.52,185.06,2024-04-30,6,258.4296296
O24-001006,CUST00804,P0002,North,0,738.51,148.51,2024-01-18,2,543.02
O24-003599,CUST00487,P0009,East,0.14,41.59,10.53,2024-01-19,2,24.18
O24-001021,CUST00275,P0023,South,0.14,224.21,13.6,2024-03-23,1,260.71
O24-004061,CUST01028,P0011,North,0.1,323.46,76.23,2024-05-07,4,89.85
O24-001714,CUST01484,P0042,South,0.4,143.42,4.83,2024-03-30,8,29.88
O24-009707,CUST00329,P0036,North,0.13,56.9,9.71,2024-08-24,3,21.8
O24-007049,CUST00633,P0012,West,0.18,94.17,21.72,2024-07-22,6,19.14
O24-000931,CUST00585,P0035,West,0.15,7.55,1.31,2024-07-23,2,4.44
O24-007197,CUST00296,P0042,North,0.06,168.02,32.09,2024-05-12,6,29.79
O24-007234,CUST00172,P0002,South,0.2,3225.98,507.7,2024-11-27,8,504.06
O24-007056,CUST00507,P0046,East,0.05,22.95,4.59,2024-03-21,8,3.02
O24-004758,CUST00931,P0005,West,0.01,476.34,128.95,2024-04-13,1,481.15
O24-000824,CUST00769,P0004,East,0.02,5805.07,1473.18,2024-08-09,7,846.22
O24-009377,CUST01025,P0007,North,0.15,177.58,40.08,2024-08-26,1,208.9176471
O24-001999,CUST00012,P0042,West,0.08,109.48,23.76,2024-02-25,4,29.75
O24-000755,CUST00988,P0001,East,0.09,1965.82,477.37,2024-07-07,2,1080.12
O24-008416,CUST01163,P0046,North,0.1,13.86,2,2024-07-30,5,3.08
O24-008506,CUST00512,P0046,North,0.09,8.41,1.61,2024-12-11,3,3.08
O24-002115,CUST00397,P0039,East,0.12,11.58,2.04,2024-04-21,1,13.16
O24-000992,CUST00477,P0026,East,0.06,460.69,70.16,2024-11-15,1,490.1
O24-008317,CUST00062,P0046,East,0.1,2.81,0.55,2024-10-13,1,3.12
O24-009955,CUST00307,P0031,North,0.12,478.56,62.93,2024-02-08,2,271.91
O24-000639,CUST01281,P0031,West,0.16,223.12,29.63,2024-07-11,1,265.62
O24-009997,CUST00638,P0037,North,0,56.08,12.83,2024-01-25,4,14.02
O24-001943,CUST00869,P0041,South,0.26,114.55,6.54,2024-05-06,5,30.96
O24-003356,CUST01148,P0015,South,0.15,87.96,19.4,2024-10-29,2,51.74
O24-003034,CUST00376,P0012,West,0.12,18.23,4.5,2024-09-07,1,20.72
O24-001217,CUST01084,P0020,North,0.32,178.79,9.06,2024-07-25,1,262.92
O24-003506,CUST01062,P0042,North,0.18,50.56,9.24,2024-03-30,2,30.83
O24-009334,CUST00075,P0004,West,0.08,4294.79,1161.89,2024-11-10,5,933.65
O24-007766,CUST00739,P0009,North,0.2,96,18.37,2024-06-27,5,24
O24-009024,CUST01384,P0017,North,0.19,177.03,23.85,2024-12-29,1,218.55
O24-003200,CUST00604,P0013,West,0.07,38.3,7.58,2024-09-14,2,20.59
O24-007557,CUST00930,P0044,North,0.07,15.15,2.89,2024-01-12,1,16.29
O24-001936,CUST00265,P0032,East,0.02,1823.78,304.08,2024-11-08,4,465.25
O24-006501,CUST00548,P0045,West,0.17,6.77,1.03,2024-08-06,3,2.72
O24-000137,CUST00592,P0002,South,0.27,394.6,63.8,2024-08-02,1,540.55
O24-007752,CUST00330,P0042,West,0.15,147.24,22.94,2024-02-04,6,28.87
O24-000015,CUST01377,P0028,North,0.1,819.38,81.73,2024-05-12,2,455.21
O24-005891,CUST00953,P0028,West,0.06,5065.07,701.94,2024-08-03,13,414.49018
O24-004620,CUST00950,P0013,North,0.06,38.52,10.44,2024-04-17,2,20.49
O24-009227,CUST00999,P0010,West,0.06,331.37,81.12,2024-09-17,4,88.13
O24-000745,CUST00058,P0037,South,0.12,47.56,8.69,2024-06-08,4,13.51
O24-001440,CUST00265,P0026,North,0.14,440.53,62.89,2024-01-18,1,512.24
O24-001203,CUST01432,P0041,West,0.1,150.21,30.72,2024-02-20,5,33.38
O24-004903,CUST01319,P0032,East,0.3,323.56,25.52,2024-09-07,1,462.2285714
O24-005557,CUST00238,P0044,West,0.15,41.57,6.02,2024-12-17,3,16.3
O24-007644,CUST01414,P0037,South,0.24,32.13,2.81,2024-10-09,3,14.09
O24-003071,CUST00672,P0025,North,0.05,962.12,175.25,2024-02-06,2,506.38
O24-002694,CUST00040,P0033,North,0.14,33.36,5.27,2024-05-08,3,12.93
O24-003050,CUST01480,P0038,East,0.04,80.93,22.64,2024-03-22,6,14.05
O24-006389,CUST00528,P0020,South,0.08,977.48,130.1,2024-10-12,4,265.62
O24-006588,CUST00617,P0033,West,0.33,25.73,2.12,2024-06-04,3,12.8
O24-000941,CUST01372,P0013,North,0.26,84.85,16.21,2024-03-05,6,19.11
O24-002841,CUST00187,P0035,South,0,3.39,0.37,2024-01-27,1,4.13
O24-004736,CUST00111,P0033,South,0.24,18.88,1.77,2024-08-30,2,12.42
O24-007904,CUST01348,P0012,West,0.14,101.81,22.68,2024-06-12,6,19.73
O24-005026,CUST00943,P0026,West,0.13,2227.9,259.1,2024-08-01,5,512.16
O24-005511,CUST01156,P0009,West,0,187.68,53.07,2024-09-20,8,23.46
O24-005919,CUST00711,P0003,North,0.09,1240.94,277.63,2024-01-06,1,1363.67
O24-001264,CUST00328,P0008,West,0.04,1144.26,248.5,2024-12-27,2,595.97
O24-001609,CUST00770,P0043,East,0.07,217.45,46.43,2024-09-19,6,38.97
O24-002091,CUST01218,P0045,North,0.14,17.54,3,2024-07-27,8,2.55
O24-005817,CUST00279,P0003,North,0.05,6610.05,1983.02,2024-08-17,5,1391.589474
O24-005829,CUST00645,P0002,East,0.06,2448.84,601.05,2024-01-21,5,521.03
O24-002442,CUST00083,P0009,West,0.12,20.8,4.58,2024-11-04,1,23.64
O24-006724,CUST00715,P0009,East,0.09,125.25,34.75,2024-11-18,6,22.94
O24-000238,CUST00306,P0023,West,0.05,252.8,31.92,2024-02-08,1,266.1
O24-004060,CUST00895,P0027,South,0.07,363.26,42.35,2024-04-10,3,130.2
O24-001475,CUST00249,P0026,West,0.13,444.73,73.01,2024-08-07,1,511.18
O24-004868,CUST00837,P0004,North,0.16,753.94,156.47,2024-12-14,1,897.55
O24-008806,CUST01139,P0021,South,0.13,960.74,56.29,2024-04-01,5,220.86
O24-004687,CUST00703,P0041,West,0.21,24.93,3.54,2024-10-18,1,31.56
O24-004378,CUST00268,P0027,East,0.31,184.67,12.23,2024-01-07,2,133.82
O24-001829,CUST00786,P0008,West,0.03,2273.68,667.37,2024-08-26,4,586
O24-006653,CUST00167,P0020,North,0.17,226.33,35.16,2024-03-06,1,272.69
O24-002677,CUST01344,P0007,East,0.14,888.94,175.82,2024-01-30,5,206.73
O24-000741,CUST01222,P0046,South,0.12,11.05,1.06,2024-08-12,4,3.14
O24-006514,CUST00122,P0035,West,0.17,3.29,0.57,2024-12-24,1,3.96
O24-002904,CUST00528,P0014,North,0.04,142.5,30.74,2024-12-28,4,37.11
O24-009358,CUST01461,P0034,North,0.12,8.99,2.11,2024-11-28,1,10.22
O24-004143,CUST00397,P0017,East,0.09,562.08,85.16,2024-04-21,3,205.89
O24-003807,CUST00607,P0013,East,0.18,117.84,24.82,2024-06-03,7,20.53
O24-008735,CUST01256,P0010,East,0.35,62.73,11.59,2024-02-28,1,96.51
O24-009047,CUST00209,P0042,West,0.07,282.63,46.59,2024-05-06,10,30.39
O24-001519,CUST00335,P0040,North,0.09,55.58,10.74,2024-07-26,4,15.27
O24-002701,CUST00341,P0004,North,0.12,1619.06,470.19,2024-03-29,2,919.92
O24-000828,CUST00154,P0004,West,0.16,729.06,162.54,2024-08-26,1,867.93
O24-002733,CUST00841,P0033,East,0.1,12.29,2.36,2024-11-09,1,13.66
O24-009147,CUST00249,P0033,East,0.12,34.53,6.77,2024-04-30,3,13.08
O24-009265,CUST00036,P0014,West,0.09,77.84,14.62,2024-11-14,2,42.77
O24-005742,CUST01218,P0001,South,0.09,7540.55,1587.84,2024-09-14,7,1183.76
O24-008353,CUST01317,P0021,East,0.07,217.26,37.13,2024-05-26,1,233.61
O24-004642,CUST01372,P0048,South,0.12,7.74,0.96,2024-04-05,4,2.2
O24-008341,CUST01315,P0005,West,0.05,427.35,104.37,2024-02-27,1,449.84
O24-009433,CUST00428,P0015,West,0.06,96.71,28.13,2024-01-26,2,51.44
O24-003048,CUST01135,P0006,South,0.12,679.64,142.65,2024-11-22,2,386.1590909
O24-008268,CUST00622,P0026,West,0.08,1828.92,271.16,2024-11-25,4,496.99
O24-006912,CUST00332,P0029,East,0.14,258.01,30.46,2024-10-31,1,300.01
O24-003782,CUST01081,P0032,North,0.35,886.43,31.17,2024-05-19,3,454.58
O24-000291,CUST00094,P0012,West,0,59.94,14.9,2024-08-31,3,19.98
O24-009060,CUST00100,P0012,North,0,19.23,4.55,2024-01-23,1,19.23
O24-000178,CUST01457,P0006,North,0.08,358.86,100.09,2024-05-11,1,390.07
O24-004005,CUST01173,P0019,North,0.09,2097.19,275.82,2024-12-19,6,384.1
O24-000063,CUST01146,P0005,East,0.05,1816.21,368.88,2024-05-14,4,477.95
O24-007432,CUST00065,P0028,North,0.09,1247.75,160.96,2024-03-03,3,457.05
O24-008008,CUST01445,P0029,North,0.08,805.73,106.11,2024-08-22,3,291.93
O24-008713,CUST00091,P0006,North,0.2,906.22,183.65,2024-01-04,3,377.59
O24-005047,CUST00410,P0008,East,0.15,5343.24,1147.89,2024-04-02,11,571.47
O24-000307,CUST01381,P0024,South,0.1,565.67,62.79,2024-11-07,1,628.52
O24-006236,CUST00912,P0022,East,0.12,580.58,70.9,2024-03-30,1,659.75
O24-005903,CUST00482,P0013,East,0.01,133.4,35.82,2024-07-18,7,19.25
O24-000586,CUST00534,P0004,East,0.07,829.33,200.36,2024-01-07,1,891.75
O24-007320,CUST00016,P0014,South,0.14,138.63,27.31,2024-10-11,4,40.3
O24-002540,CUST01214,P0001,West,0.05,7114.63,2049.05,2024-03-26,6,1248.18
O24-000671,CUST00361,P0038,North,0.09,64.52,13.95,2024-01-05,5,14.18021978
O24-000475,CUST01316,P0003,South,0.14,3391.51,704.17,2024-12-22,3,1314.54
O24-008562,CUST00499,P0029,East,0.14,1521.94,223.58,2024-07-19,6,294.95
O24-005285,CUST00438,P0044,East,0.11,67.73,14.62,2024-11-13,5,15.22022472
O24-001157,CUST00578,P0045,West,0.08,2.53,0.31,2024-07-20,1,2.75
O24-009092,CUST00310,P0030,West,0.14,84.92,6.46,2024-02-02,1,98.75
O24-004632,CUST00739,P0016,East,0.17,160.01,37.71,2024-02-10,3,64.26
O24-000822,CUST01290,P0025,North,0.09,906.56,107.78,2024-01-26,2,498.11
O24-009125,CUST00139,P0035,West,0.15,3.69,0.49,2024-10-18,1,4.34
O24-004847,CUST00489,P0010,West,0.17,220.66,51.9,2024-11-10,3,88.62
O24-004805,CUST00052,P0037,South,0.21,21,1.87,2024-12-01,2,13.29
O24-000836,CUST01240,P0028,North,0.07,427.45,80.57,2024-11-02,1,459.62
O24-007602,CUST00010,P0026,North,0.09,470.84,68.87,2024-12-06,1,517.41
O24-008458,CUST00030,P0033,North,0.18,40.74,6.6,2024-07-13,4,12.42
O24-007680,CUST00764,P0002,South,0.22,404.73,85.45,2024-03-12,1,518.89
O24-005698,CUST01228,P0011,East,0.07,81.55,20.78,2024-04-07,1,87.69
O24-004972,CUST00998,P0044,East,0.02,75.31,17.35,2024-11-23,5,15.37
O24-008374,CUST00665,P0003,East,0.09,6727.18,1480.74,2024-03-21,5,1478.5
O24-007879,CUST01431,P0044,North,0.14,27.35,5,2024-11-16,2,15.9
O24-009061,CUST01021,P0018,East,0.17,362.79,47.24,2024-04-14,1,437.1
O24-002563,CUST01091,P0029,North,0.02,551.39,69.31,2024-09-09,2,281.32
O24-004125,CUST00180,P0027,South,0.1,1136.25,105.83,2024-05-28,10,126.25
O24-002958,CUST00891,P0025,North,0.06,501.52,74.6,2024-01-04,1,533.53
O24-000320,CUST00901,P0046,East,0.17,9.69,1.63,2024-11-30,4,2.92
O24-009372,CUST00443,P0025,East,0.11,469.07,58.39,2024-11-30,1,527.05
O24-008945,CUST01279,P0031,North,0.17,419.78,54.81,2024-01-10,2,252.88
O24-007969,CUST00650,P0042,East,0.02,28.66,5.06,2024-06-08,1,29.25
O24-003531,CUST00011,P0036,South,0.19,51.76,7.41,2024-05-31,3,21.3
O24-004393,CUST01108,P0039,East,0.08,24.91,4.34,2024-06-12,2,13.54
O24-005479,CUST01262,P0015,North,0.08,50.6,13,2024-04-12,1,55
O24-001993,CUST00439,P0017,East,0.1,389.21,50.44,2024-02-28,2,216.23
O24-009468,CUST00155,P0043,North,0.22,94.75,13.96,2024-10-26,3,40.49
O24-006651,CUST01257,P0008,North,0.12,2567.88,557.45,2024-12-25,5,583.61
O24-000993,CUST00740,P0023,West,0.18,217.99,31.88,2024-06-20,1,265.84
O24-000234,CUST00014,P0012,East,0.07,18.07,5.11,2024-02-03,1,19.43
O24-004796,CUST00906,P0020,North,0.04,263.58,56.44,2024-07-06,1,274.56
O24-000079,CUST00750,P0010,East,0.03,271.5,64.82,2024-12-30,3,93.3
O24-000739,CUST00551,P0025,North,0.08,1376.38,202.41,2024-12-02,3,498.69
O24-002445,CUST01424,P0015,East,0.09,96.19,25.1,2024-05-02,2,52.85
O24-001292,CUST01025,P0035  ,East,0.06,8.07,1.42,2024-09-17,2,4.29
O24-008094,CUST01384,P0016,East,0.11,111.27,22.98,2024-12-10,2,62.51
O24-004058,CUST00782,P0034,North,0.05,28.56,5.8,2024-12-05,3,10.02
O24-006431,CUST00330,P0022,East,0.08,1820,308.79,2024-06-08,3,659.42
O24-003494,CUST00398,P0016,South,0.11,109.1,20.41,2024-10-01,2,61.29
O24-005655,CUST00483,P0018,South,0.11,3097.34,297.67,2024-12-01,8,435.02
O24-005515,CUST00854,P0030,North,0.15,249.72,26.17,2024-04-19,3,97.93
O24-008420,CUST01338,P0033,North,0.31,38.31,4.45,2024-08-04,4,13.88
O24-008287,CUST00287,P0032,South,0.1,852.82,68.44,2024-08-11,2,473.79
O24-009993,CUST00794,P0004,North,0.1,854.78,199.48,2024-01-06,1,949.75
O24-006262,CUST00630,P0028,West,0.02,2627.89,517.08,2024-12-09,6,446.92
O24-005522,CUST01274,P0022,East,0.35,885.36,61.35,2024-05-25,2,681.05
O24-003477,CUST00943,P0032,West,0.16,401.72,53.11,2024-01-27,1,478.24
O24-000820,CUST00952,P0017,East,0.15,560.9,60.63,2024-07-16,3,219.96
O24-005379,CUST00127,P0011,South,0.15,72.18,9.46,2024-03-16,1,84.92
O24-008162,CUST00331,P0029,East,0.09,821.35,126.17,2024-04-26,3,300.86
O24-001581,CUST00014, P0043 ,South,0.27,26.79,3.03,2024-08-22,1,36.7
O24-008388,CUST01454,P0046,North,0.09,8.14,1.34,2024-06-11,3,2.98
O24-007765,CUST00655,P0045,East,0.16,4.52,0.73,2024-01-22,2,2.69
O24-001284,CUST01190,P0016,North,0.13,53.97,14.3,2024-11-14,1,62.03
O24-008349,CUST01370,P0009,East,0.29,32.73,7.3,2024-03-09,2,23.05
O24-008681,CUST00187,P0048,West,0.2,1.8,0.23,2024-02-04,1,2.25
O24-000776,CUST00933,P0001,South,0.26,1786.82,272.17,2024-05-10,2,1207.31
O24-009329,CUST00645,P0025,South,0.24,404.02,30.14,2024-07-07,1,531.61
O24-002939,CUST01486,P0005,East,0.1,1729.44,467.18,2024-01-16,4,480.4
O24-005405,CUST00591,P0046,South,0.2,9.76,1.09,2024-08-03,4,3.05
O24-005974,CUST01450,P0045,North,0,4,0.7,2024-12-26,2,2.6
O24-007535,CUST00927,P0015,East,0.08,150.72,28.29,2024-05-26,3,54.61
O24-002754,CUST00168,P0022,South,0.18,554.54,41.84,2024-01-04,1,676.27
O24-002183,CUST00337,P0002,East,0.13,2281.53,489.94,2024-11-25,5,524.49
O24-006381,CUST01433,P0041,East,0.09,146.74,26.19,2024-05-05,5,32.25
O24-002276,CUST00818,P0012,South,0.1,36.25,5.35,2024-04-25,2,20.14
O24-005893,CUST00624,P0016,East,0.09,58.13,12.36,2024-06-13,1,63.88
O24-006294,CUST01223,P0041,South,0.19,26.23,4.02,2024-05-09,1,32.38
O24-004019,CUST00364,P0034,East,0.12,119.66,21.74,2024-02-29,13,10.46
O24-002905,CUST00889,P0018,East,0.19,340.72,33.92,2024-08-09,1,420.64
O24-003719,CUST00649,P0025,East,0.18,401.2,42.31,2024-08-01,1,489.27
O24-006423,CUST01420,P0013,South,0.22,47.01,9.07,2024-07-04,3,20.09
O24-009101,CUST00585,P0025,South,0.21,414.63,25.11,2024-06-16,1,524.85
O24-005387,CUST01247,P0022,West,0.21,518.82,67.77,2024-02-14,1,656.74
O24-009787,CUST01110,P0033,West,0.16,21.69,3.65,2024-12-13,2,12.91
O24-003379,CUST00723,P0030,West,0.07,96.26,16.47,2024-06-24,1,103.51
O24-001115,CUST00824,P0040,North,0.08,43.86,8.5,2024-07-05,3,15.89
O24-006800,CUST01234,P0039,North,0.14,58.65,9.84,2024-12-22,5,13.64
O24-000469,CUST01000,P0030,North,0.15,267.5,28.13,2024-10-03,3,104.9
O24-000344,CUST00627,P0005,West,0.1,1219.54,315.58,2024-12-01,3,451.68
O24-004144,CUST01441,P0014,North,0.12,36.79,7.67,2024-03-02,1,41.81
O24-001907,CUST01434,P0010,North,0.01,269.97,63.25,2024-07-09,3,90.9
O24-005610,CUST00829,P0027,East,0.13,223.87,32.09,2024-03-15,2,128.66
O24-004272,CUST00036,P0010,West,0.1,87.59,19.64,2024-05-29,1,97.32
O24-006858,CUST01159,P0030,East,0.08,92.48,13.52,2024-03-25,1,100.52
O24-005906,CUST00303,P0039,South,0.1,71.23,6.43,2024-08-25,6,13.19
O24-004159,CUST00788,P0015,West,0.11,98.45,25.24,2024-11-13,2,55.31
O24-008559,CUST00164,P0016,North,0.01,64.7,16.28,2024-08-11,1,65.35
O24-002320,CUST01270,P0035,North,0.08,11.54,1.9,2024-12-28,3,4.18115942
O24-009454,CUST00465,P0029,East,0.04,539.37,102.5,2024-08-22,2,280.92
O24-009037,CUST00507,P0030,South,0.19,337.41,32.55,2024-03-29,4,104.14
O24-008842,CUST01208,P0036,South,0.24,46.6,2.91,2024-05-12,3,20.44
O24-000760,CUST00937,P0044,East,0.23,10.93,1.61,2024-10-09,1,14.19
O24-006474,CUST00119,P0042,East,0.04,269.47,66.83,2024-12-09,10,28.07
O24-000300,CUST00074,P0029,East,0.07,784.35,124.05,2024-08-16,3,281.13
O24-005262,CUST01100,P0001,West,0.15,1004.59,231.1,2024-09-02,1,1181.87
O24-009359,CUST00010,P0008,West,0.16,2401.56,661.19,2024-12-27,5,571.8
O24-006404,CUST00581,P0006,West,0.26,1108.46,261.92,2024-12-10,4,374.48
O24-009642,CUST01124,P0042,North,0.1,26.9,5.67,2024-07-19,1,29.89
O24-006558,CUST00073,P0023,East,0.15,1774.66,196.98,2024-08-13,8,260.98
O24-000985,CUST00754,P0012,North,0.19,15.65,3.49,2024-07-16,1,19.32
O24-003495,CUST00898,P0012,West,0.17,98.8,22.19,2024-01-12,6,19.84
O24-000100,CUST00976,P0024,West,0.06,3041.98,441.55,2024-11-03,5,647.23
O24-008404,CUST00168,P0011,West,0.04,338.76,84.88,2024-07-12,4,88.22
O24-008924,CUST01457,P0004,South,0.26,4093.95,637.43,2024-10-28,6,922.06
O24-006759,CUST00620,P0044,West,0.03,45.75,10.97,2024-10-06,3,15.72
O24-006692,CUST00777,P0039,South,0.15,48.42,7.4,2024-07-10,4,14.24
O24-007632,CUST01196,P0015,West,0.1,100.57,27.89,2024-12-25,2,55.87
O24-001461,CUST00980,P0025,West,0.08,1926.66,315.19,2024-12-17,4,523.55
O24-005677,CUST00517,P0016,South,0.19,163.47,31.04,2024-12-25,3,67.27
O24-001734,CUST00701,P0017,South,0.16,549.23,52.67,2024-09-05,3,217.95
O24-001981,CUST01360,P0039,East,0.07,39.59,9.64,2024-11-23,3,14.19
O24-005749,CUST00130,P0008,North,0.14,509.88,111.56,2024-05-24,1,592.88
O24-004469,CUST00674,P0013,East,0,34.43,8.13,2024-01-11,2,20.02
O24-006972,CUST01118,P0025,North,0.04,2506.56,365.15,2024-12-12,5,522.2
O24-006049,CUST01061,P0030,West,0.1,92.25,12.88,2024-05-25,1,102.5
O24-007400,CUST00697,P0004,South,0.26,636.66,118.78,2024-08-14,1,860.35
O24-004188,CUST01486,P0039,West,0.12,24.06,4.42,2024-08-01,2,13.67
O24-002564,CUST00255,P0014,West,0.16,71.97,16.88,2024-08-13,2,42.84
O24-002237,CUST00695,P0009,South,0.12,21.02,4.37,2024-09-06,1,23.89
O24-004835,CUST00501,P0045  ,North,0.12,6.86,1.19,2024-10-29,3,2.6
O24-000133,CUST00042,P0024,East,0.15,2052.1,225.9,2024-08-09,4,603.56
O24-006748,CUST00576,P0017,North,0.02,666.32,116.63,2024-11-16,3,226.64
O24-008525,CUST00529,P0007,East,0.11,181.61,45.54,2024-12-21,1,204.06
O24-004877,CUST00753,P0002,South,0.21,805.01,133.87,2024-09-10,2,509.5
O24-007859,CUST00312,P0048,East,0.1,3.87,0.78,2024-07-01,2,2.15
O24-009859,CUST01315,P0026,North,0.12,3653.97,447.19,2024-04-11,8,519.03
O24-009870,CUST00195,P0043,East,0.16,165.65,26.46,2024-01-07,5,39.44
O24-008411,CUST01144,P0001,West,0.09,1087.5,255.47,2024-11-21,1,1195.05
O24-004540,CUST00978,P0006,North,0,775.76,208.55,2024-03-21,2,404.04
O24-006342,CUST00531,P0032,West,0.09,421.97,60.35,2024-05-21,1,463.7
O24-003439,CUST00169,P0035,West,0.16,7.19,1.34,2024-05-18,2,4.28
O24-006167,CUST00103,P0040,South,0.36,19.19,1.32,2024-11-17,2,14.99
O24-005323,CUST01361,P0028,North,0,3293.78,524.57,2024-01-10,7,470.54
O24-008269,CUST01279,P0006,East,0.09,1021.35,292.04,2024-07-30,3,374.12
O24-005117,CUST00721,P0006,East,0.01,1165.55,327.98,2024-12-15,3,392.44
O24-006165,CUST01258,P0020,West,0.06,267.61,55.8,2024-09-11,1,284.69
O24-002949,CUST00430,P0003,East,0.07,3989.7,963.69,2024-07-11,3,1430
O24-005443,CUST00459,P0010,North,0.24,144.9,27.92,2024-07-31,2,95.33
O24-001410,CUST00033,P0036,South,0.14,17.47,1.86,2024-12-29,1,20.31
O24-009720,CUST00025,P0002,North,0.15,1354.48,287.98,2024-10-05,3,531.17
O24-007556,CUST00460,P0042,East,0.06,144.15,23.1,2024-08-26,5,30.67
O24-005590,CUST00942,P0010,West,0.06,92.99,20.06,2024-04-18,1,98.93
O24-006987,CUST00964,P0006,West,0.09,2130.71,474.31,2024-10-15,6,390.24
O24-008385,CUST01422,P0010,East,0.16,346.46,90.25,2024-11-06,5,82.49
O24-006683,CUST00213,P0028,West,0.03,821.24,111.62,2024-04-05,2,423.32
O24-006997,CUST00498,P0019,East,0.31,1367.55,121.92,2024-10-20,5,396.39
O24-006814,CUST01020,P0040,North,0.09,28.9,6.71,2024-08-06,2,15.88
O24-004780,CUST00287,P0047,South,0.2,8.3,1.18,2024-11-20,1,10.37
O24-000455,CUST00832,P0015,West,0.11,46.64,10.5,2024-05-14,1,52.41
O24-007477,CUST00669,P0040,East,0.32,21.61,2.3,2024-06-18,2,15.89
O24-002071,CUST01253,P0023,West,0.19,700.01,52.03,2024-02-11,3,288.07
O24-004788,CUST01367,P0014,East,0.05,76.8,18.65,2024-01-07,2,40.42
O24-001454,CUST00280,P0003,North,0.13,3598.88,869.07,2024-07-08,3,1378.88
O24-009222,CUST01500,P0044,North,0.08,14.16,2.46,2024-08-25,1,15.39130435
O24-000254,CUST00540,P0031,East,0.02,482.02,79.63,2024-12-19,2,245.93
O24-009601,CUST01269,P0023,East,0.08,1021.38,167.85,2024-01-17,4,277.55
O24-003711,CUST00603,P0029,North,0.07,539.68,65.96,2024-12-01,2,290.15
O24-005959,CUST00610,P0020,East,0.14,435.66,54.15,2024-10-14,2,253.29
O24-000759,CUST00766,P0037,West,0.05,26.35,6.03,2024-06-22,2,13.87
O24-007111,CUST00494,P0033,West,0.13,45.76,6.98,2024-10-03,4,13.15
O24-004137,CUST00740,P0032,North,0.28,1039.18,72.53,2024-01-16,3,481.1018519
O24-007243,CUST00534,P0008,North,0.08,2261.43,514.4,2024-01-18,4,614.52
O24-001484,CUST00135,P0007,East,0.11,1115.1,268.82,2024-02-03,6,208.82
O24-000185,CUST00157,P0026,North,0.08,896.01,178.14,2024-05-24,2,486.96
O24-000765,CUST00812,P0005,South,0.12,406.34,68.69,2024-04-17,1,461.75
O24-003489,CUST00560,P0025,West,0.13,468.17,73.02,2024-11-13,1,538.13
O24-000627,CUST00279,P0026,West,0,2894.02,200.83,2024-01-12,8,509.51
O24-007113,CUST01492,P0015,West,0.1,46.43,13.34,2024-12-16,1,51.59
O24-008308,CUST00414,P0005,North,0.27,360.76,79.04,2024-09-17,1,494.19
O24-001314,CUST00007,P0020,North,0.06,257.57,40.39,2024-11-21,1,274.01
O24-003370,CUST01392,P0017,North,0.04,1218.36,188.22,2024-11-05,6,211.52
O24-009756,CUST00534,P0025,East,0.08,1008.91,148.05,2024-09-08,2,548.32
O24-009863,CUST00600,P0006,East,0.2,959.78,160.66,2024-04-24,3,399.91
O24-001520,CUST00099,P0010,North,0,92.17,26.87,2024-08-04,1,92.17
O24-000656,CUST01066,P0024,East,0.35,416.79,47.6,2024-03-26,1,641.21
O24-002661,CUST00996,P0019,South,0.23,1869.76,49.26,2024-01-01,6,404.71
O24-003611,CUST01397,P0012,East,0.17,17.18,3.6,2024-10-07,1,20.7
O24-000139,CUST01073,P0032,North,0.18,393.35,60.95,2024-06-04,1,479.7
O24-008622,CUST00866,P0024,East,0.15,2127.45,320.37,2024-07-16,4,625.7205882
O24-009716,CUST00003,P0006,North,0.08,3878.79,915.3,2024-03-02,11,383.28
O24-002046,CUST00995,P0011,East,0.13,155.68,41.94,2024-10-02,2,89.47
O24-006922,CUST00788,P0044,South,0.1,13.36,2.09,2024-10-01,1,14.85
O24-003897,CUST00721, P0007 ,East,0,847.92,221.62,2024-11-04,4,211.98
O24-002080,CUST00134,P0001,West,0.05,4354.91,1282.4,2024-03-04,4,1146.03
O24-006497,CUST01074,P0037,West,0.13,45.48,8.08,2024-08-02,4,13.07
O24-000565,CUST00537,P0016,West,0.12,557.57,128.96,2024-03-07,10,63.36
O24-005203,CUST00851,P0008,East,0.15,1529.46,360.05,2024-12-23,3,599.79
O24-008742,CUST00455,P0015,West,0.15,272.03,61.52,2024-12-21,6,53.34
O24-003248,CUST00150,P0001,East,0.05,6516.18,1854.11,2024-10-16,6,1143.19
O24-003539,CUST00157,P0032,West,0.16,783.1,106.38,2024-02-13,2,466.13
O24-004358,CUST00681,P0030,South,0.19,409.17,49.02,2024-08-16,5,101.03
O24-008972,CUST00919,P0019,West,0.06,1095.29,154.49,2024-06-05,3,388.4
O24-005636,CUST01349,P0014,South,0.18,95.64,13.35,2024-04-20,3,38.88
O24-009895,CUST00503,P0010,North,0.17,382.42,74.09,2024-02-04,5,92.15
O24-006576,CUST01300,P0011,South,0.13,229.94,40.97,2024-10-28,3,88.1
O24-009992,CUST00342,P0012,North,0.24,15.43,3.51,2024-07-12,1,20.3
O24-004855,CUST00431,P0013,South,0.15,33.83,7.04,2024-11-16,2,19.9
O24-008967,CUST00388,P0036,South,0.13,37.01,2.56,2024-04-04,2,21.27
O24-002632,CUST00206,P0039,South,0.13,49.07,9.15,2024-12-06,4,14.1
O24-006482,CUST00938,P0023,East,0.07,508.95,89.91,2024-11-26,2,273.63
O24-007289,CUST00003,P0004,South,0.16,1426.14,206.22,2024-12-28,2,848.89
O24-007914,CUST01031,P0021,South,0.28,342.66,20.27,2024-12-19,2,237.96
O24-008981,CUST00369,P0041,East,0.15,106.93,19.04,2024-10-31,4,31.45
O24-003509,CUST00604,P0018,West,0.04,848.52,147.84,2024-12-10,2,441.9375
O24-005446,CUST00212,P0010,West,0.1,82.43,18.31,2024-05-12,1,91.59
O24-000914,CUST00183,P0013,East,0.16,84.71,22.58,2024-11-30,5,20.17
O24-008233,CUST00736,P0043,North,0.1,35.67,5.23,2024-02-08,1,39.63
O24-004297,CUST01241,P0028,South,0.15,2637.69,181.49,2024-12-15,7,443.31
O24-009774,CUST01210,P0015,East,0.14,136.84,28.91,2024-03-16,3,53.04
O24-008549,CUST00209,P0026,East,0.05,484.04,74.55,2024-06-09,1,509.52
O24-004099,CUST00803,P0019,East,0.15,331.44,34.95,2024-08-22,1,389.93
O24-006307,CUST01149,P0012,East,0.02,78.75,23.62,2024-04-29,4,20.09
O24-005196,CUST00823,P0002,East,0.15,939.4,152.79,2024-12-12,2,552.59
O24-005485,CUST01013,P0001,East,0.13,1010.3,242.27,2024-02-22,1,1161.27
O24-008926,CUST00417,P0047,West,0.16,8.5,1.17,2024-01-05,1,10.12
O24-000012,CUST00907,P0011,West,0.36,56.18,6.71,2024-11-28,1,87.78
O24-005681,CUST01091,P0009,West,0,113.7,34.11,2024-04-08,5,22.74
O24-009985,CUST00096,P0036,South,0.32,13.73,0.72,2024-10-06,1,20.19
O24-009979,CUST01067,P0037,South,0.2,10.5,1.17,2024-03-22,1,13.13
O24-002233,CUST01228,P0042,East,0.32,20.2,2.68,2024-11-12,1,29.7
O24-009620,CUST00066,P0022,East,0.03,3789.34,726.2,2024-08-24,6,651.09
O24-008571,CUST00873,P0005,East,0.07,428.29,85.75,2024-09-04,1,460.53
O24-002723,CUST00048,P0008,North,0.12,1523.94,330.46,2024-09-17,3,577.25
O24-009029,CUST00352,P0029,North,0.05,585.66,97.16,2024-09-21,2,308.24
O24-003896,CUST00497,P0002,North,0.05,1433.46,430.04,2024-02-12,3,502.97
O24-001769,CUST01005,P0018,East,0.07,802.12,125.33,2024-04-14,2,431.25
O24-000358,CUST00866,P0011,East,0.16,148.73,25.4,2024-07-26,2,88.53
O24-005306,CUST01405,P0013,East,0.11,16.9,4.12,2024-10-04,1,18.99
O24-007020,CUST00533,P0003,North,0.22,15730.48,3265.9,2024-07-29,14,1440.52
O24-002339,CUST00840,P0007,West,0.06,1304.16,373.22,2024-01-14,7,198.2
O24-007619,CUST01403,P0046,North,0.21,14.36,2.19,2024-07-29,6,3.03
O24-001570,CUST00911,P0014,West,0.08,114.35,28.12,2024-01-19,3,41.43
O24-002827,CUST00080,P0010,East,0.16,152.95,33.06,2024-11-30,2,91.04
O24-005673,CUST01184,P0001,South,0.28,2513.72,284.25,2024-05-21,3,1163.76
O24-008520,CUST00681,P0008  ,West,0.05,1126.26,300.1,2024-07-21,2,592.77
O24-006794,CUST00876,P0029,West,0.15,250.38,40.61,2024-08-26,1,294.57
O24-003046,CUST00627,P0021,North,0.11,424.92,46.93,2024-11-04,2,238.72
O24-003240,CUST00252,P0034,West,0,74.9,14.9,2024-11-22,7,10.7
O24-003942,CUST00755,P0006,East,0.1,2073.71,395.29,2024-08-01,6,384.02
O24-005637,CUST00992,P0042,North,0.06,113.7,19.55,2024-06-25,4,30.24
O24-005071,CUST00655,P0014,South,0.15,33.91,7.4,2024-02-05,1,39.89
O24-006882,CUST01316,P0012,West,0.24,61.1,12.62,2024-11-13,4,20.1
O24-002052,CUST01337,P0022,North,0.33,1790.53,114.75,2024-10-09,4,668.11
O24-001014,CUST01489,P0033,South,0,11.37,1.68,2024-04-03,1,13.07
O24-001062,CUST00191,P0038,East,0.12,47.98,6.54,2024-07-11,4,13.63
O24-002626,CUST00591,P0021,South,0.19,541.62,41.1,2024-04-29,3,222.89
O24-003512,CUST01212,P0042,South,0.25,85.71,11.07,2024-11-23,4,28.57
O24-000625,CUST01259,P0047,West,0.12,18.66,3.2,2024-11-12,2,10.6
O24-001356,CUST00456,P0028,North,0.17,1932.7,168.83,2024-09-23,5,465.71
O24-005631,CUST00776,P0047,North,0.07,55.97,12.45,2024-01-11,6,10.03
O24-003425,CUST01027,P0011,West,0.11,75.45,19.35,2024-05-21,1,84.77
O24-005252,CUST00152,P0024,West,0.06,2445.77,388.72,2024-08-10,4,650.47
O24-008946,CUST00942,P0043,South,0.16,30.78,2.34,2024-12-10,1,36.64
O24-001738,CUST01443,P0008,West,0.04,566.78,148.26,2024-03-29,1,590.4
O24-006103,CUST01084,P0044,East,0.07,84.03,14.75,2024-11-30,6,15.06
O24-004075,CUST01054,P0009,East,0.06,22.02,5.65,2024-03-19,1,23.43
O24-009717,CUST00896,P0005,West,0.07,2086.46,517.36,2024-05-13,5,448.7
O24-001940,CUST01093,P0028,West,0.32,605.06,44.38,2024-06-10,2,444.9
O24-009273,CUST00173,P0009,West,0.09,110.11,22.3,2024-03-30,5,24.2
O24-006363,CUST01096,P0005,East,0.16,1198.76,275.66,2024-01-22,3,475.7
O24-001494,CUST01450,P0021,South,0.11,394.38,47.93,2024-05-24,2,221.56
O24-004506,CUST01253,P0008,North,0.22,1333.5,262.01,2024-07-14,3,569.87
O24-006883,CUST00968,P0010,East,0.04,178.14,52.16,2024-03-04,2,92.78
O24-007278,CUST00392,P0034,West,0.22,7.85,1.28,2024-12-07,1,10.07
O24-001385,CUST00021,P0011,North,0.09,160.76,38.04,2024-12-26,2,88.33
O24-001167,CUST01438,P0016,West,0.12,158.66,33.42,2024-12-10,3,60.1
O24-003617,CUST01488,P0020,North,0.16,220.07,28.9,2024-01-03,1,261.99
O24-007886,CUST01435,P0002,West,0.1,2736.77,664.06,2024-03-18,6,506.81
O24-005599,CUST00714,P0031,South,0.12,3352.15,289.62,2024-09-17,14,272.09
O24-007890,CUST00815,P0001,North,0.05,5637.82,1290.96,2024-06-25,5,1186.91
O24-003253,CUST00195,P0046,West,0.14,2.45,0.44,2024-10-29,1,2.85
O24-000788,CUST01207,P0019,West,0.15,675.72,65.44,2024-08-21,2,397.48
O24-000613,CUST00221,P0037,South,0.3,19.87,1.71,2024-09-23,2,14.19
O24-008177,CUST00277,P0029,North,0.12,527.98,79.8,2024-06-06,2,299.99
O24-006789,CUST01424,P0014  ,West,0.18,33.42,8.09,2024-05-14,1,40.75
O24-001550,CUST00200,P0027,South,0.15,211.6,22.48,2024-08-30,2,124.47
O24-002511,CUST01004,P0007,South,0.1,782.24,172.95,2024-10-12,4,217.29
O24-000584,CUST00793, P0048 ,North,0.02,8.31,1.56,2024-02-04,4,2.12
O24-003148,CUST01349,P0008,East,0.09,1040.79,206.44,2024-01-13,2,571.86
O24-002309,CUST00692,P0043,West,0.13,33.02,5.15,2024-08-31,1,37.95
O24-005311,CUST01244,P0014,East,0.21,124.57,19.58,2024-09-27,4,39.42
O24-007973,CUST01284,P0022,East,0.24,1589.02,170.44,2024-03-01,3,696.94
O24-009191,CUST00112,P0037,East,0.17,47.84,8.52,2024-05-03,4,14.41
O24-007236,CUST00595,P0027,North,0.16,215.78,24.99,2024-02-07,2,128.44
O24-008576,CUST00957,P0038,West,0.21,22.03,3.37,2024-10-25,2,13.94
O24-009159,CUST00604,P0045,West,0.28,7.4,0.89,2024-08-29,4,2.57
O24-004798,CUST00984,P0006,East,0.15,339.29,69.85,2024-05-16,1,399.17
O24-009042,CUST01444,P0040,South,0.1,56.74,7.34,2024-08-07,4,15.76
O24-005854,CUST00667,P0020,West,0.3,733.96,80.64,2024-07-03,4,262.13
O24-000334,CUST00727,P0024,East,0.09,3050.05,342.81,2024-01-14,5,670.34
O24-002285,CUST01253,P0002,East,0.16,4509.2,911.38,2024-02-25,10,536.81
O24-008203,CUST01267,P0048  ,North,0.15,1.88,0.29,2024-11-15,1,2.21
O24-003174,CUST00260,P0003,North,0.29,1000.72,156.13,2024-02-14,1,1409.47
O24-005731,CUST00118,P0043,North,0.1,210.82,28.27,2024-07-29,6,39.04
O24-005558,CUST01347,P0048,North,0.16,3.61,0.62,2024-03-12,2,2.15
O24-004340,CUST01271,P0010,West,0.06,91.04,20.2,2024-01-08,1,96.85
O24-008651,CUST00571,P0006,East,0.34,773.47,154.51,2024-03-20,3,390.64
O24-005015,CUST00825,P0027,East,0.2,428.35,40.16,2024-03-13,4,133.86
O24-008743,CUST01182,P0033,West,0.13,23.19,4.33,2024-05-28,2,13.33
O24-001781,CUST00864,P0032,North,0.35,1221.9,81.06,2024-04-16,4,469.96
O24-006607,CUST00044,P0009,West,0.16,99.33,24.25,2024-06-22,5,23.65
O24-005754,CUST00761,P0008,East,0,1172.62,314.04,2024-06-18,2,586.31
O24-009059,CUST01192,P0015,South,0,87.57,12.05,2024-03-13,2,54.73
O24-008975,CUST01424,P0012,North,0.11,17.3,4.07,2024-07-06,1,19.44
O24-007777,CUST01444,P0033,East,0.11,11.61,2.17,2024-12-06,1,13.05
O24-004916,CUST00344,P0036,South,0.12,18.89,2.91,2024-12-09,1,21.47
O24-007301,CUST00201,P0012,South,0.4,12.79,1.01,2024-02-13,1,21.31
O24-000782,CUST01405,P0042,South,0.09,52.54,7.54,2024-04-18,2,28.87
O24-008403,CUST00447,P0034,North,0.19,15.92,2.14,2024-02-05,2,9.83
O24-000629,CUST01317,P0010,West,0.03,88.91,26.02,2024-08-08,1,91.66
O24-006755,CUST00318,P0042,North,0.07,27.82,5.93,2024-01-12,1,29.91
O24-004583,CUST00267,P0037,North,0.29,49.66,3.51,2024-08-02,5,13.98873239
O24-009523,CUST00124,P0046,West,0.05,5.57,1.08,2024-02-18,2,2.93
O24-000243,CUST00859,P0044,East,0.28,11.95,1.46,2024-08-10,1,16.59722222
O24-007297,CUST01289,P0011,North,0.04,240.91,50.69,2024-10-04,3,83.65
O24-002926,CUST01452,P0039,North,0.21,11.2,1.82,2024-09-14,1,14.18
O24-005813,CUST01459,P0027,West,0.08,222.86,36.72,2024-11-23,2,121.12
O24-008649,CUST01369,P0027,West,0,234.59,46.31,2024-05-06,2,123.47
O24-006589,CUST00291,P0009,North,0.07,45.07,9.55,2024-02-13,2,24.23
O24-007103,CUST01336,P0036,East,0.05,100.98,16.49,2024-01-26,5,21.26
O24-004424,CUST00070,P0001,West,0.2,3771.97,953.61,2024-06-18,4,1178.74
O24-005260,CUST01141,P0023,East,0.01,1655,210.1,2024-03-29,6,278.62
O24-006239,CUST01183,P0028,South,0.34,293.84,6.07,2024-12-25,1,445.21
O24-000981,CUST01483,P0031,East,0.06,265.59,40.2,2024-03-04,1,282.54
O24-009116,CUST01057,P0007,East,0.16,177.73,37.34,2024-08-24,1,211.58
O24-006599,CUST00110,P0001,North,0.27,1738.38,365.06,2024-05-14,2,1190.671233
O24-000257,CUST00678,  P0021,North,0.16,1448.36,130.46,2024-10-18,8,215.53
O24-002296,CUST00978,P0031,North,0.06,510.06,70.47,2024-08-14,2,271.31
O24-008226,CUST01175,P0001,East,0.14,1955.04,450.6,2024-09-03,2,1136.65
O24-002887,CUST00795,P0033,East,0.08,86.36,17.96,2024-06-10,7,13.41
O24-002976,CUST01036,P0041,West,0.13,116.79,22.49,2024-01-06,4,33.56
O24-008147,CUST01280,P0020,East,0.08,244.21,23.29,2024-04-18,1,265.45
O24-003571,CUST00946,P0009,North,0.06,44.97,8.83,2024-08-10,2,23.92
O24-009630,CUST00170,P0014,West,0.03,237.98,57.63,2024-11-23,6,40.89
O24-006539,CUST01380,P0009,East,0.03,91.72,23.6,2024-10-22,4,23.64
O24-008786,CUST00620,P0008,North,0.12,517.43,116.29,2024-03-23,1,587.99
O24-005144,CUST01294,P0048,East,0.05,4.1,0.8,2024-11-03,2,2.16
O24-003092,CUST00139,P0042,South,0.1,81.92,11.99,2024-02-27,3,30.34
O24-004242,CUST00068,P0029,North,0.15,944.59,151.41,2024-01-10,4,277.82
O24-001602,CUST01209,P0040,North,0.08,13.62,3.4,2024-11-03,1,14.8
O24-002436,CUST00496,P0010,East,0.12,164.47,45.35,2024-11-29,2,93.45
O24-002129,CUST00759,P0005,North,0.1,443.02,102.81,2024-04-30,1,492.24
O24-000212,CUST01384,P0009,North,0.23,73.15,15.95,2024-01-04,4,23.75
O24-009492,CUST00772,P0001,East,0.18,1874.09,406.58,2024-06-11,2,1142.74
O24-006080,CUST00802,P0011,East,0.19,288.85,68.23,2024-07-29,4,89.15
O24-009567,CUST00551,P0012,North,0.05,111.15,33.34,2024-05-13,6,19.5
O24-006449,CUST00815,P0012,North,0,81.28,24.38,2024-02-28,4,20.32
O24-002743,CUST01351,P0002,East,0,1545.9,461.52,2024-12-02,3,515.3
O24-004094,CUST00635,P0001,West,0.09,1080.59,275.69,2024-03-20,1,1187.46
O24-006833,CUST00504,P0028,South,0.14,752.65,57.85,2024-01-08,2,437.59
O24-007963,CUST00961,P0001,East,0.12,1022.09,233.58,2024-10-04,1,1161.47
O24-000349,CUST00327,P0002,West,0.15,461.64,103.79,2024-10-11,1,543.11
O24-002642,CUST00422,P0032,North,0.12,845.96,106.59,2024-02-02,2,480.66
O24-009789,CUST00593,P0033,South,0,43.32,6.38,2024-02-12,4,13.37
O24-004992,CUST00751,P0021,North,0.03,851.54,152.63,2024-03-19,4,219.47
O24-007387,CUST01479,P0044,West,0.07,29.22,5.67,2024-07-13,2,15.71
O24-001350,CUST01124,P0014,North,0.12,146.47,37.41,2024-12-11,4,41.61
O24-005645,CUST01481,P0043,West,0.09,36.65,6.71,2024-10-11,1,40.27
O24-001649,CUST01295,P0003,West,0.06,1373.48,334.83,2024-12-25,1,1461.15
O24-000301,CUST00051,P0047,South,0.11,26.94,3.92,2024-06-30,3,10.09
O24-008089,CUST00324,P0042,East,0.15,252.62,49.45,2024-07-03,10,29.72
O24-007463,CUST00883,P0045,East,0.23,3.87,0.68,2024-12-11,2,2.51
O24-008517,CUST00597,  P0035,North,0.18,27.81,4.25,2024-01-07,8,4.24
O24-003945,CUST00051,P0048,West,0.06,10.48,2.17,2024-05-11,5,2.23
O24-000908,CUST00523,P0014,North,0.02,120.95,33.17,2024-07-29,3,41.14
O24-000397,CUST00183,P0004,North,0.12,1527.57,397.34,2024-07-11,2,867.94
O24-004567,CUST01283,P0018,East,0.08,414.39,61.62,2024-06-03,1,450.42
O24-004353,CUST01017,P0008,East,0.11,1028.4,252.62,2024-02-28,2,577.75
O24-008828,CUST01234,P0045,East,0.38,4.85,0.53,2024-06-22,3,2.607526882
O24-003934,CUST00201,P0024,East,0.13,2799.14,263.34,2024-10-26,5,643.48
O24-008759,CUST01176,P0027,South,0.27,91.13,0.84,2024-03-15,1,124.83
O24-002555,CUST00337, P0033 ,East,0.08,37.34,8.17,2024-02-25,3,13.53
O24-000793,CUST01416,P0042,West,0.06,54.97,9.3,2024-06-29,2,29.24
O24-007703,CUST01280,P0015,West,0.08,298.14,69.92,2024-01-16,6,54.01
O24-002776,CUST00492,P0048,West,0.12,1.87,0.41,2024-12-20,1,2.125
O24-005768,CUST00007,P0009,East,0.15,20.08,4.55,2024-06-02,1,23.62352941
O24-007451,CUST00207,P0018,East,0.04,401.2,52.81,2024-11-29,1,417.92
O24-008835,CUST00314,P0018,East,0,1305.87,218.1,2024-03-11,3,435.29
O24-003675,CUST00763,P0016,East,0.34,206.02,31.06,2024-10-17,5,62.43
O24-001587,CUST01398,P0016,North,0,122.9,32.09,2024-11-09,2,65.37
O24-008470,CUST00286,P0010,South,0.15,163.4,31.29,2024-10-03,2,96.12
O24-009418,CUST00692,P0010,South,0.17,74.48,16.37,2024-04-09,1,89.73
O24-006788,CUST00282,P0038,West,0.09,11.98,2.33,2024-12-04,1,13.16
O24-003098,CUST01393,P0047,East,0.03,20.1,4.81,2024-07-25,2,10.36
O24-001130,CUST00149,P0002,North,0.12,2475.22,666.72,2024-07-22,5,562.55
O24-005659,CUST00001,P0042,North,0.2,91.49,11.81,2024-10-13,4,28.59
O24-009255,CUST01364,P0032,East,0.06,461.52,57.02,2024-05-09,1,490.98
O24-000381,CUST01191,P0007,East,0.1,726.73,191.43,2024-11-29,4,201.87
O24-009860,CUST01377,P0002,North,0.11,491.67,122.72,2024-02-26,1,552.44
O24-006374,CUST00512,P0043,East,0.07,37.2,7.23,2024-03-15,1,40
O24-008923,CUST01093,P0012,East,0.32,39.96,9.69,2024-10-06,3,19.59
O24-009850,CUST00915,P0005,North,0.09,410.75,111.63,2024-03-10,1,451.37
O24-008167,CUST00080, P0040 ,North,0.34,53.59,6.87,2024-08-24,5,16.24
O24-000159,CUST00024,P0045,East,0.15,14.13,2.16,2024-04-30,6,2.77
O24-006174,CUST00061,P0044,North,0.01,47.4,8.12,2024-06-27,3,15.96
O24-002833,CUST01185,P0004,North,0.12,1576.22,323.49,2024-03-23,2,895.58
O24-003308,CUST00342,P0020,East,0.08,265.68,43.23,2024-10-20,1,288.78
O24-001092,CUST00299,P0038,North,0.01,13.85,2.89,2024-07-25,1,13.99
O24-001715,CUST00621,P0002,North,0.1,1406.65,346.65,2024-06-12,3,520.98
O24-000933,CUST00853,P0040,North,0.2,12.36,1.94,2024-08-12,1,15.45
O24-006232,CUST00643,P0001,North,0.06,2147.66,542.74,2024-06-22,2,1142.37
O24-005644,CUST00093,P0010,West,0.13,307.46,57.5,2024-08-25,4,88.35
O24-002802,CUST00602,P0033,West,0.12,47.31,9.44,2024-03-18,4,13.44
O24-005624,CUST01423,P0011,East,0.06,246.33,53.11,2024-12-06,3,87.35
O24-000628,CUST00643,P0019,East,0.06,760.29,107.84,2024-01-31,2,404.41
O24-007648,CUST00953,P0003,West,0.05,6243.64,1530.25,2024-11-30,5,1314.45
O24-005118,CUST01159,P0043,East,0.08,106.29,14.95,2024-06-18,3,38.51
O24-005864,CUST00163,P0012,South,0.13,35.95,6.61,2024-01-12,2,20.66
O24-000376,CUST00645,P0036,North,0.11,37.4,7.38,2024-12-21,2,21.01
O24-007461,CUST00804,P0003,West,0.2,3230.88,624.07,2024-03-29,3,1346.2
O24-002267,CUST01071,P0010,West,0.12,308.63,77.53,2024-03-25,4,87.68
O24-007976,CUST01219,P0045,West,0.2,4.14,0.7,2024-12-30,2,2.59
O24-004838,CUST01039,P0041,West,0.02,92.05,17.57,2024-04-21,3,31.31
O24-001509,CUST01063,P0015,North,0.09,49.19,11.38,2024-03-16,1,54.06
O24-003088,CUST01256,P0011,North,0.28,127.89,27.14,2024-08-24,2,88.81
O24-008901,CUST01070,P0002,East,0.07,527.4,134.73,2024-03-26,1,567.1
O24-003823,CUST00784,P0016,West,0.02,129.71,31.18,2024-12-02,2,66.18
O24-009339,CUST00016,P0004,North,0.04,1741.25,449.02,2024-03-14,2,906.9
O24-001721,CUST00403,P0016,East,0.24,48.66,8.92,2024-07-14,1,64.03
O24-007624,CUST00426,P0016,South,0.16,214.07,47.28,2024-10-12,4,63.71
O24-006669,CUST00798,P0043,North,0.08,36.11,6.3,2024-12-27,1,39.25
O24-009343,CUST00755,P0045,South,0.22,8.24,0.81,2024-01-05,4,2.64
O24-005445,CUST00896,P0014,West,0.08,36.77,7.73,2024-10-25,1,39.97
O24-008102,CUST01342,P0003,West,0.09,1267.48,270.64,2024-12-19,1,1392.84
O24-006911,CUST00974,P0044,East,0.12,41.29,8.69,2024-08-20,3,15.64
O24-007171,CUST00604,P0001,North,0.04,1129.37,250.07,2024-01-24,1,1176.43
O24-000734,CUST00325,P0039,East,0.05,26.47,6.1,2024-12-25,2,13.93
O24-007188,CUST01387,P0016,North,0.14,180.45,40.87,2024-12-15,3,69.94186047
O24-003338,CUST01493,P0020,North,0.08,752.46,137.28,2024-03-26,3,272.63
O24-002872,CUST01171,P0003,West,0.06,1215.39,285.82,2024-01-16,1,1292.97
O24-008100,CUST00990,P0007,West,0.07,747.65,197.13,2024-11-24,4,200.98
O24-009403,CUST00125,P0036,East,0.33,41.16,8.37,2024-01-04,3,20.48
O24-000164,CUST00679,P0009,North,0.17,39.79,7.65,2024-07-05,2,23.97
O24-003958,CUST00645,P0004,East,0.08,3230.75,874.58,2024-09-09,4,877.92
O24-005225,CUST00256,P0020,East,0.09,723.61,114.48,2024-05-10,3,265.06
O24-008409,CUST00559,P0027,West,0.06,347.9,38.38,2024-09-05,3,123.37
O24-005638,CUST00641,P0036,North,0.05,98.28,19.76,2024-06-21,5,20.69052632
O24-002235,CUST01245,P0003,East,0.04,10533.43,2266.8,2024-11-27,8,1371.54
O24-009462,CUST01010,P0033,East,0.04,13.24,2.1,2024-07-30,1,13.79
O24-003757,CUST00042,P0017,East,0.16,185.78,22.24,2024-09-20,1,221.17
O24-007987,CUST00141,P0012,West,0.06,74.03,21.68,2024-06-11,4,19.69
O24-005757,CUST01074,P0034,West,0.04,19.58,3.71,2024-06-05,2,10.2
O24-009041,CUST01168,P0024,West,0.07,623.41,69.01,2024-09-14,1,670.33
O24-005108,CUST00540,P0011,North,0.05,81.6,23.29,2024-12-22,1,85.9
O24-007616,CUST00769,P0004,North,0.04,1728.04,489.06,2024-12-18,2,900.02
O24-008074,CUST01263,P0020,East,0.29,975.33,117.14,2024-06-06,5,274.7408451
O24-009507,CUST01330,P0016,North,0,458.43,122.32,2024-12-02,7,65.49
O24-007851,CUST01410,P0043,East,0.15,67.46,13.02,2024-06-26,2,39.68
O24-002199,CUST00884,P0046,East,0.1,5.29,0.7,2024-05-26,2,2.94
O24-008560,CUST00298,P0037,North,0.04,39.89,9.05,2024-09-11,3,13.85069444
O24-001495,CUST00006,P0015,East,0.37,64.2,9.83,2024-09-24,2,50.95
O24-009177,CUST00695,P0017,East,0.12,963.6,72.58,2024-09-24,5,219
O24-009831,CUST01104,P0006  ,East,0.12,662.45,141.2,2024-12-29,2,376.39
O24-009588,CUST01321,P0030,North,0.15,87.19,7.12,2024-12-13,1,102.58
O24-002229,CUST00825,P0016,West,0.1,108.7,25.66,2024-06-07,2,60.39
O24-003193,CUST00636,P0033,North,0.15,10.96,2.17,2024-10-08,1,12.9
O24-002337,CUST01185,P0004,East,0,2122.22,460.29,2024-01-20,3,930.8
O24-002301,CUST00899,P0003,North,0.19,3202.76,666.97,2024-02-09,3,1318.01
O24-005846,CUST00208,P0038,North,0.2,43.3,7.1,2024-03-19,4,13.53
O24-008608,CUST00442,P0043,South,0.16,137.02,11.89,2024-04-26,4,40.78
O24-005967,CUST01317,P0036,South,0.21,16.76,2.01,2024-06-03,1,21.21
O24-004553,CUST01327,P0026,East,0.1,444.74,68.33,2024-08-02,1,494.15
O24-002532,CUST00064,P0014,East,0.17,32.94,7.2,2024-11-28,1,39.69
O24-000283,CUST01323,P0036,North,0.13,70.96,14.12,2024-07-09,4,20.39
O24-006344,CUST01183,P0031,West,0.15,240.11,29.96,2024-01-27,1,282.48
O24-000200,CUST00450,P0023,East,0.09,742.31,36.24,2024-08-28,3,271.91
O24-008214,CUST01458,P0005,West,0.13,790.31,153.46,2024-12-14,2,454.2
O24-005121,CUST01387,P0029,East,0.06,269.24,32.96,2024-10-27,1,286.43
O24-005930,CUST01098,P0016,East,0.32,43.64,7.43,2024-11-23,1,64.17
O24-001906,CUST01297,P0039,West,0.02,146.39,25.44,2024-07-22,11,13.58
O24-005344,CUST01327,P0019,North,0.36,493.72,30.72,2024-12-18,2,385.72
O24-005481,CUST00697,  P0016,North,0.04,61.65,18.04,2024-08-21,1,64.22
O24-000107,CUST00929,P0021,West,0.14,952.84,109.55,2024-11-30,5,221.59
O24-003365,CUST01239,P0005,West,0.16,385.84,101.39,2024-03-14,1,459.33
O24-001275,CUST00160,P0011,West,0.14,358.49,65.76,2024-12-20,5,83.37
O24-003492,CUST00259,P0040,South,0.21,12.28,1.3,2024-11-25,1,15.55
O24-001712,CUST00981,P0045,South,0.12,4.45,0.6,2024-10-02,2,2.53
O24-001718,CUST00383,P0047,North,0.13,85.96,12.85,2024-06-05,10,9.88
O24-003184,CUST00561,P0026,East,0.02,1530.15,287.46,2024-01-21,3,520.46
O24-002995,CUST00449,P0034,East,0.21,7.94,1.29,2024-05-17,1,10.05
O24-000057,CUST00602,P0029,South,0.22,2308.49,234.58,2024-10-30,10,295.96
O24-007810,CUST01290,P0003,West,0.11,3637.21,875.62,2024-12-06,3,1362.25
O24-005921,CUST00431,P0017,North,0.11,200.45,25.03,2024-01-30,1,225.23
O24-000609,CUST00373,P0011,South,0.2,292.29,46.82,2024-03-12,4,91.34
O24-007744,CUST00975,P0011,South,0.21,202.16,39.58,2024-05-01,3,85.3
O24-007453,CUST00541,P0018,North,0.24,1646.84,160.85,2024-07-14,5,433.38
O24-001126,CUST00168,P0024,North,0.06,1871.63,292.96,2024-07-25,3,663.7
O24-005421,CUST00365,P0018,North,0,436.61,72.41,2024-01-12,1,436.61
O24-002137,CUST01272,P0040,North,0.12,27.32,4.46,2024-03-31,2,15.52
O24-004258,CUST00160,P0038,South,0.11,12.65,2.05,2024-07-08,1,14.21
O24-005441,CUST00576,P0024,West,0.02,2465.05,340.49,2024-08-29,4,628.84
O24-003163,CUST00729,P0023,East,0.11,482.82,54.88,2024-06-15,2,271.25
O24-009535,CUST01129,P0012,South,0.11,36.83,7.2,2024-07-17,2,20.69
O24-001924,CUST00653,P0027,North,0.07,113.95,15.55,2024-06-30,1,122.53
O24-006536,CUST01134,P0035,East,0.08,15.16,3.25,2024-08-02,4,4.12
O24-004412,CUST00699,P0042,North,0.11,108.65,19.39,2024-10-15,4,30.52
O24-001532,CUST00963,P0006,West,0.06,359.03,90.75,2024-12-26,1,381.95
O24-007222,CUST01259,P0011,West,0.16,147.57,29.87,2024-03-27,2,87.84
O24-001142,CUST01062,P0043,North,0.08,33.74,5.38,2024-03-02,1,36.67
O24-000496,CUST00274,P0003,South,0.08,1273.57,269.86,2024-04-18,1,1384.315217
O24-004439,CUST00771,P0002,North,0.05,509.08,145.79,2024-03-21,1,535.87
O24-008217,CUST00550,P0035,East,0.24,3.41,0.56,2024-12-23,1,4.49
O24-008025,CUST00742,P0029,South,0.2,708.62,43.12,2024-06-26,3,295.26
O24-003384,CUST01391,P0001,West,0.04,3302.21,826.49,2024-06-10,3,1146.6
O24-009945,CUST00482,P0027,South,0.09,1457.46,118.26,2024-03-01,13,123.2
O24-004591,CUST00118,P0044,West,0.18,12.5,1.36,2024-08-05,1,15.24
O24-004271,CUST01206,P0032,West,0.1,441.75,66.71,2024-07-18,1,490.83
O24-008647,CUST00334,P0044,East,0.11,85.33,17.55,2024-01-17,6,15.97940075
O24-004202,CUST00064,P0017,West,0,208.57,34.62,2024-10-13,1,212.83
O24-005415,CUST00039,P0032,South,0.21,1544.17,160.03,2024-04-22,4,488.66
O24-000570,CUST00826,P0035,West,0.04,11.72,2.07,2024-08-16,3,4.07
O24-002810,CUST00492,P0020,North,0.14,689.79,91.54,2024-01-20,3,267.36
O24-002088,CUST00134,P0016,North,0.1,174.82,36.35,2024-04-10,3,64.75
O24-001491,CUST00412,P0046,North,0.17,2.58,0.33,2024-12-06,1,3.11
O24-009614,CUST00336,P0014,East,0.18,173.76,34.31,2024-12-17,5,42.38
O24-005592,CUST00856,P0035,East,0.05,4.02,0.79,2024-07-24,1,4.23
O24-000483,CUST00322,P0026,East,0.23,401.67,45.51,2024-10-18,1,521.65
O24-008057,CUST00969,P0048,East,0.11,16.16,2.95,2024-10-12,8,2.27
O24-008303,CUST00012,P0033,South,0.13,46.77,2.9,2024-04-23,4,13.44
O24-006147,CUST01481,P0011,South,0.22,396.35,66.13,2024-04-17,6,84.69
O24-009128,CUST00941,P0044,South,0.24,11.83,1.04,2024-06-06,1,15.56
O24-001134,CUST01137,P0028,West,0.1,3910.59,399.85,2024-05-14,10,434.51
O24-002535,CUST01313,P0002,East,0.12,965.48,201.71,2024-06-24,2,548.57
O24-006690,CUST00381,P0038,East,0.05,78.89,15.93,2024-11-23,6,13.84
O24-001599,CUST00157,P0018,West,0.05,2036.18,300.77,2024-07-05,5,428.67
O24-004427,CUST00404,P0016,West,0.11,57.89,11.63,2024-11-27,1,65.05
O24-000179,CUST01192,P0042,South,0.22,142.6,15.3,2024-05-26,6,30.47
O24-000326,CUST00700,P0041,West,0.02,129.16,26.94,2024-04-07,4,32.95
O24-002066,CUST00418,P0004,North,0.09,1607.64,421.33,2024-06-19,2,883.32
O24-009725,CUST00380,P0024,West,0.3,3418.88,289.99,2024-01-28,7,697.73
O24-004881,CUST00269,P0015,West,0.14,92.5,19.03,2024-06-04,2,53.78
O24-006673,CUST01157,P0042,East,0.02,90.29,18.29,2024-09-21,3,30.71
O24-000148,CUST00587,P0039,North,0.13,24.81,4.35,2024-05-02,2,14.26
O24-009578,CUST00952,P0047,North,0.1,8.78,1.78,2024-04-06,1,9.75
O24-008251,CUST00800,P0031,West,0.13,896.8,126.78,2024-07-03,4,257.7
O24-007500,CUST00403,P0006,South,0.18,329.2,56.59,2024-05-07,1,401.46
O24-000522,CUST01246,P0044,North,0.15,13.11,1.84,2024-07-04,1,15.42
O24-006769,CUST00519,P0010,West,0.14,238.75,54.09,2024-12-07,3,92.54
O24-009078,CUST00275,P0016,North,0.07,588.88,133.28,2024-07-24,10,63.32
O24-000791,CUST00782,P0004,East,0.05,2576.26,671.25,2024-07-01,3,903.95
O24-009402,CUST00896,P0016,East,0.11,284.58,62.24,2024-12-30,5,63.95
O24-007530,CUST01280,P0011,South,0.12,156.64,27.03,2024-06-27,2,89
O24-005679,CUST00760,P0001,South,0.09,14835.6,3523.75,2024-04-07,14,1164.49
O24-000402,CUST01499,P0028,North,0.09,1652.31,236.63,2024-01-04,4,453.93
O24-007858,CUST01443,P0005,West,0.04,2238.48,509.55,2024-10-12,5,466.35
O24-006487,CUST00169,P0046,West,0.04,11.4,1.87,2024-04-28,4,2.97
O24-000165,CUST00767,  P0041,East,0.32,22.81,2.74,2024-09-13,1,33.54
O24-003367,CUST01461,P0009,North,0.21,37.56,8.04,2024-09-27,2,23.77
O24-008160,CUST00006,P0006,North,0.16,1364.06,274.9,2024-04-21,4,405.97
O24-000715,CUST00283,P0001,North,0.14,2979.18,682.75,2024-04-22,3,1154.72
O24-008450,CUST01162,P0025,East,0.13,1416.71,167.91,2024-09-26,3,542.8
O24-001338,CUST01490,P0017,South,0.07,615.89,57.71,2024-02-03,3,220.75
O24-000885,CUST01081,P0048,West,0.12,5.36,0.97,2024-10-06,3,2.03
O24-004894,CUST00002,P0036,West,0.16,53.17,7.14,2024-09-28,3,21.1
O24-006916,CUST00380,P0007,West,0.19,812.23,168.09,2024-02-04,5,200.5506173
O24-005865,CUST01432,P0037,East,0.08,62.28,9.93,2024-01-04,5,13.54
O24-003224,CUST01337,P0043,South,0.22,59.33,6.5,2024-07-16,2,38.03
O24-001835,CUST00670,P0038,East,0.36,18.55,2.29,2024-06-15,2,14.49
O24-009491,CUST00867,P0005,South,0.17,759.42,183.01,2024-05-07,2,457.48
O24-007128,CUST00950,P0002,North,0.32,358.52,72.75,2024-09-24,1,527.23
O24-006594,CUST00779,P0032,West,0.01,3287.11,681.99,2024-09-19,7,474.33
O24-002657,CUST00674,P0047,South,0.23,39.96,3.53,2024-12-06,5,10.38
O24-007740,CUST00057,P0023,North,0.28,593.01,66.99,2024-07-20,3,274.54
O24-001681,CUST01375,P0013,East,0.12,33.55,7.63,2024-09-12,2,19.06
O24-002166,CUST00748,P0022,West,0.09,1269.4,169.82,2024-05-17,2,697.47
O24-003183,CUST00394,P0007,East,0.1,738.47,192.36,2024-11-04,4,205.13
O24-005598,CUST00967,P0001,North,0.05,2166.27,550.67,2024-11-17,2,1140.14
O24-008581,CUST00851,P0028,North,0.09,1160.47,141.44,2024-01-27,3,425.08
O24-001866,CUST01390,P0044,West,0.1,83.43,15.92,2024-10-02,6,15.45
O24-001950,CUST00217,P0005,South,0.04,2185.49,442.32,2024-11-04,5,455.31
O24-007623,CUST01317,P0020,West,0.16,217.94,32.78,2024-10-07,1,259.45
O24-009804,CUST00551,P0047,West,0.1,26.95,5.51,2024-07-19,3,9.98
O24-006633,CUST00915,P0009,North,0.26,98.43,22.61,2024-09-27,6,22.17
O24-007580,CUST00528,P0009,East,0,24.14,6.26,2024-08-08,1,24.14
O24-009479,CUST01032,P0032,South,0.18,1207.17,122.02,2024-10-13,3,490.72
O24-000071,CUST01475,P0043,North,0.2,97.27,11.72,2024-10-19,3,40.52916667
O24-006938,CUST00687,P0020,West,0.11,1732.75,205.84,2024-05-18,7,278.13
O24-009213,CUST01384,P0014,North,0.16,33.52,7.06,2024-04-11,1,39.9
O24-004213,CUST01448,P0038,South,0.15,11.53,1.56,2024-03-19,1,13.56
O24-001398,CUST01099,P0005,East,0.07,1317.49,314.57,2024-10-04,3,472.22
O24-003359,CUST00516,P0010,West,0.15,77.58,19.45,2024-11-20,1,91.27
O24-009079,CUST00478,P0012,North,0.03,82.02,19.25,2024-11-23,4,21.14
O24-000869,CUST00224,P0039,South,0.32,19.57,1.93,2024-06-23,2,14.39
O24-004104,CUST00178,P0015,South,0.08,47.34,9.22,2024-07-24,1,51.46
O24-002032,CUST01480,P0034,South,0.1,37.19,4.12,2024-11-30,4,10.33
O24-007427,CUST00294,P0017,North,0.04,807.32,118.38,2024-08-07,4,210.24
O24-001717,CUST01302,P0001,East,0.13,1053,271.67,2024-07-03,1,1210.35
O24-006233,CUST00292,P0015,East,0.01,109.41,32.82,2024-12-06,2,55.26
O24-006980,CUST00177,P0001,North,0.08,3242.56,812.45,2024-09-13,3,1174.84
O24-009369,CUST00731,P0039,East,0.01,69.35,12.07,2024-03-12,5,14.01
O24-002724,CUST00205,P0036,North,0.11,112.67,21.32,2024-10-28,6,21.1
O24-005839,CUST00688,P0001,South,0.18,964.84,162.59,2024-05-25,1,1176.64
O24-003667,CUST01086,P0027,South,0.13,683.19,36.03,2024-02-29,6,130.88
O24-002429,CUST01452,P0026,North,0.21,1212.04,144.23,2024-04-05,3,511.41
O24-003497,CUST00617,P0002,North,0.05,510.39,121.54,2024-07-22,1,537.25
O24-009000,CUST00762,P0036,North,0.28,45.99,7.87,2024-02-08,3,21.29
O24-002611,CUST00459,P0003,South,0.13,1185.73,191.38,2024-05-12,1,1362.91
O24-007945,CUST00560,P0043,North,0.02,74.75,16.39,2024-10-08,2,38.14
O24-004962,CUST01209,P0010,East,0.1,150.52,31.01,2024-08-27,2,83.62
O24-000932,CUST00129,P0046,North,0.01,24.87,5.26,2024-07-25,8,3.14
O24-003644,CUST01044,P0024,South,0.12,559.94,67.46,2024-05-29,1,636.3
O24-004316,CUST01019,P0032,West,0.11,1732.55,230.13,2024-12-28,4,486.67
O24-002892,CUST00200,P0046,South,0.15,2.69,0.3,2024-09-26,1,3.16
O24-006230,CUST00966,P0028,East,0.09,411.43,58.26,2024-11-02,1,452.12
O24-008717,CUST01158,P0008,South,0.17,936.21,138.71,2024-05-25,2,563.98
O24-008109,CUST01212,P0006,South,0.23,300.02,47.11,2024-11-25,1,389.64
O24-007394,CUST00903,P0014,West,0.11,259.54,58.26,2024-02-22,7,41.66
O24-007673,CUST01383,P0041,North,0.04,30.28,5.6,2024-04-04,1,31.54
O24-008980,CUST01145,P0010,East,0.08,166.06,39.45,2024-01-04,2,90.25
O24-005508,CUST00366,P0003,North,0.09,1324.93,378.84,2024-09-28,1,1455.97
O24-002283,CUST01386,P0001,North,0.19,3747.77,828.23,2024-05-16,4,1156.72
O24-007511,CUST00967,P0015,North,0.12,144.83,36.09,2024-08-10,3,54.86
O24-008523,CUST00096,P0036,West,0.13,37.18,7.46,2024-10-08,2,21.37
O24-006919,CUST01239,P0042,North,0.03,84.65,18.95,2024-10-31,3,29.09
O24-008509,CUST00533,P0010,North,0.06,180.24,44.49,2024-08-01,2,95.87
O24-000649,CUST00248,P0019,East,0.02,1603.08,275.94,2024-09-16,4,408.95
O24-009087,CUST00308,P0047,South,0.14,25.75,3.33,2024-02-12,3,9.98
O24-006337,CUST00778,P0045,East,0.06,2.5,0.5,2024-06-17,1,2.66
O24-003049,CUST00097,P0002,North,0.16,1332.4,273.29,2024-07-26,3,528.73
O24-006397,CUST00261,P0004,North,0.2,2237.38,473.03,2024-05-06,3,932.24
O24-003414,CUST01498,P0037,North,0.06,13.23,2.47,2024-02-08,1,14.07
O24-001162,CUST00374,P0025,North,0.21,2214.65,292.85,2024-11-27,5,560.67
O24-004526,CUST00601,P0048,East,0.13,9.66,2.04,2024-01-28,5,2.22
O24-009568,CUST00232,P0004,South,0.18,718.84,133.57,2024-12-05,1,876.63
O24-004449,CUST00903,P0014,East,0,122.07,30.23,2024-09-19,3,40.69
O24-000033,CUST00725,P0001,East,0.15,5065.7,1196.28,2024-08-28,5,1191.93
O24-006655,CUST00814,P0005,East,0.32,314.24,41.46,2024-02-26,1,462.12
O24-006319,CUST00891,P0029,South,0.12,260.13,21.14,2024-05-18,1,295.6
O24-005430,CUST00184,P0046,North,0.26,4.38,0.54,2024-10-24,2,2.96
O24-003704,CUST01055,P0009,North,0.14,84.56,19.87,2024-06-02,4,24.58
O24-003811,CUST01123,P0033,West,0.08,24.38,4.85,2024-12-27,2,13.25
O24-005309,CUST00193,P0018,North,0.18,672.47,90.4,2024-01-29,2,410.04
O24-009353,CUST01375,P0006,East,0.04,737.76,177.85,2024-02-22,2,384.25
O24-003138,CUST00095,P0027,South,0.06,228.44,23.21,2024-10-27,2,121.51
O24-005115,CUST00188,P0045,North,0.09,2.36,0.41,2024-07-12,1,2.59
O24-005319,CUST01094,P0007,South,0.26,318.07,39.33,2024-11-09,2,214.91
O24-008426,CUST01459,P0029,North,0.06,819.92,80.55,2024-07-15,3,290.75
O24-008580,CUST00467,P0005,West,0.1,1697.98,393.19,2024-06-25,4,471.66
O24-004034,CUST00931,P0046,West,0.21,9.83,1.44,2024-09-13,4,3.11
O24-000231,CUST01213,P0044,East,0.1,13.78,2.33,2024-04-02,1,15.31
O24-000690,CUST01029,P0023,North,0.12,247.9,36.23,2024-07-17,1,281.71
O24-002394,CUST00434,P0006,South,0.24,289.48,39.13,2024-10-29,1,380.89
O24-002294,CUST01143,P0002,South,0.19,1809.96,330.57,2024-08-16,4,558.63
O24-006172,CUST01357,P0031,West,0,814.44,118.95,2024-12-24,3,271.48
O24-004409,CUST01336,P0006,West,0.33,256.36,41.82,2024-05-18,1,382.63
O24-008936,CUST01375,P0021,East,0.12,1578.16,271.11,2024-07-15,8,224.17
O24-002134,CUST00269,P0015,East,0.06,101.78,25.97,2024-04-20,2,54.14
O24-004547,CUST00466,P0023,North,0.03,781.16,149.12,2024-05-09,3,268.44
O24-006531,CUST00858,P0011,East,0,85.17,22.76,2024-09-19,1,85.17
O24-009528,CUST00516,P0007,South,0.13,170.81,35.59,2024-06-13,1,196.33
O24-001908,CUST01063,P0029,West,0.12,1000.91,121.29,2024-08-11,4,284.35
O24-003313,CUST00378,P0032,West,0.12,1188.45,129.71,2024-11-20,3,450.17
O24-004222,CUST00778,P0042,West,0.19,95.74,16.8,2024-04-21,4,29.55
O24-009560,CUST01384,P0032,East,0.08,919.3,136.98,2024-10-06,2,499.62
O24-002854,CUST00738,P0029,East,0,1004.24,114.44,2024-04-22,4,309.95
O24-009798,CUST00341,P0005,South,0.22,1065.5,179.56,2024-04-15,3,455.34
O24-007275,CUST01224,P0007,East,0.15,351.3,66.09,2024-07-06,2,206.65
O24-006220,CUST00517,P0008,North,0.08,2665.56,542.21,2024-01-21,5,579.47
O24-000619,CUST00622,P0017,West,0.15,519.95,43.08,2024-07-07,3,203.9
O24-009959,CUST00428,P0041,North,0.11,170.29,32.88,2024-10-14,6,31.89
O24-006513,CUST00624,P0032,West,0.08,1328.86,183.27,2024-05-07,3,481.47
O24-006672,CUST00302,P0036,North,0.06,57.25,10.43,2024-07-20,3,20.3
O24-005821,CUST00328,P0031,North,0.07,228.98,36.68,2024-11-04,1,246.22
O24-002868,CUST01198,P0043,North,0.13,33.16,7.3,2024-12-04,1,38.11
O24-006044,CUST00249, P0046 ,East,0.1,2.73,0.47,2024-12-08,1,3.03
O24-008399,CUST00337,P0011,North,0.2,291.36,57.37,2024-10-01,4,91.05
O24-008145,CUST01055,P0015,North,0.11,231.98,51.44,2024-12-06,5,52.13
O24-007082,CUST00727,P0007,South,0.18,169.49,32.38,2024-06-23,1,206.69
O24-008045,CUST00338,P0002,East,0.08,1523.52,327.67,2024-06-02,3,552
O24-007868,CUST00406,P0025,North,0.1,472.81,56.16,2024-05-30,1,525.34
O24-002559,CUST00714,P0012,North,0,19.93,5.33,2024-04-16,1,19.93
O24-003355,CUST00467,P0048,East,0.09,1.96,0.33,2024-11-17,1,2.15
O24-003816,CUST00355,P0041,West,0.09,226.04,42.97,2024-11-03,8,31.05
O24-004139,CUST00075,P0012,East,0.03,58,12.85,2024-02-13,3,19.93
O24-009763,CUST00135,P0040,East,0.08,28.06,5.17,2024-02-09,2,15.25
O24-006879,CUST00260, P0014 ,West,0.16,33.74,7.47,2024-11-12,1,40.17
O24-000051,CUST00348,P0033,East,0.06,98.81,15.28,2024-08-24,8,13.14
O24-009232,CUST00992,P0001,East,0.34,764.71,132.32,2024-12-19,1,1158.65
O24-004230,CUST01175,P0024,East,0.07,1232.79,175.96,2024-12-07,2,662.79
O24-006786,CUST00892,P0025,East,0.21,837.27,84.04,2024-06-15,2,529.92
O24-004568,CUST00757,P0003,East,0.04,1304.54,334.19,2024-09-07,1,1358.9
O24-000616,CUST00807,P0024,East,0.09,602.44,67.09,2024-02-05,1,662.02
O24-002393,CUST00365,P0012,East,0.05,174.08,45.04,2024-12-12,9,20.36
O24-001283,CUST00415,P0018,West,0.28,616.94,52.13,2024-12-18,2,428.43
O24-005159,CUST00044,P0001,East,0.04,5510.02,1381.56,2024-06-03,5,1147.92
O24-009536,CUST00025,P0015,North,0.08,372.12,87.3,2024-09-13,8,50.56
O24-003113,CUST01336,P0025,East,0.16,880.27,72.83,2024-08-23,2,523.97
O24-008716,CUST00152,P0022,North,0.11,4151.24,401.12,2024-07-08,7,666.33
O24-008136,CUST00943,  P0007,South,0.11,362.51,66.56,2024-04-28,2,203.66
O24-006993,CUST00721,P0037,North,0.04,36.29,6.46,2024-09-12,3,12.6
O24-001549,CUST00734,P0047,East,0.08,39.34,6.99,2024-07-06,4,10.69
O24-009943,CUST01220,P0013,North,0.11,68.64,13.07,2024-08-03,4,19.28
O24-003107,CUST00578,P0044,South,0.18,64.82,8.09,2024-12-27,5,15.81
O24-002940,CUST01467,P0001,North,0.09,1123,242.65,2024-11-04,1,1234.07
O24-007929,CUST01142,P0033,West,0.16,10.89,1.77,2024-01-22,1,12.97
O24-006660,CUST00919,P0012  ,North,0.06,211.76,50.18,2024-11-09,11,20.48
O24-008889,CUST01299,P0018,North,0.04,856.8,122.5,2024-04-27,2,446.25
O24-003471,CUST01236,  P0037,East,0.04,38.45,8.19,2024-12-01,3,13.35
O24-005546,CUST01203,P0045,East,0.22,9.87,1.78,2024-11-12,5,2.53
O24-002175,CUST01356,  P0027,West,0.05,117.2,15.29,2024-04-11,1,123.37
O24-007497,CUST00135,P0004,North,0.18,729.68,147.57,2024-04-09,1,889.85
O24-005222,CUST00469,P0006,North,0.31,734.75,153.43,2024-10-06,3,354.95
O24-000607,CUST01108,P0032,South,0.15,1603.71,134.71,2024-02-11,4,471.68
O24-000961,CUST01178,P0012,West,0.11,37.52,7.43,2024-07-27,2,21.08
O24-006566,CUST00976,P0014,East,0.09,70.89,15.65,2024-06-21,2,38.95
O24-003954,CUST00769,P0035,West,0.15,7.07,1.11,2024-01-08,2,4.16
O24-000550,CUST00642,P0047,West,0.15,8.88,1.75,2024-09-23,1,10.45
O24-003065,CUST01222,P0014,East,0.05,116.54,26.89,2024-01-27,3,40.89
O24-006312,CUST00733,P0039,East,0.02,65.02,11.76,2024-06-21,5,13.27
O24-000974,CUST00575,P0045,North,0.05,2.31,0.38,2024-02-26,1,2.43
O24-003682,CUST01351,P0015,West,0.02,199.33,51.68,2024-08-22,4,50.85
O24-007430,CUST00124,P0032,North,0,478.59,69.33,2024-11-21,1,478.59
O24-006132,CUST00680,P0020,North,0.13,1136.66,191.29,2024-12-29,5,261.3
O24-001017,CUST00099,P0034,South,0.13,17.12,2.27,2024-10-10,2,9.84
O24-009849,CUST00515, P0012 ,East,0.03,93.07,26.67,2024-10-08,5,19.19
O24-005136,CUST00191,P0007,West,0.07,385.82,83.8,2024-03-12,2,207.43
O24-005614,CUST00288,P0035,North,0.01,23.94,4.39,2024-12-27,6,4.03
O24-003607,CUST01196,P0017,West,0.06,617.61,89.23,2024-06-22,3,219.01
O24-005408,CUST00515,P0034,East,0.03,9.69,2.41,2024-09-09,1,9.99
O24-002937,CUST00177,P0041,North,0.12,26.71,5.34,2024-03-12,1,30.35
O24-009034,CUST01321,P0003,West,0.08,2718.1,635.98,2024-03-19,2,1477.23
O24-004536,CUST01223,P0020,East,0.2,448.51,64.11,2024-11-27,2,280.32
O24-002760,CUST00801,P0035,North,0.07,7.63,1.61,2024-07-17,2,4.102150538
O24-005364,CUST00954,P0022,North,0.34,4438.04,458.47,2024-10-17,10,672.43
O24-003908,CUST00170,P0016,East,0.06,239.66,69.69,2024-03-17,4,63.74
O24-007406,CUST01386,P0033,South,0.14,11.37,1.58,2024-07-05,1,13.22
O24-001619,CUST00685,P0003,East,0.24,2965.94,521.36,2024-02-07,3,1300.85
O24-002989,CUST00024,P0040,West,0.19,34.87,6.73,2024-08-10,3,14.35
O24-000404,CUST01159,P0039,South,0.19,10.92,0.83,2024-07-25,1,13.48
O24-009183,CUST00748,  P0011,East,0.07,78,20.95,2024-11-08,1,83.87
O24-005521,CUST01055,P0003,West,0.03,4013.56,962.82,2024-12-19,3,1379.23
O24-009496,CUST01015,P0013,West,0.1,35.53,6.93,2024-01-03,2,19.74
O24-009467,CUST00260,P0002,East,0.12,459.86,101.28,2024-04-27,1,522.57
O24-008618,CUST01118,P0041,South,0.2,25.51,2.76,2024-07-25,1,31.89
O24-004035,CUST01298,P0017,South,0.4,658.23,-8.83,2024-07-27,5,219.41
O24-003460,CUST00758,P0005,East,0.07,431.29,112.01,2024-10-07,1,463.75
O24-007537,CUST01200,P0007,West,0.07,798.42,203.93,2024-12-17,4,214.63
O24-009485,CUST01284,P0036,North,0.11,87.4,19.17,2024-01-19,5,19.64
O24-009623,CUST01080, P0045 ,West,0.15,9.15,1.64,2024-11-13,4,2.69
O24-002571,CUST00358,P0014,North,0.15,143.14,28.51,2024-11-05,4,42.1
O24-009954,CUST00948,P0027,North,0.14,106.76,10.92,2024-04-04,1,124.14
O24-003440,CUST01412,P0007,West,0.28,746.32,141.51,2024-12-06,5,207.3111111
O24-009350,CUST01124,  P0011,West,0.09,159.47,38.91,2024-05-29,2,87.62
O24-002693,CUST00530,P0013,East,0.19,61.88,12.16,2024-07-15,4,19.1
O24-005676,CUST00512,P0018,South,0.19,3567.08,255.83,2024-08-27,10,440.38
O24-002838,CUST01032,P0045,East,0.08,4.97,0.86,2024-08-18,2,2.7
O24-002252,CUST00390,P0048,South,0.1,16.06,2.04,2024-03-19,8,2.23
O24-009011,CUST00147,P0010,West,0.1,504.52,124.56,2024-09-17,6,93.43
O24-002515,CUST01107,P0014,East,0.12,33.4,6.85,2024-11-05,1,37.95
O24-006259,CUST01322,P0002,North,0.23,1623.56,219.68,2024-07-25,4,527.1298701
O24-000647,CUST01487,P0004,South,0.17,3051.38,500.05,2024-04-29,4,919.09
O24-003952,CUST00311,P0011,South,0.23,407.53,65.25,2024-06-04,6,88.21
O24-006986,CUST00863,P0039,West,0.09,63.61,15.61,2024-11-20,5,13.98
O24-004576,CUST00940,P0046,North,0.06,2.77,0.66,2024-08-23,1,2.95
O24-008493,CUST01111,P0018,East,0.06,1604.24,191.22,2024-04-20,4,426.66
O24-004333,CUST00272,P0015,East,0.2,45.4,9.65,2024-01-06,1,56.75
O24-001513,CUST01209,P0003,North,0.36,886.87,151.94,2024-12-27,1,1385.74
O24-004425,CUST01179,P0025,North,0.06,2016.22,305.43,2024-09-26,4,536.23
O24-005503,CUST01394,P0030,West,0.18,335.64,44.51,2024-08-03,4,102.33
O24-002410,CUST00462,P0016,East,0.22,50.99,10.63,2024-11-04,1,65.37
O24-005724,CUST00903,P0048,West,0.17,9.01,1.31,2024-08-11,5,2.17
O24-004221,CUST00547,P0003,North,0,10044.37,2523.73,2024-10-19,7,1434.91
O24-007601,CUST00828,P0038,East,0.15,35.04,5.52,2024-04-07,3,13.74
O24-001697,CUST00557,P0002,North,0.14,456.45,100.49,2024-11-24,1,530.76
O24-009827,CUST00130,P0020,North,0.01,258.88,45.62,2024-11-17,1,261.4949495
O24-001441,CUST00973,P0002,North,0.12,1359.36,328.41,2024-02-16,3,514.91
O24-001480,CUST00194,P0001,East,0.09,10945.75,2920.69,2024-10-31,10,1202.83
O24-003055,CUST00264,P0016,West,0.23,103.93,21.7,2024-02-20,2,67.49
O24-000055,CUST01290,P0035,South,0.22,3.31,0.32,2024-06-27,1,4.24
O24-004700,CUST00637,P0026,East,0.14,1275.58,134.94,2024-03-02,3,494.41
O24-009913,CUST00029,P0030,North,0.06,461.54,59.34,2024-05-27,5,98.2
O24-000157,CUST00565,P0046,South,0.22,4.7,0.48,2024-10-03,2,3.01
O24-009387,CUST01261,P0022,West,0.02,1946.43,232.23,2024-10-15,3,662.05
O24-007025,CUST01100,P0006,North,0.16,1331.3,283.89,2024-11-22,4,396.22
O24-006087,CUST00500,P0008,East,0.08,4446.76,1258.51,2024-03-10,8,604.1793478
O24-005735,CUST00593,P0045,North,0.04,5.32,1.02,2024-05-26,2,2.77
O24-000457,CUST01178,P0024,North,0.31,442.57,43.2,2024-12-25,1,641.4
O24-007203,CUST00070,P0018,West,0.13,373.44,49.18,2024-11-07,1,429.24
O24-002312,CUST00258,P0012,West,0.08,95.13,20.52,2024-04-05,5,20.68
O24-009671,CUST00726,P0002,South,0.17,1799.71,308.16,2024-09-13,4,542.08
O24-000575,CUST00513,P0008,East,0.14,507.79,125.88,2024-08-17,1,590.45
O24-000128,CUST00103,P0003,North,0.13,3602.43,924.55,2024-06-22,3,1380.24
O24-005606,CUST00119,P0029,West,0.16,235.59,26.75,2024-09-24,1,280.47
O24-002282,CUST00150,P0021,West,0.07,873.6,121.71,2024-10-18,4,234.84
O24-005502,CUST00030,P0010,South,0.17,75.65,14.93,2024-07-20,1,91.14
O24-000675,CUST00213,P0045,West,0,7.98,1.72,2024-08-07,3,2.66
O24-004917,CUST01278,P0033,East,0.05,37.48,9.08,2024-11-30,3,13.15
O24-004383,CUST00732,P0039,North,0.04,26.53,4.62,2024-12-25,2,13.82
O24-000859,CUST00607,P0042,East,0.28,64.24,6.27,2024-02-10,3,29.74
O24-005730,CUST00128,P0003,South,0.2,4616.32,646.39,2024-09-24,4,1442.6
O24-007807,CUST01009,P0015,North,0.05,259.87,66.91,2024-03-04,5,54.71
O24-009873,CUST01393,  P0029,East,0.12,504.15,78.7,2024-04-13,2,286.45
O24-006722,CUST00181,P0018,West,0.15,1384.38,156.18,2024-09-08,4,407.17
O24-006358,CUST01130,P0014,North,0.1,113.32,19.82,2024-11-15,3,41.97
O24-009509,CUST01365,P0013,East,0.1,93.56,21.56,2024-11-22,5,20.79111111
O24-003657,CUST00152,P0006,South,0,289.41,36.6,2024-07-10,1,401.96
O24-007305,CUST01417,P0035,North,0,3.21,0.51,2024-12-21,1,3.91
O24-003882,CUST00788,P0005,South,0.18,378.65,79.22,2024-08-20,1,461.77
O24-002138,CUST00947,P0043,East,0.05,35.49,5.58,2024-11-23,1,37.36
O24-009811,CUST01481,P0007,East,0.1,191.6,55.62,2024-02-16,1,212.8888889
O24-003879,CUST01207,P0008,West,0.07,546.41,119.48,2024-03-10,1,587.54
O24-007156,CUST00262,P0021,South,0.13,748.48,60.04,2024-08-27,4,215.08
O24-004135,CUST00579,P0018,West,0.04,5793.85,826.82,2024-08-06,14,431.0900298
O24-001384,CUST01182, P0005 ,South,0.25,350.19,81.96,2024-12-05,1,466.92
O24-007375,CUST00241,P0012,South,0.08,55.64,9.87,2024-07-24,3,20.16
O24-003894,CUST00655,P0021,East,0.16,182.16,16.4,2024-10-09,1,216.86
O24-009429,CUST01138,P0041,West,0.06,30.27,6.02,2024-06-21,1,32.2
O24-008761,CUST00380,P0002,East,0.02,1569.4,387.52,2024-10-31,3,533.81
O24-005528,CUST00267,P0041,North,0.08,310.32,58.73,2024-01-29,10,33.73
O24-007267,CUST00145,P0037,South,0.33,37.06,4.03,2024-02-12,4,13.83
O24-001324,CUST00418,P0010,North,0.12,227.17,58.52,2024-02-24,3,86.05
O24-009302,CUST00013,P0045,North,0.07,2.42,0.5,2024-02-26,1,2.6
O24-004109,CUST00583,P0046,West,0.15,12.58,2.01,2024-05-13,5,2.96
O24-005282,CUST01401,P0004,South,0.09,4137.09,849.89,2024-09-06,5,909.25
O24-006717,CUST00929,P0017,North,0.18,355.06,46.82,2024-03-14,2,216.5
O24-002369,CUST00454,P0048,West,0.08,10.07,1.82,2024-05-01,5,2.19
O24-009696,CUST01042,P0040,South,0.12,55.05,9.01,2024-04-07,4,15.64
O24-000509,CUST00954,P0037,North,0.07,25.28,5.4,2024-06-17,2,13.59139785
O24-004982,CUST01108,P0004,North,0.18,3662.78,847.6,2024-01-16,5,893.36
O24-003608,CUST00708,P0048,East,0.12,2.02,0.23,2024-05-23,1,2.29
O24-007084,CUST01121,P0013,South,0.13,32.31,6.58,2024-10-04,2,18.57
O24-000807,CUST01398,P0028,North,0.08,3366.91,498.72,2024-09-16,8,457.46
O24-000288,CUST00455,P0021,West,0.09,1597.23,176.27,2024-05-02,8,219.4
O24-001420,CUST01125,P0016,West,0.04,60.96,13.5,2024-06-10,1,63.5
O24-006872,CUST01201,P0022,North,0.04,6528.77,965.05,2024-05-21,10,680.08
O24-005555,CUST00840,P0037,South,0.13,48.23,7.83,2024-11-18,4,13.86
O24-003133,CUST00102,P0047,East,0.07,29.43,5.58,2024-04-14,3,10.55
O24-000470,CUST00955,P0004,East,0.11,785.49,203.68,2024-01-23,1,882.57
O24-005044,CUST00857,P0021,West,0.06,398.33,63.52,2024-11-06,2,211.88
O24-002057,CUST00663,P0031,East,0.24,410.48,26.54,2024-07-26,2,270.05
O24-005608,CUST00454,P0031,South,0.22,410.78,-0.12,2024-06-03,2,263.32
O24-010000,CUST01345,P0036,North,0,65.46,12.95,2024-04-27,3,21.82
O24-000960,CUST00188,P0022,West,0.16,3280.38,511.2,2024-03-10,6,650.87
O24-006088,CUST01459,P0034,East,0.15,17.48,3.44,2024-05-19,2,10.28
O24-004872,CUST00723,P0038,East,0.1,95.04,19.41,2024-02-01,8,13.2
O24-006908,CUST01281,P0011,East,0.07,81.74,21.18,2024-12-17,1,87.89
O24-009355,CUST00122,P0010,East,0.13,243.15,54.92,2024-11-13,3,93.16
O24-007655,CUST01355,P0034,South,0.08,26.3,3.78,2024-09-19,3,9.53
O24-000590,CUST00721,P0043,North,0.1,35.07,6.03,2024-10-05,1,38.97
O24-008604,CUST01459,P0040,South,0.22,24.32,3.15,2024-07-22,2,15.59
O24-003015,CUST01413,P0005,East,0.31,320.76,64.37,2024-07-12,1,464.87
O24-001164,CUST00727,P0026,North,0.04,492.3,56.45,2024-04-12,1,512.81
O24-001959,CUST00290,P0037,East,0.08,12.56,2.87,2024-05-05,1,13.65
O24-003924,CUST00125,P0019,South,0.14,1986.45,133.93,2024-06-18,6,384.97
O24-009684,CUST00858,P0016,North,0.31,91.2,19.77,2024-10-09,2,66.09
O24-005060,CUST00627,P0042,East,0.12,25.44,4.29,2024-01-10,1,28.91
O24-004493,CUST01249,P0023,West,0.03,1484.04,173.12,2024-12-18,6,254.99
O24-004059,CUST01256,P0037,East,0.19,67.51,12.12,2024-04-26,6,13.89
O24-003986,CUST00922,P0040,East,0.09,67.57,13.12,2024-06-19,5,14.85
O24-006135,CUST00625,P0013,North,0.12,17.51,4.33,2024-11-15,1,19.9
O24-003030,CUST00461,P0007,North,0.18,160.5,35.51,2024-06-29,1,195.73
O24-005271,CUST01486,P0011,South,0.13,237.41,41.42,2024-01-12,3,90.96
O24-008999,CUST00838,P0037,North,0.14,34.57,5.08,2024-09-01,3,13.4
O24-000826,CUST01227,P0010,North,0.05,433.39,120.87,2024-06-21,5,91.24
O24-003548,CUST00081,P0016,North,0.29,589.8,112.98,2024-04-06,13,63.9
O24-006021,CUST00856,P0030,East,0.15,86.22,13.18,2024-05-04,1,101.44
O24-001991,CUST00179,P0036,West,0,104.75,19.34,2024-04-16,5,20.95
O24-004395,CUST00387,P0041,East,0.05,31.77,5.04,2024-10-23,1,33.44
O24-001823,CUST00260,P0040,North,0.03,127.57,27.46,2024-09-15,8,16.44
O24-002467,CUST00549,P0025,East,0.23,822.16,77.98,2024-07-18,2,533.87
O24-009201,CUST01381,P0041,East,0.16,107.99,15.22,2024-07-10,4,32.14
O24-006516,CUST00786,P0048,North,0.11,3.83,0.67,2024-07-26,2,2.15
O24-008380,CUST01028,P0039,North,0.01,56.71,11.87,2024-09-30,4,14.32
O24-002931,CUST00251,P0020,South,0,1730.37,161.91,2024-10-06,8,270.37
O24-007706,CUST01232,P0004,West,0.1,2408.89,648.2,2024-11-16,3,892.18
O24-000557,CUST01385,P0012,South,0.16,34.73,5.62,2024-04-11,2,20.67
O24-009301,CUST00606,P0042,North,0.08,80.45,12.1,2024-05-09,3,29.15
O24-009341,CUST00737,P0036,East,0.03,40.93,8.07,2024-12-16,2,21.1
O24-001780,CUST01452,P0003,North,0.1,2497.55,569.87,2024-03-06,2,1387.53
O24-003160,CUST00824,P0022,South,0.24,1479.24,87.91,2024-05-10,3,648.79
O24-000721,CUST00718,P0018,East,0.31,584.78,61.98,2024-07-20,2,423.75
O24-002846,CUST00134,P0023,North,0.18,1545.27,177.65,2024-04-16,7,269.21
O24-005218,CUST01499,P0006,North,0.07,1739.29,487.05,2024-04-20,5,374.04
O24-006292,CUST00253,P0011,South,0.11,72.02,12.71,2024-07-19,1,80.92
O24-006217,CUST00705,  P0033,North,0,74.42,14.19,2024-11-29,6,12.92
O24-007569,CUST01407,P0006,East,0.19,320.09,65.28,2024-08-03,1,395.17
O24-009113,CUST00433,P0016,North,0.17,104.31,22.87,2024-06-06,2,62.84
O24-002101,CUST00827,P0027,North,0,254.26,43.33,2024-01-18,2,127.13
O24-006020,CUST00620,P0039,South,0.06,40.5,7.16,2024-04-28,3,14.36
O24-004338,CUST00137,P0041,North,0.11,27.99,5.11,2024-07-15,1,31.45
O24-008593,CUST00449,P0015,South,0.15,182.31,28.82,2024-06-10,4,53.62
O24-002747,CUST01432,P0048,East,0.12,3.82,0.74,2024-02-09,2,2.17
O24-002313,CUST00024,P0012,South,0.11,88.15,11.8,2024-06-17,5,19.81
O24-001411,CUST01145,P0005,East,0.1,816.25,202.25,2024-01-15,2,453.47
O24-001664,CUST01387,P0030,West,0.07,285.81,44.92,2024-03-23,3,102.44
O24-008172,CUST01077,P0002,North,0.08,523.26,150.62,2024-12-23,1,568.76
O24-001159,CUST01065,P0004,North,0.25,2680.83,514.03,2024-03-16,4,893.61
O24-002173,CUST01443,P0008,North,0.02,1716.99,463.07,2024-10-29,3,584.01
O24-007474,CUST00514,P0008,South,0.18,469.06,91.22,2024-03-25,1,572.02
O24-005501,CUST01418,P0010,North,0.22,213.76,54.95,2024-07-14,3,91.35
O24-001273,CUST00861,P0026,North,0.14,2205.56,380.53,2024-06-01,5,512.92
O24-008630,CUST00484,P0045,East,0.14,4.59,0.68,2024-10-29,2,2.67
O24-003194,CUST00617,P0020,West,0.32,692.29,41.88,2024-12-15,4,254.52
O24-008095,CUST01191,P0027,South,0.19,103.86,6.22,2024-07-03,1,128.22
O24-004214,CUST01319,P0007,East,0.1,551.5,116.36,2024-10-30,3,204.26
O24-003199,CUST00531,P0007,East,0.17,172.06,38.33,2024-11-02,1,207.3
O24-004114,CUST01188,P0004,East,0.09,813.54,236.65,2024-08-10,1,894
O24-005095,CUST00411,P0025,South,0.4,1305.5,78.74,2024-11-21,4,543.96
O24-000424,CUST01213,P0008,South,0.3,1645.92,262.2,2024-04-16,4,587.83
O24-005248,CUST00169,P0037,East,0.12,12.25,2.12,2024-03-10,1,13.92
O24-004023,CUST00920,P0007,West,0.17,347.84,86.77,2024-08-09,2,209.54
O24-002289,CUST01473,P0010,West,0.09,81.9,19.75,2024-10-25,1,90
O24-003516,CUST00703,P0006,West,0.16,1615.91,365.14,2024-07-10,5,384.74
O24-009165,CUST00750,P0002,West,0.03,1577.66,404.99,2024-08-27,3,542.15
O24-002420,CUST01468,P0017,North,0.09,387.22,46.31,2024-09-28,2,212.76
O24-003210,CUST00445,P0006,East,0.14,333.21,80.2,2024-12-11,1,387.4534884
O24-009073,CUST00452,P0009,West,0.15,21.11,4.54,2024-02-29,1,24.83
O24-008722,CUST01461,P0031,North,0.11,690.76,95.98,2024-11-19,3,258.71
O24-003234,CUST01156,P0035,South,0.12,7.39,1.24,2024-11-04,2,4.2
O24-007750,CUST00265, P0002 ,West,0.14,4870.29,999.64,2024-01-18,11,514.83
O24-000225,CUST01134,P0024,North,0.12,564.21,90.4,2024-12-01,1,641.1477273
O24-007105,CUST01006,P0032,West,0.11,428.19,73,2024-03-25,1,481.11
O24-001964,CUST01149,P0002,North,0.1,2297.79,637.92,2024-04-02,5,510.62
O24-000323,CUST00490,P0042,West,0.34,39.85,4.56,2024-09-14,2,30.19
O24-002990,CUST00905,P0040,South,0.1,28.13,3.34,2024-12-09,2,15.63
O24-006446,CUST00089,P0041,South,0.22,75.77,6.68,2024-06-17,3,32.38
O24-006365,CUST00142,P0026,East,0.15,896.41,137.37,2024-10-02,2,527.3
O24-008903,CUST00781,P0005,West,0.2,1073.42,229.39,2024-10-15,3,447.26
O24-002598,CUST01407,P0006,South,0.23,599.85,95.28,2024-11-17,2,389.51
O24-002913,CUST00660,P0008,North,0.08,1586.14,396.23,2024-09-16,3,574.69
O24-006969,CUST00929,P0027,North,0.18,509.42,38.64,2024-04-29,5,124.25
O24-006620,CUST00621,P0038,East,0.12,11.81,2.16,2024-01-21,1,13.42
O24-005191,CUST00010,  P0043,South,0.14,68.51,7.65,2024-05-12,2,39.83
O24-008431,CUST01061,P0019,East,0.09,1791.2,255.3,2024-08-15,5,393.67
O24-001656,CUST01361,P0041,East,0,32,6.17,2024-12-15,1,32
O24-004563,CUST00334,P0003,West,0.1,1243.77,297.93,2024-12-30,1,1381.966667
O24-005628,CUST00112,P0034,West,0.08,27.93,5.01,2024-06-20,3,10.12
O24-008459,CUST00390,P0011,West,0.34,58.74,15.11,2024-03-26,1,89
O24-006142,CUST00991,P0047,North,0.06,9.88,1.8,2024-06-29,1,10.51
O24-001413,CUST00465,P0001,North,0.06,2165.01,549.77,2024-12-31,2,1151.6
O24-002788,CUST01013,P0001,South,0.4,2231.51,320.11,2024-01-07,3,1239.73
O24-008480,CUST01017,P0002,West,0.13,473.69,99.04,2024-06-03,1,544.47
O24-009797,CUST01175,P0009,West,0.02,107.75,25.72,2024-04-01,5,21.99
O24-005658,CUST00288,P0045,East,0.1,13.55,2.79,2024-08-07,6,2.51
O24-008690,CUST00137,P0003,East,0.05,1372.34,332.32,2024-09-26,1,1444.57
O24-002036,CUST00537,P0012,East,0.19,16.39,3.3,2024-09-30,1,20.23
O24-003592,CUST00694,P0040,East,0.1,51.34,9.39,2024-12-17,4,14.26
O24-004942,CUST00039,P0022,South,0.34,462.54,33.07,2024-11-03,1,700.82
O24-009435,CUST00341,P0034,South,0.2,23.33,3.01,2024-08-01,3,9.72
O24-006182,CUST00832,P0019,East,0.09,1138.38,186.73,2024-06-11,3,416.989011
O24-006071,CUST00011,P0045,South,0.29,6.01,0.43,2024-03-25,3,2.82
O24-000580,CUST01291,P0025,North,0.05,493.01,73.73,2024-05-15,1,518.96
O24-004937,CUST01462,P0031,North,0.32,559.94,39.74,2024-12-14,3,274.48
O24-004226,CUST00917,P0014,North,0.02,76.85,22.62,2024-09-05,2,39.21
O24-006803,CUST00323,P0004,East,0.02,1817.94,451.56,2024-08-15,2,927.52
O24-001214,CUST00282,P0047,East,0.12,9.19,1.59,2024-07-02,1,10.44
O24-001604,CUST01417,P0042,South,0.12,132.48,17.65,2024-11-09,5,30.11
O24-003350,CUST01062,P0009,North,0.05,21.4,4.42,2024-10-02,1,22.53
O24-002102,CUST01083,P0035,West,0.12,3.56,0.59,2024-05-24,1,4.04
O24-006904,CUST00345,P0033,East,0.15,66.66,8.45,2024-01-04,6,13.07
O24-009144,CUST00937,P0041,East,0.14,28.43,4.19,2024-03-17,1,33.06
O24-001608,CUST00920,P0024,East,0.22,1538.46,125.72,2024-08-12,3,657.46
O24-001456,CUST00227,P0011,North,0,443.6,133.08,2024-09-15,5,88.72
O24-004880,CUST00669,  P0045,South,0.18,6.3,1.12,2024-05-02,3,2.56
O24-001483,CUST00088,P0021,North,0.07,222.16,30.35,2024-10-18,1,238.88
O24-002317,CUST01453,P0016,East,0.02,782.11,209.24,2024-08-09,13,61.39
O24-000409,CUST00845,P0034,East,0.2,16.03,2.69,2024-07-27,2,10.02
O24-002544,CUST01024,P0034,South,0,44.1,5.1,2024-10-16,5,9.91
O24-006549,CUST00849,P0007,South,0.31,435.94,47.81,2024-03-13,3,210.6
O24-000265,CUST00235,P0026,West,0.08,2300.83,284.92,2024-11-30,5,500.18
O24-004451,CUST00311,P0011,South,0.19,142.61,34.8,2024-08-25,2,88.03
O24-008148,CUST01496,P0009,South,0.14,59.88,12.61,2024-04-17,3,23.21
O24-004811,CUST01090,P0038,North,0.01,69.6,16.39,2024-08-07,5,14.06
O24-007465,CUST01067,P0008,East,0.07,532.16,123.96,2024-05-04,1,572.21
O24-009373,CUST01447,P0040,South,0.13,82.22,9.33,2024-10-08,6,15.75
O24-002054,CUST00143,P0010,South,0.12,900.43,157.48,2024-09-23,11,93.02
O24-001830,CUST00645,P0010,South,0.1,83.82,20.05,2024-10-25,1,93.13
O24-001845,CUST00726,P0026,West,0.15,2522.77,393.83,2024-06-03,6,494.66
O24-009281,CUST01370,P0022,West,0.04,650.27,85.03,2024-06-30,1,677.36
O24-009766,CUST00250,P0004,West,0.15,2397.61,520.7,2024-01-27,3,940.24
O24-007495,CUST01050,P0010,East,0.13,241.5,57.82,2024-12-17,3,92.52873563
O24-003315,CUST00132,P0023,South,0.13,938.14,95.08,2024-06-23,4,269.58
O24-002085,CUST01250,P0014,East,0.26,29.8,7.22,2024-11-23,1,40.27
O24-000049,CUST00434,P0022,South,0.11,1220.81,32.92,2024-01-21,2,685.85
O24-007162,CUST00455,P0016,West,0.14,206.68,49.73,2024-01-01,4,60.08
O24-006464,CUST00048,P0022,East,0.13,1727.82,206.61,2024-08-12,3,662
O24-003788,CUST00831,P0001,West,0.03,2202.77,622.5,2024-12-13,2,1135.45
O24-005739,CUST01052,P0025,South,0.15,2202.95,232.86,2024-07-25,5,518.34
O24-006190,CUST00519,P0017,South,0.28,149.08,5.81,2024-04-30,1,207.05
O24-005991,CUST00028,P0027,North,0.1,343.31,56.3,2024-04-09,3,127.15
O24-002335,CUST00471,P0010,North,0.19,509.11,99.68,2024-10-21,7,89.79
O24-001346,CUST00946,P0006,East,0.21,315.98,58.75,2024-03-16,1,399.98
O24-002722,CUST01122,P0016,East,0.13,470.91,115.78,2024-10-26,8,67.66
O24-005976,CUST00027,P0042,East,0.05,214.02,43.5,2024-11-30,8,28.16
O24-006193,CUST00821,P0006,East,0.02,5363.42,1504.05,2024-08-23,14,390.92
O24-007357,CUST00913,P0030,West,0.09,181.91,26.3,2024-05-09,2,99.95
O24-002063,CUST00084,P0012,North,0.06,90.94,22.01,2024-06-01,5,19.35
O24-004551,CUST01133,P0015,West,0.1,285.66,61.24,2024-10-19,6,52.9
O24-006144,CUST00969,P0028,North,0.05,864.12,169.98,2024-10-04,2,454.8
O24-008151,CUST00831,P0024,North,0.21,1051.77,72.67,2024-12-08,2,665.68
O24-004117,CUST00156,P0006,North,0.12,1017.96,229.43,2024-10-03,3,385.59
O24-003334,CUST00618,P0020,North,0.34,176.28,12.51,2024-12-26,1,267.09
O24-005517,CUST00364,P0005,North,0.04,5046.1,1222.52,2024-07-23,11,477.85
O24-009790,CUST00354,P0009,North,0.05,69.85,15.74,2024-04-23,3,24.51
O24-008829,CUST00373,P0042,South,0.16,47.51,5.74,2024-01-12,2,28.28
O24-008631,CUST00098,P0027,East,0.04,120.16,22,2024-06-03,1,125.17
O24-008339,CUST00484,P0010,South,0.18,74.05,13.44,2024-05-07,1,90.31
O24-008796,CUST00387,P0019,North,0.14,1034.17,177.46,2024-12-21,3,400.84
O24-008061,CUST00858,P0015,West,0.15,45.7,9.11,2024-12-04,1,53.76
O24-003309,CUST01269, P0012 ,North,0.15,17.05,4.21,2024-12-07,1,20.06
O24-007131,CUST01260,P0042,West,0.12,25.8,4.36,2024-03-26,1,29.32
O24-009084,CUST00921,P0031,West,0.16,225.38,26.6,2024-10-17,1,268.31
O24-004178,CUST01184,P0004,East,0.12,7860.6,1863.27,2024-04-01,10,893.25
O24-002050,CUST00631,P0048,North,0.03,6.4,1.37,2024-11-23,3,2.2
O24-000696,CUST00500,P0010,South,0.19,76.59,13.22,2024-01-21,1,94.56
O24-007506,CUST00022,P0042,East,0.01,57.93,12.45,2024-01-18,2,29.26
O24-006277,CUST00526,P0020,West,0.05,1055.75,141.21,2024-12-29,4,277.83
O24-004441,CUST00311,P0014,North,0.22,64.54,14.13,2024-11-28,2,41.37
O24-005723,CUST01399,P0044,East,0.08,68.59,13.22,2024-03-06,5,14.91
O24-004456,CUST01172,P0004,West,0.16,2352.9,588.93,2024-04-12,3,933.69
O24-007035,CUST00901,P0037,South,0.13,36.67,4.64,2024-07-19,3,14.05
O24-000771,CUST01112,P0011,West,0.01,255.84,65.42,2024-09-15,3,86.14
O24-003936,CUST00639,P0042,North,0.05,27.71,5.26,2024-10-11,1,29.16842105
O24-000821,CUST01482,P0045,East,0.13,13.31,2.4,2024-09-28,6,2.55
O24-000909,CUST00817,P0039,East,0.32,9.45,1.27,2024-08-23,1,13.89
O24-001923,CUST01053,P0014,South,0.11,35.35,6.26,2024-05-03,1,39.72
O24-006141,CUST00253,P0012,West,0.1,56.62,12.79,2024-11-17,3,20.97
O24-002082,CUST01112,P0040,East,0.14,13.24,1.88,2024-07-26,1,15.39
O24-000448,CUST00866,P0021,East,0.15,403.1,55.34,2024-02-15,2,237.12
O24-000886,CUST01238,P0047,South,0.1,56.05,7.94,2024-10-03,6,10.38
O24-005269,CUST01259,P0022,East,0.11,2403.82,334.15,2024-02-19,4,675.23
O24-005109,CUST00528,P0007,North,0.12,1092.54,275.87,2024-12-04,6,206.92
O24-009637,CUST01137,P0030,West,0.12,173.43,18.58,2024-01-13,2,98.54
O24-002202,CUST01249,P0041,South,0.11,119.37,19.05,2024-08-09,4,33.53
O24-001255,CUST01168,P0048,North,0.11,9.7,1.67,2024-02-18,5,2.18
O24-006411,CUST00436,P0021,North,0.18,377.77,49.88,2024-01-11,2,230.35
O24-006631,CUST00085,P0048,North,0.01,11.38,2.41,2024-04-23,5,2.3
O24-008592,CUST00105,P0003,East,0.16,3502.93,864.8,2024-03-23,3,1390.05
O24-006884,CUST01192,P0026,South,0.32,2747.25,107.91,2024-11-26,8,505.01
O24-001211,CUST00259,P0026,North,0.06,488.42,84.98,2024-01-16,1,519.6
O24-007610,CUST01125,P0019,South,0.4,471.42,19.94,2024-04-24,2,392.85
O24-009655,CUST00969,P0040,South,0.11,12.83,1.91,2024-06-23,1,14.42
O24-009991,CUST00153,P0001,East,0.11,5528.66,1486.38,2024-03-16,6,1035.329588
O24-004457,CUST00265,P0034,West,0.06,38.01,7.74,2024-06-08,4,10.11
O24-006313,CUST00481,P0012,West,0.17,16.48,3.86,2024-04-25,1,19.86
O24-005798,CUST00168,P0046,North,0.1,2.68,0.39,2024-09-14,1,2.977777778
O24-002049,CUST00851,P0038,South,0.14,12.13,1.32,2024-12-17,1,14.11
O24-000688,CUST00095,P0011,East,0.13,376.1,91.9,2024-11-30,5,86.46
O24-007036,CUST00491,P0001,West,0.21,1879.49,410.59,2024-08-29,2,1189.55
O24-008771,CUST01279,P0034,North,0.06,28.31,5.34,2024-12-01,3,10.04
O24-007659,CUST01177,P0043,North,0.36,97.41,10.29,2024-11-08,4,38.05
O24-006910,CUST00093,P0006,West,0.08,736.09,195.03,2024-08-29,2,400.05
O24-001040,CUST01493,P0037,East,0.15,11.13,1.71,2024-03-20,1,13.09
O24-009317,CUST00991,P0026,North,0.06,1904.78,264.98,2024-03-22,4,506.59
O24-006818,CUST01488,P0024,North,0.11,550.37,59.09,2024-11-07,1,618.39
O24-004864,CUST00014,P0018,East,0.18,1045.52,95.02,2024-12-27,3,425.01
O24-006268,CUST00963,P0038,North,0.11,25.26,4.67,2024-02-03,2,14.19
O24-005952,CUST00887,P0018,East,0.08,1502.43,270.32,2024-05-04,4,408.27
O24-006345,CUST00356,P0030,West,0.12,260.2,33.12,2024-09-06,3,98.56
O24-007813,CUST00794,P0005,West,0.2,382.22,79.83,2024-03-16,1,477.77
O24-004497,CUST01202,P0007,South,0.35,576.91,69.31,2024-11-07,4,221.89
O24-000742,CUST01489,P0028,East,0.15,375.76,43.57,2024-05-09,1,442.07
O24-006185,CUST01219,P0010,East,0.26,65.53,11.12,2024-09-13,1,88.55405405
O24-009194,CUST00066,P0041,South,0.07,30.26,4.82,2024-07-10,1,32.54
O24-002462,CUST00489,P0025,East,0.12,930.14,139.4,2024-04-20,2,528.49
O24-001797,CUST00603,P0019,West,0.18,656.85,63.56,2024-10-31,2,400.52
O24-003558,CUST00216,P0019,North,0.05,771.27,129.05,2024-10-09,2,405.93
O24-008927,CUST00954,P0009,North,0.05,67.23,17.29,2024-02-04,3,23.59
O24-000080,CUST00643,P0034,East,0.08,46.69,7.78,2024-09-19,5,10.15
O24-005572,CUST00743,P0013,West,0.15,81.34,19.36,2024-10-08,5,19.14
O24-007173,CUST00382,P0028,West,0.14,366.55,51.14,2024-07-27,1,426.22
O24-003848,CUST00163,P0027,East,0.22,100.52,15.13,2024-05-15,1,128.87
O24-002344,CUST01145,P0036,South,0.25,44.17,4.55,2024-06-05,3,19.63
O24-002988,CUST01056,P0002,East,0.1,1464.72,373.79,2024-04-04,3,542.49
O24-008195,CUST00385,P0015,West,0.11,48.55,10.99,2024-04-18,1,54.55
O24-001147,CUST00519,P0006,East,0.07,355.13,87.47,2024-11-18,1,381.86
O24-008748,CUST00021,P0021,East,0.09,212.56,29.67,2024-03-02,1,233.58
O24-008512,CUST00217,P0039,West,0.09,102.14,17.54,2024-01-21,8,14.03
O24-008059,CUST00836,P0005,East,0.24,693.91,143.83,2024-05-16,2,456.52
O24-008348,CUST00940,P0037,East,0.05,26.43,4.91,2024-03-23,2,13.91052632
O24-007922,CUST00409,P0037,East,0.14,33.08,4.72,2024-10-17,3,12.82
O24-004263,CUST00037,P0043,South,0.38,49.48,2.92,2024-09-26,2,39.9
O24-005414,CUST00257,P0034,West,0.06,9.88,1.65,2024-12-01,1,10.51
O24-006205,CUST00702,P0042,South,0.4,52.83,2.79,2024-09-19,3,29.35
O24-002059,CUST00228,P0036,South,0.18,35.05,2.7,2024-08-22,2,21.37
O24-002182,CUST00766,P0048,South,0.11,1.92,0.28,2024-09-05,1,2.16
O24-009878,CUST00516,P0039,West,0.05,13.58,2.65,2024-11-03,1,14.29
O24-002392,CUST01372,P0045,West,0.3,1.92,0.28,2024-04-11,1,2.75
O24-003885,CUST00903,P0010,North,0.09,82.06,19.52,2024-12-16,1,90.18
O24-003351,CUST01423,P0031,North,0.08,1993.24,213.53,2024-04-22,8,270.82
O24-002685,CUST00075,P0018,East,0.07,400.05,50.56,2024-09-29,1,430.16
O24-001173,CUST00723,P0016,East,0.08,511.96,117.26,2024-06-13,8,69.56
O24-007482,CUST00839,P0046,North,0.11,8.06,1.4,2024-02-01,3,3.02
O24-002165,CUST00136,P0011,East,0.08,85.73,18.38,2024-06-28,1,93.18
O24-000177,CUST00753,P0023,North,0.12,726.69,99.16,2024-12-11,3,275.26
O24-004841,CUST00206,P0023,North,0.06,1468.37,167.53,2024-08-01,6,260.35
O24-003910,CUST01313,P0030,South,0.15,173.89,17.55,2024-10-24,2,102.29
O24-007087,CUST00138,P0016,West,0.33,83.76,11.19,2024-01-24,2,62.51
O24-002058,CUST01368,P0025,North,0.23,402.96,34.6,2024-12-14,1,523.32
O24-000374,CUST01091,P0015,North,0.12,273.24,73.98,2024-04-30,6,51.75
O24-005349,CUST00092,P0025,West,0.18,874.38,97.71,2024-10-12,2,533.16
O24-009740,CUST00588,P0048,West,0.1,2.06,0.3,2024-06-26,1,2.29
O24-004630,CUST00110,P0013,East,0.2,31.44,6.33,2024-05-18,2,19.65
O24-008563,CUST00102,P0043,West,0.05,150.37,29.37,2024-01-05,4,39.57
O24-002910,CUST00983,P0027,West,0.05,125.12,12.75,2024-06-05,1,131.71
O24-008301,CUST00131,P0012,East,0.03,38.84,11.41,2024-12-23,2,20.02
O24-002037,CUST00113,P0019,South,0.19,1298.27,118.11,2024-01-13,4,400.7
O24-000387,CUST00600,P0042,South,0.2,23.15,2.33,2024-01-23,1,28.94
O24-002579,CUST01191,P0032,East,0.08,1329.27,272.29,2024-06-10,3,481.62
O24-004931,CUST01350,P0027,South,0.12,111.49,12.52,2024-10-22,1,126.69
O24-005017,CUST01169,P0003,North,0.1,2470.81,570.98,2024-12-21,2,1372.67
O24-008881,CUST00257,P0039,West,0.07,38.06,7.62,2024-02-10,3,13.64
O24-001353,CUST01172,P0044,North,0.03,95.51,12.07,2024-10-11,6,16.41
O24-004696,CUST01495,P0011,South,0.16,374.18,70.2,2024-11-18,5,89.09047619
O24-004666,CUST00202,P0023,West,0.03,778.89,104.47,2024-04-17,3,267.66
O24-007175,CUST00181,P0001,East,0.06,1099.77,290.05,2024-11-05,1,1169.97
O24-009082,CUST00215, P0039 ,North,0,149.93,27.9,2024-12-29,11,13.63
O24-000779,CUST00083,P0036,East,0.09,19.49,4.41,2024-08-18,1,21.42
O24-006745,CUST00600,P0017,North,0.1,1000.26,116.5,2024-04-14,5,222.28
O24-004721,CUST01067,P0029,East,0.07,810.49,137.23,2024-05-08,3,290.5
O24-006002,CUST00988,P0002,North,0.11,455.38,92.37,2024-11-04,1,511.66
O24-004225,CUST00950,P0040,East,0.13,13.69,2.16,2024-09-25,1,15.74
O24-008504,CUST01250,P0013,North,0.04,36.23,8.86,2024-01-23,2,18.87
O24-007374,CUST00614,P0008,South,0.17,492.8,101.09,2024-12-07,1,593.73
O24-000156,CUST00512,P0007,West,0.11,708.26,178.4,2024-12-27,4,198.95
O24-000926,CUST00841,P0033,East,0.17,31.55,5.33,2024-08-09,3,12.67
O24-003101,CUST00921,P0043,East,0.2,60.94,10.46,2024-12-20,2,38.09
O24-001207,CUST01024,P0027,North,0.16,218.28,37.85,2024-03-19,2,129.93
O24-003587,CUST01321,P0021,East,0.06,2152.6,293.62,2024-08-02,10,229
O24-002324,CUST01300,P0016,North,0.03,260.89,70.1,2024-04-01,4,67.24
O24-003458,CUST00640,P0037,North,0.12,25.08,4.68,2024-01-12,2,14.25
O24-005500,CUST01412,P0001,East,0.07,3337.62,978.1,2024-11-26,3,1196.28
O24-007526,CUST00232,P0006,South,0.16,1308.62,276.57,2024-01-25,4,389.47
O24-004098,CUST00712,P0044,East,0.05,44.49,8.08,2024-06-30,3,15.61
O24-005601,CUST00605,P0026,West,0.16,1340.01,173.65,2024-05-09,3,531.75
O24-009868,CUST00832, P0002 ,West,0.08,1982.78,407.63,2024-03-12,4,538.8
O24-005596,CUST01483,P0003,North,0.1,3640.38,953.16,2024-01-21,3,1348.29
O24-003466,CUST01325,P0022,East,0.36,1330.12,139.33,2024-04-10,3,692.77
O24-001169,CUST01352,P0001,East,0.11,2159.94,508.85,2024-07-17,2,1213.45
O24-002280,CUST00598,P0035,West,0.05,30.78,6.31,2024-02-03,8,4.05
O24-000501,CUST01423,P0019  ,West,0.14,346.71,46.64,2024-10-25,1,403.15
O24-001941,CUST00261,P0040,North,0.24,11.99,1.67,2024-06-12,1,15.77
O24-005837,CUST01324,P0004,South,0.08,2384.36,531.01,2024-12-01,3,863.9
O24-006996,CUST00605,P0044,East,0.04,57.45,13.15,2024-05-04,4,14.96
O24-009858,CUST00003,P0020,West,0.01,1858.21,397.8,2024-12-04,7,268.14
O24-000994,CUST00511,P0039,East,0.06,26.62,4.71,2024-09-26,2,14.16
O24-004421,CUST00879,P0015,South,0.22,81.7,10.95,2024-07-07,2,52.37
O24-003039,CUST00897,P0013,West,0.01,78.29,22.07,2024-09-15,4,19.77
O24-007652,CUST00879,P0015,North,0.14,46.75,10.53,2024-12-24,1,54.36
O24-006819,CUST01387,P0040,East,0.05,43.78,9.35,2024-10-17,3,15.36
O24-004132,CUST00778,P0045,West,0.25,6.08,0.83,2024-10-27,3,2.7
O24-008346,CUST00732,P0010,East,0.1,341.42,77.21,2024-07-20,4,94.84
O24-004854,CUST00578,P0023,West,0.1,471.73,69.45,2024-12-07,2,262.07
O24-007296,CUST00943,P0037,South,0.22,10.49,0.88,2024-08-11,1,13.45
O24-005291,CUST00593,P0047,South,0.2,15.58,1.6,2024-06-12,2,9.74
O24-007130,CUST00241,P0007,East,0,206.67,61.34,2024-08-14,1,206.67
O24-001224,CUST00149,P0015,South,0.12,45.65,9.21,2024-11-15,1,51.88
O24-002957,CUST00342,P0001,South,0.22,918.33,152.67,2024-11-27,1,1177.34
O24-002918,CUST00296,P0045,West,0.18,6.17,1.05,2024-05-27,3,2.51
O24-007762,CUST01197,P0019,North,0,1347.8,193.38,2024-09-12,4,401.13
O24-009401,CUST00659,P0031,South,0.18,888.55,31,2024-06-30,4,270.9
O24-009464,CUST00399,P0048,West,0.3,4.3,0.58,2024-12-01,3,2.05
O24-009624,CUST00011,P0012,West,0.12,17.4,4.43,2024-07-19,1,19.77
O24-009384,CUST00830,P0047,East,0.16,8.52,1.19,2024-06-06,1,10.14
O24-000542,CUST00178,P0016,North,0.09,56.02,16.05,2024-09-12,1,61.56
O24-007636,CUST00755,P0020,West,0.1,244.66,30.26,2024-05-05,1,271.84
O24-006462,CUST00026,P0042  ,East,0.03,165.75,32.39,2024-12-13,6,28.48
O24-006248,CUST00592,P0045,West,0.12,2.2,0.42,2024-03-11,1,2.5
O24-000285,CUST00261,P0036,South,0.19,54.65,6.69,2024-10-09,3,22.49
O24-009506,CUST01129,P0033,North,0.06,39.28,7.66,2024-03-16,3,13.93
O24-003298,CUST00527,P0046,South,0.16,4.99,0.59,2024-04-20,2,2.97
O24-006572,CUST00494,P0005,East,0.14,3135.63,652.18,2024-03-02,8,455.76
O24-003638,CUST00939,P0011,East,0.12,457.93,108.39,2024-12-12,6,86.73
O24-000844,CUST01062,P0003,North,0.19,2149.09,414.16,2024-06-05,2,1326.6
O24-003238,CUST01381,P0046,East,0.2,12.12,2.1,2024-04-07,5,3.03
O24-004857,CUST00425,P0004,West,0.04,858.09,236,2024-03-27,1,893.84
O24-003500,CUST00494,P0013,East,0.08,35.77,8.73,2024-07-21,2,19.44
O24-006027,CUST00793,P0044,East,0.13,39.85,7.39,2024-01-10,3,15.27
O24-004730,CUST00989,P0022,North,0.32,924.81,78.7,2024-08-26,2,680.01
O24-003146,CUST00253,P0001,East,0.16,2051.38,476.66,2024-11-30,2,1221.06
O24-003778,CUST01076,P0036,South,0.07,38.35,5.63,2024-11-07,2,20.62
O24-005621,CUST00124,P0009,West,0.14,41.13,8.64,2024-05-22,2,23.91
O24-006522,CUST01053,P0020,East,0.15,930.04,140.7,2024-07-08,4,273.54
O24-003084,CUST00861,P0010,West,0.08,172.1,45.75,2024-01-31,2,93.5326087
O24-008320,CUST01301,P0022,East,0.12,579.58,67.63,2024-09-27,1,658.61
O24-009109,CUST00156,P0013,West,0.19,163.94,39.07,2024-01-23,10,20.24
O24-000030,CUST00910,P0006,East,0.1,1671.75,399.02,2024-11-14,5,371.5
O24-005629,CUST00630,P0016,East,0.05,182.51,50.61,2024-03-29,3,64.04
O24-000222,CUST00985,P0007,North,0.17,174.47,41.96,2024-12-13,1,210.21
O24-007424,CUST01490,P0041,West,0.11,119.94,24.59,2024-01-09,4,33.69
O24-007666,CUST00366,P0042,East,0.14,23.65,3.52,2024-01-10,1,27.5
O24-000601,CUST00631,P0026,North,0.04,1503.91,182.73,2024-12-27,3,522.19
O24-009067,CUST00413,P0033,West,0.21,30.72,5.64,2024-12-09,3,12.96
O24-000568,CUST00260,P0014,South,0.13,70.56,13.16,2024-05-28,2,40.55
O24-006895,CUST00239,P0005,North,0,1778.84,450.99,2024-10-01,4,444.71
O24-006555,CUST01196,P0013,West,0.06,70.42,15.51,2024-01-29,4,18.73
O24-000136,CUST01038,P0011,North,0.11,453.53,97.15,2024-05-20,6,84.93
O24-002915,CUST00239,P0003,West,0.06,8232.37,1887.78,2024-12-20,6,1459.64
O24-000875,CUST00539,P0012,West,0.16,33.16,7.95,2024-04-10,2,19.73809524
O24-000206,CUST00515,P0006,East,0.08,2137.07,508.24,2024-06-21,6,387.15
O24-000705,CUST00500,P0044,North,0.09,13.77,2.38,2024-12-30,1,15.13
O24-005671,CUST00060,P0042,East,0.08,78.66,13.91,2024-05-27,3,28.5
O24-008686,CUST01229,P0040,North,0.21,36,6.99,2024-07-15,3,15.19
O24-003392,CUST00451,P0010,West,0.14,396.07,104.39,2024-11-03,5,92.11
O24-008811,CUST00338,P0011,West,0.07,171.01,49.55,2024-11-07,2,91.94
O24-000325,CUST00622,P0034,West,0.1,8.84,1.75,2024-10-31,1,9.82
O24-008229,CUST01471,P0044,North,0.05,42.66,6.79,2024-10-08,3,14.97
O24-007383,CUST00363,P0009,South,0.07,22.02,4.45,2024-03-10,1,23.68
O24-001048,CUST00533,P0021,West,0.31,1071.39,119.3,2024-04-15,7,221.82
O24-000596,CUST01426,P0004,South,0.18,777.85,161.31,2024-01-03,1,948.6
O24-006611,CUST01241,P0001,East,0.27,3469.6,690.42,2024-12-14,4,1188.22
O24-007218,CUST01288,P0024,East,0.17,1074.3,166.17,2024-11-23,2,647.17
O24-008555,CUST00391,P0041,East,0.12,137.19,19.78,2024-02-14,5,31.18
O24-006053,CUST00090,P0001,North,0.08,2126.43,476.93,2024-02-10,2,1155.67
O24-005367,CUST00599,P0007,East,0.15,1413.31,335.02,2024-11-05,8,207.84
O24-007829,CUST01278,P0008,East,0.07,557.15,141.5,2024-09-29,1,599.09
O24-004598,CUST00551,P0007,South,0.22,622.69,102.29,2024-08-12,4,199.58
O24-009571,CUST00115,P0004,West,0.03,4281.82,1062.01,2024-11-27,5,882.85
O24-001904,CUST00773,P0006,North,0.05,1452.21,403.08,2024-10-30,4,382.16
O24-006850,CUST01238,P0048,East,0.1,18.45,3.59,2024-10-27,10,2.05
O24-004683,CUST00736,P0009,East,0.03,23.64,6.15,2024-02-12,1,24.37
O24-004329,CUST00754,P0019,North,0.24,303.91,32.87,2024-12-18,1,399.88
O24-000970,CUST00243,P0041,South,0.4,117.76,8.66,2024-07-22,6,32.71
O24-002400,CUST01494,P0012,North,0.13,16.87,4.34,2024-06-09,1,19.39
O24-000659,CUST00079,P0007,East,0.13,932.64,212.17,2024-03-24,5,214.4
O24-001366,CUST00823,P0031,West,0.11,464.97,61.49,2024-05-31,2,261.22
O24-000380,CUST00932,P0014,South,0.16,104.03,18.65,2024-01-08,3,41.28
O24-003328,CUST01112,P0045,West,0.13,2.3,0.34,2024-01-18,1,2.64
O24-004376,CUST00712,P0006,South,0.16,658.48,140.6,2024-08-23,2,391.95
O24-000438,CUST00549,P0014,South,0.12,35.05,7.75,2024-11-14,1,39.83
O24-007005,CUST01455,P0025,East,0.27,1545.94,129.64,2024-08-11,4,529.43
O24-003227,CUST00981,P0013,South,0.19,16.53,3.91,2024-06-09,1,20.41
O24-009438,CUST01416,P0032,East,0.31,698.82,77.8,2024-09-08,2,506.39
O24-008477,CUST00134,P0008,West,0.05,1643.6,405.38,2024-12-29,3,576.7
O24-005156,CUST01187,P0028,North,0.35,1453.14,134.33,2024-09-19,5,447.12
O24-000571,CUST00472,P0001,West,0.11,2050.4,508.41,2024-08-28,2,1151.91
O24-009665,CUST00750,P0034,East,0.06,39.07,7.73,2024-07-30,4,10.39
O24-008370,CUST01222,P0041,West,0.13,29.1,4.73,2024-01-28,1,33.45
O24-004249,CUST01204,P0030,South,0.13,265.36,25.24,2024-07-14,3,101.6704981
O24-001770,CUST00538,P0010,South,0.22,71.95,12.76,2024-03-27,1,92.24
O24-007558,CUST00525,P0019,East,0.05,754.43,87.35,2024-10-13,2,397.07
O24-003533,CUST00513,P0045,East,0.04,2.52,0.46,2024-12-01,1,2.625
O24-004585,CUST00488,P0013,East,0.08,53.13,11.36,2024-06-02,3,19.25
O24-003361,CUST00909,P0036,East,0.04,56.28,8.98,2024-04-04,3,19.54
O24-003267,CUST00443,P0017,South,0.12,606.28,60.94,2024-07-13,3,229.65
O24-002449,CUST00009,P0031,South,0.39,320.91,22.6,2024-01-17,2,263.04
O24-009607,CUST00030,P0001,West,0.19,1800.34,386.87,2024-03-26,2,1111.32
O24-009545,CUST00311,P0001,West,0.16,1950.65,442.96,2024-12-21,2,1161.1
O24-008539,CUST00989,P0004,North,0.18,2151.47,389.6,2024-01-10,3,874.58
O24-006630,CUST00439,P0007,West,0.16,521.16,131.74,2024-04-30,3,206.81
O24-005363,CUST01435,P0008,West,0.07,1058.15,272.99,2024-11-28,2,568.9
O24-002793,CUST00890,P0012,South,0.11,34.41,6.13,2024-07-10,2,19.33
O24-004062,CUST00127,P0003,North,0.13,1221.02,288.4,2024-07-24,1,1403.47
O24-000106,CUST00228,P0012,East,0.06,109.98,22.85,2024-01-26,6,19.5
O24-004227,CUST00856,P0013,East,0.18,31.91,7.14,2024-02-05,2,19.45731707
O24-006250,CUST01395,P0034,South,0.05,104.5,12.57,2024-01-07,11,10
O24-002378,CUST00878,P0044,North,0.06,13.54,2.63,2024-04-18,1,14.4
O24-002464,CUST01077,P0019  ,North,0.26,607.92,38.51,2024-03-25,2,410.76
O24-008804,CUST00450,P0035,South,0.16,17.93,2.65,2024-02-04,5,4.27
O24-009086,CUST00154,P0001,East,0.16,3011.85,715.94,2024-02-12,3,1195.18
O24-008090,CUST00499,P0007,East,0.08,393.15,69.95,2024-04-24,2,213.67
O24-007399,CUST01448,P0017,South,0.31,294.71,1.14,2024-05-18,2,213.56
O24-009381,CUST01098,P0001,West,0.13,3002.6,615.76,2024-05-07,3,1150.42
O24-000787,CUST00499,P0019,East,0.09,712.38,82.27,2024-07-31,2,391.42
O24-008916,CUST01266,P0020,East,0.13,1151.53,159.89,2024-03-16,5,264.72
O24-000537,CUST00607,P0047,East,0.17,16.85,2.94,2024-04-30,2,10.15
O24-000716,CUST00361,P0025,West,0.18,1235.41,74.83,2024-07-13,3,502.2
O24-002672,CUST01117,P0034,West,0.07,28.57,4.13,2024-07-31,3,10.24
O24-005897,CUST01073,P0012,West,0.18,32.24,7.64,2024-03-31,2,19.66
O24-004653,CUST00078,P0004,East,0,2680.11,741.92,2024-09-30,3,893.37
O24-008724,CUST00366,P0027,West,0.1,565.6,81.66,2024-03-05,5,125.69
O24-008207,CUST01263,P0028,West,0,2706.48,472.74,2024-01-29,6,451.08
O24-001784,CUST00855,P0022,East,0.22,1029.62,104.66,2024-08-15,2,660.01
O24-006574,CUST00274,P0011,North,0,502.14,148.46,2024-09-15,6,83.69
O24-008637,CUST01000,P0024,South,0.11,2822.06,248.85,2024-03-17,5,634.17
O24-008423,CUST01131,P0036,South,0.16,50.88,7.4,2024-12-02,3,20.19
O24-005178,CUST00592,P0036  ,East,0.06,57.78,13.47,2024-11-20,3,20.49
O24-002274,CUST00162,P0010,South,0.4,218.54,31.7,2024-11-26,4,91.06
O24-009252,CUST00862,P0035,West,0.04,11.98,2.56,2024-08-12,3,4.16
O24-000594,CUST00610,P0016  ,East,0.11,53.39,10.73,2024-09-06,1,59.99
O24-004484,CUST00046,P0010,South,0.23,210.56,39.49,2024-05-28,3,91.15
O24-004833,CUST01152,P0032,East,0.18,787.22,142.34,2024-03-03,2,480.01
O24-004028,CUST00098,  P0025,North,0.1,4629.24,690.37,2024-01-26,10,514.36
O24-007592,CUST01267,P0042,West,0.09,27.29,4.91,2024-12-31,1,29.99
O24-007555,CUST00806,P0038,East,0.11,63.86,8.42,2024-08-31,5,14.35
O24-009647,CUST00350,P0016,West,0.18,105.06,27.74,2024-05-21,2,64.06
O24-006951,CUST00535,P0027,South,0.21,97.26,6.66,2024-01-22,1,123.11
O24-002686,CUST00371,P0033,West,0.04,127.1,19.63,2024-02-03,10,13.24
O24-002258,CUST00997,P0009,North,0.08,21.84,5.17,2024-11-09,1,23.74
O24-008917,CUST00169,P0019,North,0.34,1063.66,101,2024-06-20,4,402.9015152
O24-001547,CUST00646,P0008,East,0.28,1749.2,271.61,2024-01-13,4,607.36
O24-000569,CUST00350,P0038  ,South,0.23,86.55,8.75,2024-06-20,8,14.05
O24-004502,CUST00190,P0042,West,0.08,54.63,6.64,2024-04-20,2,29.69
O24-003023,CUST00789,P0006,South,0.19,328.97,49.25,2024-02-28,1,406.13
O24-009241,CUST00853,P0004,North,0.09,2577.39,674.01,2024-10-24,3,944.1
O24-005785,CUST00445,P0015,East,0.11,92.61,26.15,2024-08-24,2,52.03
O24-000864,CUST01293,P0045,East,0.12,13.52,2.94,2024-03-24,6,2.56
O24-007348,CUST01158,P0016,West,0.17,53.43,10.76,2024-10-24,1,64.37
O24-008530,CUST00748,P0016,West,0.13,547.23,148.4,2024-06-01,10,62.9
O24-001512,CUST00600,P0038,West,0.1,36.1,6.33,2024-04-12,3,13.37
O24-009489,CUST01203,P0040,North,0.08,88.26,14.85,2024-11-01,6,15.99
O24-000818,CUST00495,P0036,North,0.1,18.46,3.83,2024-12-10,1,20.51
O24-004253,CUST00854,P0005,South,0.21,1082.31,151.77,2024-06-27,3,456.67
O24-007283,CUST00526,P0027,East,0.07,116.28,20.08,2024-07-31,1,125.0322581
O24-002759,CUST00233,P0002,East,0.34,1070.23,189.62,2024-08-06,3,540.52
O24-004852,CUST01438,P0035,East,0,11.26,2.29,2024-11-27,3,4.17
O24-005003,CUST00570,P0014,North,0,160.13,42.58,2024-12-31,4,41.27
O24-004325,CUST00802,P0043,West,0.18,187.11,25.83,2024-07-10,6,38.03
O24-000065,CUST01207,P0007,East,0.14,537.03,122.18,2024-07-31,3,208.15
O24-001390,CUST00820,P0011,East,0.05,83.9,21.22,2024-06-07,1,88.32
O24-006148,CUST00501,P0040,South,0.13,27.53,3.28,2024-08-26,2,15.82
O24-003892,CUST00095,P0016,East,0.06,304.7,72.24,2024-09-02,5,64.83
O24-002424,CUST00189,P0015,West,0.06,49.96,12.87,2024-02-28,1,53.15
O24-007247,CUST00459,P0039,East,0.15,23.73,4.73,2024-10-22,2,13.95882353
O24-000363,CUST00527,P0006,North,0.23,2273.04,394.31,2024-06-06,8,369
O24-006865,CUST00649,P0012,West,0.37,36.7,4.87,2024-12-09,3,19.42
O24-008376,CUST00187,P0006,West,0.16,600.72,120.69,2024-03-18,2,357.57
O24-005898,CUST00963,P0012,East,0.11,33.43,7.53,2024-08-08,2,18.78
O24-009646,CUST00716,P0038,East,0.15,46.89,7.96,2024-07-10,4,13.79
O24-009374,CUST00887,P0008,North,0.05,1158.33,242.4,2024-05-13,2,609.65
O24-009380,CUST00032,P0002,North,0.1,984.82,287.19,2024-05-02,2,547.12
O24-001399,CUST00661,P0011,East,0.14,146.92,33.84,2024-11-22,2,85.42
O24-006687,CUST00353,P0037,West,0.09,12.59,2.38,2024-04-08,1,13.84
O24-000829,CUST00128,P0006,North,0.34,234.85,41.73,2024-12-17,1,355.84
O24-006035,CUST01361,P0042,West,0.08,55.24,11.25,2024-07-05,2,30.02
O24-000082,CUST01476,P0001,East,0.08,8454.73,1810.39,2024-02-23,8,1148.74
O24-004716,CUST01050,P0008,North,0.26,1315.55,240.24,2024-07-18,3,592.59
O24-008728,CUST01000,P0004  ,West,0.12,1521.19,329.02,2024-03-14,2,864.3125
O24-008973,CUST01292,P0039,East,0.18,23.21,4.55,2024-01-15,2,14.15
O24-004169,CUST00609,P0044,West,0.08,14.13,2.36,2024-11-23,1,15.36
O24-007015,CUST00332,P0014,East,0.07,228.78,52.27,2024-05-01,6,41
O24-005021,CUST00045,P0021,South,0.07,210.13,14.38,2024-10-18,1,225.95
O24-005040,CUST00868,P0048,South,0.05,2.14,0.43,2024-01-26,1,2.25
O24-003992,CUST00262,P0022,West,0.14,1155.2,150.04,2024-08-12,2,671.63
O24-002498,CUST00288,P0047,North,0.1,8.91,1.39,2024-05-31,1,9.9
O24-002921,CUST00615,P0011,West,0.08,163.87,38.45,2024-05-06,2,89.06
O24-007093,CUST00968,P0035,East,0.14,7.41,1.43,2024-01-22,2,4.31
O24-007991,CUST00498,P0016,North,0.1,296.1,63.89,2024-10-01,5,65.8
O24-007995,CUST00432,P0009,East,0.15,99.75,22.74,2024-01-16,5,23.47
O24-008101,CUST00381,P0002,South,0.4,1574.58,182.63,2024-07-15,5,524.86
O24-009835,CUST01012,P0047,East,0.1,28.62,5.07,2024-07-31,3,10.6
O24-001659,CUST00515,P0021,South,0.12,929.15,84.71,2024-01-22,5,211.17
O24-005183,CUST00904,P0021,East,0.15,194.15,29.22,2024-01-06,1,228.41
O24-000592,CUST00634,P0039,South,0.1,48.17,6.66,2024-07-26,4,13.38
O24-007343,CUST00700,P0011,West,0.05,675.11,159.31,2024-09-02,8,88.83
O24-003265,CUST00071,P0043,East,0.26,29.43,4.43,2024-04-03,1,39.77
O24-000879,CUST01136,P0037,East,0.17,46.11,8.78,2024-11-15,4,13.89
O24-009104,CUST00872,P0014,North,0,166.8,36.28,2024-06-16,4,41.7
O24-005423,CUST00153,P0035,West,0.19,10.13,1.91,2024-06-15,3,4.17
O24-007396,CUST01293,P0046,East,0.1,8.05,1.26,2024-03-28,3,2.98
O24-002492,CUST00109,P0002,West,0.16,470.56,95.72,2024-01-20,1,560.19
O24-009742,CUST00710,P0044,West,0.31,41.9,7.92,2024-04-27,4,15.18
O24-006810,CUST00322,P0040,West,0.2,47.84,8.7,2024-04-27,4,14.95
O24-002041,CUST00492,P0026,East,0.13,426.53,62.19,2024-09-03,1,490.26
O24-008514,CUST00282,P0007,West,0.11,364.21,96.21,2024-08-29,2,204.61
O24-008009,CUST01022,P0038,East,0.1,86.12,16.56,2024-07-29,7,13.67
O24-009962,CUST01067,P0020,West,0.22,1642.87,113.35,2024-11-09,8,263.28
O24-009882,CUST00968,P0006,West,0.05,359.25,86.39,2024-08-11,1,378.16
O24-005013,CUST00403,P0011,North,0.08,79.7,20.81,2024-01-26,1,86.63
O24-009819,CUST00026,P0031,West,0.03,1881.1,291.22,2024-03-15,7,277.04
O24-002739,CUST00296,P0023,East,0.3,577.63,32.03,2024-03-06,3,275.06
O24-008060,CUST00997,P0016,West,0.13,288.4,62.05,2024-10-25,5,66.3
O24-004387,CUST00615,P0004,West,0.15,3945.06,859.87,2024-03-04,5,928.25
O24-001506,CUST00137,P0046,East,0.13,11,1.84,2024-06-05,4,3.16
O24-000708,CUST00350,P0014,West,0.1,74.14,16.32,2024-07-16,2,41.19
O24-005635,CUST01108,P0017,East,0,833.96,122.69,2024-04-11,4,208.49
O24-000394,CUST00489,P0007,South,0.18,341.73,67.85,2024-12-15,2,208.37
O24-008615,CUST01240,P0034,West,0.2,8.04,1.09,2024-08-03,1,10.05
O24-000466,CUST01491,P0040,North,0.1,139.14,26.8,2024-04-08,10,15.46
O24-005818,CUST00999,P0034,West,0.08,96.95,17.36,2024-02-10,11,9.58
O24-006378,CUST01168,P0010,East,0.34,114.77,17.52,2024-06-30,2,86.95
O24-008629,CUST01365,P0010,East,0.02,93.18,24.77,2024-11-17,1,95.08
O24-001468,CUST00354,P0001,North,0.11,3206.67,696.43,2024-10-15,3,1201
O24-006274,CUST00786,P0010,North,0.3,132.78,20.03,2024-04-11,2,94.84285714
O24-006863,CUST00824,P0042,West,0.16,149.64,28.24,2024-08-07,6,29.69
O24-003125,CUST00767,P0004,East,0.08,2408.24,622.53,2024-05-21,3,872.55
O24-008684,CUST00951,P0021,South,0.16,190.58,4.63,2024-08-20,1,226.88
O24-007019,CUST00772,P0035,North,0.22,3.07,0.49,2024-07-12,1,3.94
O24-007388,CUST01494,P0045,North,0.07,2.43,0.43,2024-11-14,1,2.61
O24-007006,CUST00075,P0005,North,0.08,1745.42,466.95,2024-06-29,4,474.3
O24-006198,CUST00830,P0014,East,0.22,179.99,38.8,2024-11-02,6,38.46
O24-002187,CUST01475,P0023,South,0.15,900.73,62.38,2024-10-06,4,264.92
O24-008452,CUST01118,P0048,North,0.08,1.97,0.27,2024-02-04,1,2.14
O24-001279,CUST01097,P0011,North,0.08,236.48,57.77,2024-07-29,3,85.68
O24-002223,CUST00911,P0039,West,0.14,58.65,7.89,2024-06-01,5,13.64
O24-007915,CUST00531,P0008,East,0.12,1524.89,436,2024-12-23,3,577.61
O24-005083,CUST00915,P0047,South,0.15,27.72,4.17,2024-10-22,3,10.87
O24-008753,CUST01499,  P0002,West,0.12,969.09,216.66,2024-10-19,2,550.62
O24-003560,CUST00270,P0020,South,0.08,240.75,19.16,2024-11-14,1,261.68
O24-006402,CUST00281,P0031,West,0.05,249.98,43.65,2024-11-07,1,263.14
O24-006426,CUST00942,P0002,South,0.09,1531.31,338.36,2024-08-23,3,560.92
O24-001983,CUST01127,P0026,West,0.25,370.78,24.6,2024-07-30,1,494.3733333
O24-008498,CUST01191,P0002,North,0.19,877.59,191.18,2024-07-27,2,541.72
O24-003326,CUST01109,P0024,North,0.08,1779.12,242.2,2024-06-09,3,644.61
O24-003479,CUST01245,P0025,North,0,1560.27,246.21,2024-01-13,3,520.09
O24-009107,CUST00921,P0004,East,0.05,2571.87,655.3,2024-02-29,3,902.41
O24-004827,CUST00469,P0037,South,0.16,45.43,4.26,2024-12-19,4,13.52
O24-007124,CUST00460,P0010,North,0.16,588.54,134.83,2024-03-05,8,87.58
O24-003013,CUST00952,P0022,North,0.05,653.79,104.89,2024-04-20,1,688.2
O24-007147,CUST01235,P0012,North,0.05,19.56,5.24,2024-09-12,1,20.59
O24-006568,CUST00625,P0036,North,0.1,18.45,2.76,2024-05-11,1,20.5
O24-008186,CUST00085,P0009,East,0.08,68.17,17.34,2024-07-19,3,24.7
O24-005843,CUST00759,P0012,West,0.06,37.52,8.52,2024-05-08,2,19.96
O24-009907,CUST01219,  P0021,West,0.14,591.8,84.45,2024-08-12,3,229.38
O24-005699,CUST00601,P0048,West,0.09,3.8,0.49,2024-09-02,2,2.09
O24-007565,CUST01173,P0043,East,0.12,365.46,85.78,2024-05-21,10,41.53
O24-007646,CUST01496,P0046,East,0.1,2.88,0.51,2024-04-08,1,3.2
O24-001502,CUST01129,P0003,North,0.15,1157.32,284.04,2024-12-15,1,1361.55
O24-002404,CUST00124,P0003,East,0.15,3618.14,713.08,2024-07-02,3,1418.88
O24-004587,CUST00752,P0034,North,0.09,28.06,5.07,2024-04-21,3,10.28
O24-003473,CUST00855, P0012 ,West,0.12,71,16.59,2024-11-14,4,20.17
O24-000907,CUST01347,P0029,West,0.07,1038.44,160.44,2024-02-20,4,279.15
O24-009085,CUST00999,P0010,North,0.13,315.5,82.55,2024-10-07,4,90.66
O24-006359,CUST00292,P0048,North,0.05,2.14,0.41,2024-10-15,1,2.25
O24-007545,CUST00947,P0041,East,0.04,193.36,23.7,2024-05-15,6,33.57
O24-009728,CUST00123,P0010,West,0.06,87.83,23.46,2024-12-14,1,93.44
O24-003623,CUST00289,P0027,South,0.03,371,47.52,2024-07-01,3,127.49
O24-006183,CUST00038,P0023,South,0.34,175.01,7.59,2024-03-18,1,265.17
O24-006333,CUST00770,P0036,North,0.12,111.2,22.07,2024-10-22,6,21.06
O24-004000,CUST00094,P0022,North,0.06,1922.79,328.13,2024-10-27,3,681.84
O24-007551,CUST00690,P0015,North,0.08,48.73,10.43,2024-03-31,1,52.97
O24-006083,CUST00872,P0016,West,0.02,64.42,19.33,2024-07-14,1,65.73
O24-003385,CUST00061,P0004,North,0.14,2365.76,588.95,2024-05-21,3,916.96
O24-005824,CUST01255,P0002,North,0.08,940.13,212.49,2024-04-27,2,510.94
O24-003591,CUST00448,P0029,North,0.19,987.81,112.77,2024-02-24,4,304.88
O24-002033,CUST01394,P0009,West,0.05,182.7,54.81,2024-07-11,8,24.04
O24-006896,CUST01432,P0002,West,0.16,868.27,229.58,2024-06-03,2,516.83
O24-000536,CUST01374,P0016,East,0.06,116.77,31.59,2024-08-23,2,62.11
O24-008323,CUST00385,  P0001,South,0.11,8329.19,1709.5,2024-03-12,8,1169.83
O24-001112,CUST01385,P0020,South,0.13,678.42,42.21,2024-07-24,3,259.93
O24-009321,CUST00529,P0040,East,0.35,20.85,1.75,2024-02-05,2,16.04
O24-002290,CUST00854,P0003,East,0.18,2330.11,625.22,2024-08-15,2,1420.8
O24-001218,CUST00909,P0044,South,0.13,12.79,1.88,2024-09-01,1,14.7
O24-009937,CUST00119,P0009,East,0.13,40.33,9.17,2024-01-25,2,23.18
O24-002100,CUST01289,P0040,North,0.14,12.63,2.63,2024-01-05,1,14.69
O24-009225,CUST00731,P0010,East,0,94.47,23.24,2024-07-01,1,94.47
O24-001196,CUST00468,P0013,North,0.37,12.52,1.62,2024-09-28,1,19.87
O24-004163,CUST00694,P0007,West,0.09,183.29,43.2,2024-03-07,1,201.42
O24-006325,CUST00442,P0005,West,0.38,872.06,136.73,2024-01-06,3,468.85
O24-008081,CUST00172,P0029,East,0.13,257.29,38.2,2024-03-03,1,295.74
O24-007720,CUST00565,P0018  ,South,0.1,1184.71,87.39,2024-11-26,3,438.78
O24-009521,CUST01248,P0020,East,0.12,239.43,40.14,2024-08-16,1,272.08
O24-001696,CUST00823,P0034  ,North,0.09,68.65,13.37,2024-01-29,8,9.43
O24-008844,CUST00178,P0015,South,0.18,128.51,19.86,2024-10-17,3,52.24
O24-003073,CUST00438,P0048,East,0.18,1.84,0.31,2024-07-29,1,2.24
O24-008105,CUST00770,P0042,North,0.08,137.72,20.65,2024-08-14,5,29.94
O24-009886,CUST00820,P0024,North,0.08,601.58,110.37,2024-02-08,1,653.89
O24-007664,CUST00370,P0038,North,0.15,36.62,7.18,2024-07-02,3,14.36
O24-004725,CUST00188,P0036,South,0.1,56.4,9.87,2024-01-24,3,20.89
O24-005219,CUST01081,P0029,West,0.2,233.86,18.54,2024-12-12,1,292.325
O24-005194,CUST00954,P0015,East,0.07,98.9,21.66,2024-09-07,2,53.17
O24-005820,CUST00476,P0006,East,0.02,1118.73,253.6,2024-07-26,3,380.52
O24-000141,CUST01110,P0003,North,0.07,1306.05,275.1,2024-06-04,1,1404.36
O24-000123,CUST00909,P0038,North,0.03,79.56,17.85,2024-09-16,6,13.67
O24-004295,CUST00984,P0031,East,0.08,233,34.38,2024-06-03,1,253.26
O24-000131,CUST00243,P0018,North,0.37,1028.74,100.85,2024-03-13,4,408.23
O24-008928,CUST00260,P0029,North,0.13,1221.39,156.06,2024-10-12,5,280.78
O24-004635,CUST00156,P0016,East,0.08,115.86,30.63,2024-06-05,2,62.97
O24-001948,CUST01040,P0040,North,0.09,87.91,14.72,2024-12-06,6,16.1
O24-007418,CUST00259,P0034  ,North,0.18,17.15,2.66,2024-07-16,2,10.46
O24-003556,CUST00233,P0046,East,0.06,16.98,3.54,2024-06-21,6,3.01
O24-004454,CUST00965,P0003,East,0.06,3935.76,973.81,2024-05-21,3,1395.66
O24-002573,CUST01196,P0024,North,0.09,3796.06,526.1,2024-08-22,6,695.25
O24-003549,CUST01154,P0045,South,0.12,9.08,1.25,2024-04-12,4,2.58
O24-009304,CUST00621,P0041,South,0.29,23.06,2.83,2024-01-06,1,32.48
O24-004762,CUST00860,P0037,East,0.09,12.59,1.93,2024-11-29,1,13.83
O24-005407,CUST00143,P0023,East,0.03,765.13,107.51,2024-12-13,3,262.93
O24-000780,CUST00173,P0025,North,0.11,1839.38,246.87,2024-11-05,4,516.68
O24-002376,CUST01125,P0036,East,0.08,53.16,10.86,2024-03-10,3,19.26
O24-000202,CUST01387,P0009,West,0.06,44.27,11.29,2024-03-08,2,23.55
O24-006813,CUST01386,P0006,North,0.1,720.77,168.71,2024-12-20,2,400.43
O24-002924,CUST00784,P0004,North,0,773.04,168.63,2024-11-03,1,931.37
O24-000938,CUST00351,P0038,East,0.38,8.72,0.44,2024-12-30,1,14.06
O24-008878,CUST00206,P0010,East,0.18,226.3,44.92,2024-05-05,3,91.99
O24-006371,CUST01071,P0046,North,0.09,14.01,2.45,2024-05-22,5,3.08
O24-006550,CUST01119,P0013,East,0.05,53.27,14.44,2024-11-24,3,18.69
O24-006409,CUST00789,P0026,North,0.16,1308.28,174.14,2024-11-19,3,519.16
O24-001064,CUST01000,P0006,North,0.11,683.47,145.26,2024-02-06,2,383.97
O24-002586,CUST01403,P0005,East,0.09,427.62,111.57,2024-08-07,1,469.91
O24-004843,CUST00740,P0004,South,0.13,2205.45,437.45,2024-11-07,3,845
O24-000188,CUST00411,P0033,East,0.24,28.91,2.17,2024-03-20,3,12.68
O24-008067,CUST00778,P0013,North,0.11,36.53,9.87,2024-09-29,2,20.52247191
O24-008783,CUST00718,P0016,East,0.07,120.36,27.34,2024-10-03,2,64.71
O24-008937,CUST00390,P0037,North,0.1,24.57,4.61,2024-12-07,2,13.65
O24-008224,CUST00752,P0034,East,0.13,17.63,3.11,2024-07-20,2,10.13
O24-005741,CUST00160,P0009,East,0.14,20.98,4.54,2024-08-24,1,24.4
O24-003534,CUST00743,P0030,East,0.12,81.28,11.59,2024-10-27,1,92.36
O24-005943,CUST00588,P0041,West,0.05,60.76,12,2024-10-20,2,31.98
O24-002770,CUST00240,  P0010,West,0.09,83.88,19.6,2024-12-18,1,92.18
O24-005999,CUST01374, P0013 ,North,0.1,17.24,3.35,2024-05-16,1,19.16
O24-007700,CUST01257,P0017,North,0.09,191.66,27.42,2024-02-11,1,210.61
O24-009600,CUST01352,P0012,East,0.06,54.91,13.14,2024-02-19,3,19.47
O24-008755,CUST01167,P0012,North,0.14,149.36,28.6,2024-03-30,8,21.71
O24-003684,CUST01322,P0043,West,0.25,29.15,3.36,2024-01-05,1,38.87
O24-003619,CUST00428,P0014,West,0,40.15,10.02,2024-11-25,1,40.15
O24-005343,CUST00738,P0046,West,0.15,2.63,0.23,2024-06-05,1,3.09
O24-006941,CUST00922,P0028,West,0.08,4008.44,616.47,2024-12-03,10,435.7
O24-005088,CUST00630,P0005,East,0.04,1339.8,333.15,2024-11-14,3,465.21
O24-002699,CUST01018,P0035,South,0.24,12.19,1.31,2024-07-18,4,4.01
O24-005719,CUST01063,P0017,East,0.32,143,4.68,2024-08-28,1,210.29
O24-007625,CUST01169,P0039,East,0.11,64.04,12.4,2024-12-31,5,14.39
O24-000803,CUST01019,P0019,East,0.29,1137.85,109.03,2024-12-05,4,400.65
O24-002518,CUST00789,P0015,East,0.12,96.52,20.78,2024-05-31,2,54.84
O24-003340,CUST00688,P0046,West,0.16,10.18,1.57,2024-07-13,4,3.03
O24-003787,CUST00125,P0027,West,0.12,110.57,21.41,2024-08-11,1,125.65
O24-007370,CUST01045,P0038,South,0,74.81,10.74,2024-10-27,6,14.01
O24-001804,CUST00625,P0011,West,0.06,238.91,63.45,2024-11-15,3,84.72
O24-000284,CUST01421,P0006,North,0,731.12,157.86,2024-05-19,2,397.35
O24-001680,CUST01358,P0045,South,0,11.56,1.57,2024-06-13,5,2.54
O24-002228,CUST00050,P0048,East,0.25,3.4,0.51,2024-07-29,2,2.27
O24-000552,CUST00496,P0028,North,0.02,872.42,145.39,2024-02-08,2,445.11
O24-004866,CUST00138,P0026,South,0.16,897.98,67.92,2024-03-23,2,534.51
O24-006060,CUST00064,P0020,South,0.12,491.22,40.63,2024-08-02,2,279.1
O24-006009,CUST00451,P0047,South,0.07,30.19,5.22,2024-07-08,3,10.82
O24-005691,CUST00065,P0009,North,0.18,196.47,40.02,2024-07-14,10,23.96
O24-005767,CUST00908,P0035,East,0.07,3.97,0.67,2024-08-10,1,4.27
O24-004836,CUST00135,P0037,North,0.16,21.35,2.69,2024-03-16,2,12.71
O24-003602,CUST00413,P0046,South,0.24,9.33,1.01,2024-04-01,4,3.07
O24-007410,CUST00024,P0016,East,0.17,107,23.98,2024-03-02,2,64.46
O24-006751,CUST00736,P0028,West,0.04,839.4,120.08,2024-06-05,2,437.19
O24-000298,CUST01021,P0022,West,0,1186.77,148.33,2024-11-01,2,698.1
O24-004749,CUST00102,P0001,East,0.07,5455.57,1636.67,2024-11-01,5,1173.24
O24-000789,CUST00070,P0027,East,0.07,684.89,110.99,2024-11-18,6,122.74
O24-004200,CUST00735,P0035,North,0.13,3.43,0.56,2024-08-25,1,3.94
O24-007907,CUST00134,P0037,West,0.04,26.11,4.36,2024-11-27,2,13.6
O24-003116,CUST00580,P0016,South,0.08,119.89,21.83,2024-02-12,2,65.16
O24-009813,CUST00385,P0046,West,0.33,12.66,1.5,2024-10-24,6,3.15
O24-001887,CUST00107,P0009,East,0.02,45.73,12.27,2024-01-09,2,23.33
O24-008836,CUST00168,P0034,North,0.16,26.84,4.87,2024-10-22,3,10.65
O24-008619,CUST01464,P0040,East,0.19,13.06,2.81,2024-06-03,1,16.12
O24-006616,CUST00682,P0031,West,0.09,983.09,67.91,2024-12-08,4,270.08
O24-003721,CUST00537,P0031,South,0.2,423.74,50.84,2024-01-30,2,264.84
O24-004021,CUST01004,P0014,West,0.03,39.13,9.22,2024-04-21,1,40.34
O24-001863,CUST01204,P0045,North,0.16,8.94,1.51,2024-12-30,4,2.66
O24-006310,CUST00334,P0007,North,0.12,184.71,36.28,2024-12-05,1,209.9
O24-006645,CUST00167,P0011,North,0.02,536.9,116.04,2024-02-29,6,91.31
O24-008884,CUST00716,P0023,South,0.15,232,18.59,2024-03-17,1,272.94
O24-008375,CUST00268,P0011,West,0.2,67.34,13.1,2024-11-25,1,84.18
O24-009554,CUST01422,P0035,East,0.06,3.89,0.79,2024-01-16,1,4.14
O24-002649,CUST00845,P0012,East,0.31,28.41,4.81,2024-10-08,2,20.59
O24-003938,CUST01128,P0014,West,0.08,111.97,22.04,2024-12-18,3,40.56884058
O24-003972,CUST01359,P0044,West,0,16.04,3.13,2024-01-07,1,16.04
O24-009280,CUST00077,P0030,South,0.18,256.8,14.33,2024-08-17,3,104.39
O24-003974,CUST01273,P0048,West,0.09,3.89,0.79,2024-04-01,2,2.14
O24-005931,CUST01466,P0042,North,0.13,211.51,44.31,2024-09-29,8,30.39
O24-005128,CUST01253,P0031,East,0.07,253.43,39.63,2024-01-21,1,272.51
O24-007548,CUST01478,P0014,East,0.05,40,9.33,2024-06-01,1,42.11
O24-007594,CUST00051,P0040,East,0.07,13.57,2.96,2024-02-02,1,14.59
O24-005425,CUST00323,P0017,East,0.14,374.24,66.43,2024-09-18,2,217.58
O24-003957,CUST00023,P0040,West,0.1,53.39,8,2024-11-01,4,14.83
O24-002513,CUST01343,P0010,West,0,184.18,51.51,2024-04-29,2,93.02
O24-000280,CUST01207,P0018,North,0.09,776.3,136.09,2024-01-09,2,426.54
O24-007780,CUST00996,P0016,West,0.1,108.68,22.18,2024-09-05,2,60.38
O24-002456,CUST01336,P0028,West,0.07,1233.24,162.07,2024-07-14,3,442.02
O24-009290,CUST01465,P0032,North,0.11,430.88,46.02,2024-12-10,1,484.14
O24-008909,CUST01071,P0039,West,0.12,12.8,2.23,2024-05-02,1,14.54
O24-006451,CUST01457,P0013,North,0.08,71.02,18.35,2024-08-24,4,19.3
O24-005199,CUST01425,P0044,East,0.04,29.01,4.99,2024-01-05,2,15.11
O24-009437,CUST01146,P0048,South,0.12,11.62,1.64,2024-05-13,6,2.2
O24-005157,CUST01180,P0027,West,0.04,478.04,89.77,2024-11-06,4,124.49
O24-000712,CUST00138,P0008,West,0.2,924.59,156.61,2024-09-15,2,577.87
O24-003207,CUST00746,P0045,North,0.2,1.97,0.28,2024-04-25,1,2.46
O24-001569,CUST00472,P0004,South,0.19,751.34,136.06,2024-12-23,1,927.58
O24-001222,CUST01027,P0013,West,0.11,17.23,3.91,2024-10-06,1,19.36
O24-009209,CUST00523,P0005,West,0.09,2518.21,668.93,2024-12-01,6,461.21
O24-003871,CUST00778,P0012,East,0.16,65.28,11.51,2024-12-18,4,19.43
O24-003586,CUST01203,P0038,South,0.39,8.49,0.5,2024-09-01,1,13.91
O24-002883,CUST00457,P0048,West,0,2,0.41,2024-04-18,1,2.15
O24-003266,CUST00701,P0044,South,0.24,11.44,1.09,2024-09-30,1,15.05263158
O24-007830,CUST00669,P0046,North,0.27,2.3,0.36,2024-05-29,1,3.15
O24-001986,CUST00828,P0028,North,0.36,865.25,68.74,2024-05-07,3,450.65
O24-008489,CUST01330,P0013,South,0.15,93.43,17.31,2024-05-09,6,18.32
O24-005569,CUST01119,P0027,West,0.22,93.8,9.59,2024-07-10,1,120.26
O24-006617,CUST01037,P0040,North,0.05,45.12,10,2024-09-17,3,15.83
O24-007469,CUST01360,P0004,East,0.09,2485.72,600.74,2024-04-10,3,910.52
O24-007531,CUST00246,P0023,South,0.15,695.44,53.47,2024-05-14,3,272.7215686
O24-007517,CUST00175,P0002,West,0.36,1683.04,292.24,2024-04-06,5,525.95
O24-009062,CUST00047,P0007,South,0.04,192.92,48.04,2024-08-29,1,200.96
O24-005589,CUST00855,P0013,West,0.12,48.34,10.66,2024-10-09,3,18.31
O24-005989,CUST01352,P0048,South,0.17,1.88,0.22,2024-03-11,1,2.27
O24-000555,CUST00681,P0008,North,0.08,537.84,125.14,2024-02-16,1,584.61
O24-006266,CUST01420,P0021,North,0.15,748.34,83.36,2024-06-17,4,220.1
O24-009885,CUST00162,P0010,South,0.14,235.48,43.66,2024-06-16,3,91.27
O24-008040,CUST00807,P0033,North,0.08,23.5,4.13,2024-04-08,2,12.77
O24-005187,CUST00001,P0015,West,0.11,96.3,22,2024-03-02,2,54.1
O24-007888,CUST00998,P0005,North,0.06,3109.51,796.2,2024-10-23,7,472.57
O24-005909,CUST00570,P0009,West,0.06,67.85,17.81,2024-11-26,3,24.06
O24-008036,CUST00988,P0004,East,0.15,2207.41,478.22,2024-02-10,3,865.65
O24-002224,CUST00180,P0009,North,0.05,155.61,33.26,2024-01-29,7,23.4
O24-001465,CUST00914,P0039,North,0.07,25.15,4.17,2024-06-16,2,13.52
O24-003735,CUST00592,P0043,West,0.08,69.04,12.84,2024-09-17,2,37.52
O24-001642,CUST01000,P0014,West,0.06,37.57,11.27,2024-03-18,1,39.97
O24-006175,CUST00801,P0033,East,0.06,64.72,14.75,2024-08-07,5,13.77
O24-000138,CUST00341,P0022,South,0.15,578.31,37.38,2024-04-01,1,680.36
O24-003074,CUST00035,P0002,West,0.07,1049.37,279.82,2024-11-03,2,564.18
O24-001897,CUST00218,P0009,North,0.17,39.01,7.17,2024-12-16,2,23.5
O24-001094,CUST00311,P0048,North,0.06,3.95,0.79,2024-07-22,2,2.1
O24-005472,CUST00424,P0041,North,0.08,175.2,32.56,2024-07-26,6,31.74
O24-009632,CUST00355,P0045,East,0.07,7.42,1.61,2024-07-11,3,2.66
O24-002483,CUST00232,P0005,East,0.08,827.32,165.74,2024-07-07,2,449.63
O24-004183,CUST00624,P0044,West,0.19,23.88,3.26,2024-07-07,2,14.74
O24-005994,CUST00461,P0027,East,0.15,223.33,25.13,2024-08-18,2,131.37
O24-005506,CUST01115,P0012,East,0.05,19.29,4.06,2024-09-02,1,20.30526316
O24-009444,CUST00319,P0023,West,0.11,246.52,37.96,2024-10-11,1,276.99
O24-001637,CUST00613,P0005,West,0.04,890.86,201.88,2024-12-15,2,463.99
O24-003010,CUST00436,P0025,North,0.05,1573.91,214.83,2024-04-25,3,552.25
O24-008210,CUST00266,P0022,West,0.1,1853.2,258.74,2024-11-07,3,686.37
O24-003649,CUST01429,P0044,West,0.22,12,1.95,2024-01-14,1,15.38
O24-002799,CUST01041,P0002,South,0.13,935.63,188.58,2024-08-30,2,537.72
O24-002399,CUST01121,P0007,West,0.14,345.5,71.78,2024-11-18,2,200.87
O24-009470,CUST00776,P0040,North,0.18,50.84,6.98,2024-11-03,4,15.5
O24-004646,CUST00921,P0014,North,0.09,147.71,30.94,2024-12-02,4,40.58
O24-001216,CUST00161,P0011,East,0.05,334.4,79.35,2024-12-06,4,88
O24-003751,CUST00506,P0023,East,0.21,433.36,60.76,2024-05-28,2,274.28
O24-006707,CUST01418,P0010,West,0.06,87.22,23.73,2024-05-30,1,92.79
O24-003383,CUST01339,P0032,West,0.16,403.4,53.05,2024-01-28,1,480.24
O24-006699,CUST01029,P0038,West,0.12,11.79,1.9,2024-09-21,1,13.4
O24-008146,CUST00712,P0024,North,0.05,4808.9,594.07,2024-10-28,8,632.75
O24-004205,CUST00722,P0003,West,0.09,7458.58,1858.21,2024-12-15,6,1366.04
O24-000511,CUST00620,P0002,West,0.03,1008.99,291.28,2024-05-29,2,520.1
O24-003601,CUST00243,P0019,West,0.14,672.54,101.01,2024-10-24,2,391.01
O24-004783,CUST00551,P0047,East,0.25,7.69,0.89,2024-11-05,1,10.25
O24-004596,CUST00305,P0035,South,0.18,20.02,1.85,2024-05-25,6,4.07
O24-006538,CUST00997,P0004,North,0.06,827.32,195.63,2024-06-28,1,880.13
O24-005849,CUST01039,P0046,North,0.01,3.15,0.7,2024-12-17,1,3.18
O24-006130,CUST00752,P0019,West,0.24,302.17,19.18,2024-04-08,1,397.59
O24-006465,CUST01080,P0032  ,North,0.07,934.61,134.54,2024-10-24,2,502.48
O24-005417,CUST01451,P0026,North,0.12,468.83,71.54,2024-11-06,1,532.76
O24-002523,CUST00979,P0037,East,0.16,11.57,2.34,2024-01-19,1,13.77
O24-006877,CUST00639,P0026,West,0.34,326.96,24.7,2024-02-25,1,495.39
O24-007255,CUST01345,P0007,East,0,580.95,162.67,2024-11-06,3,193.65
O24-004923,CUST00387,P0033,West,0.1,11.64,2.17,2024-07-30,1,12.93
O24-003339,CUST01198,P0013,South,0.17,16.43,2.62,2024-07-07,1,19.8
O24-006077,CUST00453,P0047,East,0,41.92,8.8,2024-12-03,4,10.48
O24-003478,CUST00596,P0024,West,0.12,3476.09,517.53,2024-07-19,6,658.35
O24-007210,CUST01390,P0009,South,0.12,83.74,16.76,2024-12-28,4,23.79
O24-003899,CUST00792,P0034,North,0.09,28.64,5.02,2024-12-17,3,10.49
O24-000005,CUST00323,P0026,East,0.11,2396.06,315.32,2024-06-29,5,538.44
O24-004296,CUST00460,P0041,North,0.04,59.48,9.48,2024-10-05,2,30.98
O24-003543,CUST00212,P0012,East,0.21,17.28,3.57,2024-08-29,1,21.87
O24-007112,CUST00933,P0009,West,0.04,91.32,21.2,2024-12-09,4,23.78
O24-009223,CUST01180,P0037,North,0.33,44.55,6.37,2024-06-13,5,13.3
O24-002796,CUST00134,P0023,East,0.01,269.61,48.97,2024-04-27,1,272.33
O24-001499,CUST00460,P0027,North,0.06,360.26,55.8,2024-07-21,3,127.75
O24-009594,CUST00056,P0024,West,0.08,2571.47,414.34,2024-11-12,4,698.77
O24-006392,CUST01250,P0005,North,0.04,4491.74,1067.76,2024-11-13,10,467.89
O24-005516,CUST00107,P0021,North,0.07,401.96,60.07,2024-12-08,2,216.11
O24-006984,CUST00938,P0033,West,0.09,23.66,4.59,2024-08-30,2,13
O24-002107,CUST00274,P0042,West,0.15,175.82,24.43,2024-04-25,7,29.55
O24-004386,CUST00350,P0033,East,0.34,17.44,1.9,2024-01-08,2,13.21
O24-008324,CUST00522,P0020,East,0.09,1435.38,142.19,2024-03-25,6,262.89
O24-008810,CUST00428,P0048,East,0.04,23.02,4.86,2024-10-22,11,2.18
O24-006942,CUST00324,P0002,North,0.15,1917.97,439.57,2024-10-04,4,564.11
O24-001235,CUST01107,P0016,East,0.11,55.48,12.59,2024-08-28,1,62.34
O24-001729,CUST01416,P0008,South,0.05,4150.44,970.53,2024-10-07,8,546.11
O24-005146,CUST01248,P0048,North,0.08,11.87,1.73,2024-05-10,6,2.15
O24-000233,CUST00232,P0048,East,0.21,5,0.87,2024-05-23,3,2.11
O24-009732,CUST00365,P0034,North,0,30.33,5.83,2024-11-04,3,10.11
O24-000174,CUST01472,P0018,East,0.04,2101.63,353.85,2024-12-06,5,437.84
O24-004080,CUST00203,P0035,East,0.34,10.88,1.29,2024-01-10,4,4.12
O24-007231,CUST01428,P0024,South,0.4,405.92,5.82,2024-06-22,1,676.53
O24-003022,CUST00305,P0025,West,0.11,440.53,61.66,2024-10-07,1,494.98
O24-006421,CUST00905,P0040,South,0.22,23.56,3.6,2024-07-06,2,15.1
O24-003239,CUST01393,P0035,West,0.12,21.44,3.02,2024-12-10,6,4.06
O24-000275,CUST01167,P0033,East,0.13,31.89,6.61,2024-08-20,3,12.22
O24-003679,CUST00444,P0005,East,0.11,1231.8,311.04,2024-08-07,3,461.35
O24-005134,CUST00848,P0021,North,0.01,423.88,79.15,2024-05-16,2,214.08
O24-005477,CUST00584,P0013,West,0.12,17.27,4.71,2024-09-30,1,19.63
O24-006382,CUST00188,P0048,East,0.1,5.94,0.92,2024-06-15,3,2.2
O24-007070,CUST00177,  P0029,East,0.13,795.06,99.96,2024-08-27,3,304.62
O24-003527,CUST00010,P0047,East,0.24,14.97,2.16,2024-01-13,2,9.85
O24-002151,CUST00985,P0040,West,0.15,78.28,17.15,2024-06-01,6,15.35
O24-006734,CUST00249,P0015,East,0.1,144.75,34.24,2024-08-26,3,53.61
O24-001865,CUST00551,P0009,North,0.22,18.03,3.95,2024-09-03,1,23.12
O24-006324,CUST00656,P0020,East,0.02,788.95,133.46,2024-08-02,3,268.3503401
O24-003793,CUST00913,P0042,East,0.07,140.66,27.22,2024-12-15,5,30.25
O24-007895,CUST00205,P0003,North,0.13,2350.55,544.88,2024-11-17,2,1350.89
O24-001085,CUST00091,P0040,North,0.11,13.51,2.57,2024-01-31,1,15.18
O24-003553,CUST00231,P0014,South,0.13,138.26,26.22,2024-03-13,4,39.73
O24-000151,CUST00451,P0019,East,0.12,357.99,39.54,2024-04-04,1,406.81
O24-007322,CUST00855,P0033,South,0.18,20.96,2.6,2024-12-16,2,12.78
O24-002934,CUST00593,P0024,South,0.18,548.75,37.62,2024-12-31,1,669.21
O24-009518,CUST00774,P0012,East,0.04,117.33,29.95,2024-05-06,6,20.37
O24-007668,CUST01461,P0029,North,0.17,966.45,125.47,2024-05-14,4,291.1
O24-008407,CUST00844,P0036,South,0.29,89.76,9.56,2024-03-17,6,21.07
O24-003289,CUST00958,P0030  ,West,0.06,193.04,19.54,2024-08-30,2,102.68
O24-007860,CUST00417,P0036,North,0.19,66.52,12.6,2024-11-16,4,20.53
O24-009199,CUST01204,P0003,South,0.16,5781.26,1110.27,2024-08-11,5,1376.49
O24-008044,CUST01071,P0019,North,0.15,331.53,38.83,2024-11-06,1,390.03
O24-008112,CUST01443,P0022,South,0.11,2299.44,286.2,2024-10-18,4,645.91
O24-003412,CUST00752,P0018,East,0.05,3242.62,492.35,2024-07-30,8,426.66
O24-008158,CUST01438,P0030,North,0.13,88.62,10.96,2024-04-18,1,101.86
O24-009342,CUST01218,P0029,South,0.13,1352.68,88.65,2024-04-08,5,310.96
O24-008131,CUST00467,P0041,South,0.14,223.88,25.64,2024-08-10,8,32.54
O24-003886,CUST00925,P0007,North,0.15,348.48,66.14,2024-05-08,2,204.99
O24-001376,CUST00049,P0029,South,0.16,2577.41,359.05,2024-06-14,11,278.94
O24-009015,CUST00603,P0040,North,0.08,14.39,2.67,2024-03-28,1,15.64
O24-007055,CUST01037,P0034,North,0.22,7.96,1.3,2024-06-08,1,10.21
O24-009303,CUST00562,P0029,North,0.33,395.65,38.36,2024-03-27,2,295.26
O24-008003,CUST01099,P0048,East,0.08,6.15,1.18,2024-07-20,3,2.23
O24-004961,CUST01100,P0047,East,0,70.91,13.24,2024-12-06,7,10.13
O24-009627,CUST00027,P0014,West,0.17,358.72,63.11,2024-01-05,11,39.29
O24-005896,CUST01093,P0019,East,0.08,726.17,107.65,2024-05-17,2,394.66
O24-003646,CUST00170,P0001,South,0.11,5255.32,957.24,2024-11-03,5,1180.97
O24-002692,CUST00913,P0010,West,0.12,82.3,19.51,2024-07-05,1,93.52
O24-003781,CUST00788,P0007,West,0.16,347.05,83.83,2024-01-24,2,206.58
O24-009105,CUST00272,P0014,West,0.11,99.96,20.82,2024-07-17,3,37.44
O24-000865,CUST00367,P0040,South,0.16,13.54,1.73,2024-06-16,1,16.12
O24-009761,CUST00736,P0036,West,0.12,36.71,6.73,2024-09-01,2,20.86
O24-006637,CUST00331,P0042,North,0.1,101.3,17.88,2024-08-19,4,28.14
O24-006296,CUST00358,P0040,East,0.08,42.34,8.23,2024-03-26,3,15.34
O24-003991,CUST00420,P0045,West,0.1,4.82,0.89,2024-03-27,2,2.68
O24-009834,CUST01276,P0003,East,0.32,1962.81,318.63,2024-01-08,2,1443.24
O24-001890,CUST01019,P0020,North,0.22,215.66,31.78,2024-02-16,1,276.49
O24-000766,CUST01432,P0047,North,0.2,40.08,7.65,2024-09-10,5,10.02
O24-002560,CUST00196,P0031,North,0.02,513.7,95.64,2024-11-23,2,262.09
O24-009263,CUST00384,P0011,North,0.13,153.99,38.07,2024-07-14,2,88.5
O24-004859,CUST01104,P0034,East,0.12,9.27,1.45,2024-06-10,1,10.53
O24-003998,CUST00307,P0008,East,0,1622.49,369.87,2024-07-01,3,587.86
O24-006639,CUST01466,P0047,South,0.13,26.62,3.25,2024-10-27,3,10.2
O24-003271,CUST00506,P0027,North,0.08,231.44,28.33,2024-01-02,2,125.78
O24-000125,CUST00671,P0034,West,0.14,26.47,4.74,2024-10-16,3,10.26
O24-006269,CUST01452,P0034,West,0,9.29,2.12,2024-06-19,1,9.99
O24-006565,CUST00604,P0030,West,0.24,310.93,28.61,2024-06-08,4,102.2796053
O24-008833,CUST01034,P0033,West,0.04,64.27,12.7,2024-03-12,5,13.39
O24-004264,CUST00550,P0006,West,0.09,669.12,117.27,2024-12-11,2,367.65
O24-008383,CUST01235,P0046,South,0.12,13.33,1.66,2024-11-09,5,3.03
O24-000595,CUST00998,P0026,West,0,2579.45,467.26,2024-08-21,5,515.89
O24-004357,CUST00195,P0033,South,0.12,90.32,12.84,2024-10-09,8,12.83
O24-007602,CUST00010,P0026,North,0.09,470.84,68.87,2024-12-06,1,517.41
O24-006691,CUST00078,P0035,West,0.02,7.78,1.57,2024-01-17,2,3.97
O24-002401,CUST01145,P0009,North,0.16,58.39,13.34,2024-09-15,3,23.17063492
O24-003000,CUST01055,P0019,West,0.05,2368.64,226,2024-11-23,6,415.5508772
O24-000236,CUST01205,P0027,East,0.01,478.65,60.64,2024-06-14,4,120.87
O24-001343,CUST00251,P0008,South,0,457.58,82.98,2024-08-24,1,579.21
O24-009138,CUST00922,P0002,East,0.1,2441.93,713.4,2024-06-10,5,542.65
O24-003950,CUST01130,P0048,North,0.09,9.6,1.64,2024-03-19,5,2.10989011
O24-007022,CUST00044,P0026,North,0.04,979.91,163.54,2024-01-23,2,510.37
O24-000382,CUST00931,P0035,North,0.09,19.47,3.55,2024-02-11,5,4.28
O24-000074,CUST01018,P0033,West,0.06,12.01,2.42,2024-04-17,1,12.78
O24-007852,CUST01286,P0032,North,0.27,4591.64,465.01,2024-02-14,13,483.84
O24-006444,CUST00594,P0048,South,0.11,7.51,1.36,2024-07-06,4,2.11
O24-004801,CUST00615,P0008,West,0.17,2389.03,442.23,2024-09-09,5,575.67
O24-008770,CUST00582,P0010,East,0.04,434.98,107.87,2024-06-04,5,90.62
O24-007237,CUST01176,P0048,East,0.06,5.87,1.22,2024-07-13,3,2.08
O24-000355,CUST01286,P0015,South,0.07,410.17,86.42,2024-06-17,8,55.13
O24-003079,CUST01286,P0011,West,0,663.38,184.1,2024-02-06,8,83.76
O24-002012,CUST00110,P0044,West,0.14,39.24,9.12,2024-10-05,3,15.21
O24-009028,CUST00336,P0019,West,0.15,995.67,154.97,2024-04-21,3,390.46
O24-004909,CUST00942,P0001,East,0.18,1851.79,404.79,2024-12-03,2,1129.14
O24-006013,CUST00462,P0046,North,0.14,2.55,0.53,2024-04-11,1,2.97
O24-003143,CUST00831,P0032,West,0.08,2232.79,281.07,2024-04-02,5,485.39
O24-009313,CUST01108,P0030,West,0,854,138,2024-08-29,8,106.75
O24-001155,CUST00356,P0011,East,0.34,597.43,103.91,2024-11-19,10,90.52
O24-002839,CUST00777,P0040,East,0.1,41.9,7.87,2024-10-03,3,15.52
O24-002996,CUST01477,P0002  ,East,0.04,2574.72,504.11,2024-12-11,5,536.4
O24-005162,CUST00350,P0012,East,0.06,87.56,17.31,2024-12-13,5,18.63
O24-006826,CUST00202,P0003,North,0.04,6920.78,1625.26,2024-06-27,5,1441.83
O24-005945,CUST00256,P0040,West,0.13,13.88,2.33,2024-06-12,1,15.95
O24-005296,CUST00825,P0047,East,0.19,8.34,1.59,2024-03-07,1,10.3
O24-006856,CUST00221,P0029,West,0.07,274.06,34.17,2024-06-29,1,294.69
O24-009590,CUST00831,P0019,North,0.02,1156.21,202.24,2024-02-14,3,393.27
O24-004372,CUST01047,P0045,North,0.34,3.45,0.47,2024-07-20,2,2.61
O24-001742,CUST01150,P0044,West,0.15,182.19,28.38,2024-07-16,14,15.31
O24-008430,CUST01177,P0023,North,0.04,248.51,40.21,2024-05-18,1,258.8645833
O24-008319,CUST00289,P0046,North,0.02,2.94,0.69,2024-10-28,1,3
O24-000296,CUST01033,P0034,North,0.05,60.14,10.07,2024-02-23,6,10.55
O24-003987,CUST00323,P0030,West,0.03,93.2,13.06,2024-06-26,1,96.08
O24-000003,CUST00143,P0005,East,0.02,474.41,120.47,2024-10-29,1,484.09
O24-003047,CUST01466,P0021,North,0.06,208.47,31.43,2024-04-15,1,221.7765957
O24-000485,CUST01494,P0003,North,0.07,1312.24,294.78,2024-03-08,1,1411.01
O24-009934,CUST00813,P0002,West,0.21,4154.06,783.35,2024-11-17,10,525.83
O24-000706,CUST00632,P0034,East,0,8.38,1.37,2024-04-07,1,9.98
O24-005018,CUST00909,P0023,North,0.12,1430.35,215.43,2024-07-03,6,270.9
O24-007225,CUST00295,P0030,South,0.17,85.22,8.23,2024-07-23,1,102.67
O24-005182,CUST01389,P0015,North,0.03,152.83,36.23,2024-12-07,3,52.52
O24-004732,CUST00604,P0032,West,0.16,1209.95,112.83,2024-08-27,3,480.14
O24-006731,CUST00999,P0015,North,0.18,88.08,16.97,2024-04-03,2,53.71
O24-000450,CUST00600,P0022,North,0.28,1030.77,71.48,2024-12-23,2,715.81
O24-002381,CUST00063,P0022,West,0.07,1293.35,188.85,2024-01-02,2,695.3494624
O24-009842,CUST01493,P0009,West,0.03,46,11.42,2024-07-25,2,23.71
O24-003698,CUST01223,P0045,South,0.16,8.67,0.93,2024-10-14,4,2.580357143
O24-004616,CUST00917,P0036,South,0.14,74.24,10,2024-12-25,4,21.58
O24-001470,CUST00419,P0016,East,0.16,110.26,21.7,2024-05-01,2,65.63
O24-003725,CUST00525,P0009,North,0.09,41.62,11.18,2024-09-23,2,22.87
O24-008098,CUST00691,P0009,West,0,22.82,6.42,2024-10-12,1,22.82
O24-001898,CUST01346,P0001,East,0.14,2989.14,740.54,2024-11-17,3,1158.58
O24-003943,CUST01061,P0005,East,0.18,1949.39,432.59,2024-07-25,5,475.4609756
O24-006890,CUST00088,  P0031,South,0.2,619.44,39.75,2024-08-20,3,258.1
O24-005050,CUST00218,P0045,West,0.05,4.9,0.78,2024-08-08,2,2.578947368
O24-004728,CUST00030,P0014,East,0.22,31.1,5.03,2024-09-24,1,39.87
O24-001752,CUST00185,P0030,East,0.04,620.76,97.02,2024-01-21,6,107.77
O24-007240,CUST00890,P0013,East,0.09,17.95,4.38,2024-05-25,1,19.73
O24-006680,CUST00350,P0032,North,0.16,1132.59,154.37,2024-08-21,3,449.44
O24-001605,CUST00686,P0036,East,0.18,67.27,11.08,2024-07-24,4,20.51
O24-001764,CUST01475,P0004,West,0.16,764.38,141.96,2024-12-07,1,909.98
O24-001266,CUST00337,P0011,West,0.06,241.9,62.07,2024-06-25,3,85.78
O24-005872,CUST00798,P0028,South,0.12,382.52,30.74,2024-12-30,1,434.68
O24-009448,CUST00367,P0001,East,0.06,5627.12,1529.18,2024-05-13,5,1197.26
O24-001066,CUST01048,P0035,West,0.14,10.68,1.87,2024-08-08,3,4.14
O24-008123,CUST01224,P0029,North,0.14,983.01,106.04,2024-04-12,4,285.76
O24-007419,CUST01419,P0002,East,0.16,3200.01,538.57,2024-02-09,7,544.22
O24-002556,CUST01068, P0017 ,West,0.11,196.08,23.16,2024-03-24,1,220.32
O24-009579,CUST01490,P0031,West,0.09,241.18,39.92,2024-10-13,1,265.03
O24-001817,CUST00081,P0011,East,0.01,510.72,138.72,2024-07-12,6,85.98
O24-004650,CUST00501,P0007,West,0.15,692.85,163.93,2024-10-04,4,203.78
O24-001005,CUST00545,P0026,North,0.13,3340.38,368.84,2024-07-08,8,479.94
O24-009347,CUST00415,P0013,North,0.02,115.01,29.29,2024-01-23,6,19.56
O24-003745,CUST00197,P0041,West,0.15,79.1,10.52,2024-05-03,3,31.02
O24-006043,CUST00299,P0031,East,0.04,241.7,45.77,2024-04-14,1,251.77
O24-001172,CUST01383,P0009,South,0.23,18.26,3.34,2024-02-27,1,23.71
O24-000035,CUST00362,P0017,East,0,216.06,30.14,2024-04-07,1,216.06
O24-005883,CUST00058,P0029,North,0.02,2825.93,361.47,2024-03-15,10,288.36
O24-002617,CUST00186,P0048,North,0.05,6.07,1.41,2024-02-21,3,2.13
O24-007403,CUST01045,P0011,East,0.12,224.06,56.9,2024-03-16,3,84.87
O24-007899,CUST00961,P0007,West,0.16,701.87,160.34,2024-12-27,4,208.89
O24-008419,CUST00829,P0020,West,0.13,448.97,80.36,2024-04-16,2,258.03
O24-008516,CUST00861,P0016,West,0,511.81,120.5,2024-04-06,8,68.06
O24-002725,CUST00128,P0018,East,0.12,380.78,50.86,2024-06-02,1,432.7
O24-002157,CUST00983,P0038,West,0,27.94,5.68,2024-10-23,2,13.97
O24-006743,CUST00764,P0005,East,0.06,3589.22,893.05,2024-05-17,8,477.29
O24-005505,CUST00322,P0022,West,0.12,1186.98,169.28,2024-05-15,2,674.42
O24-009427,CUST01388,P0041,North,0.06,90.94,16.91,2024-12-31,3,32.25
O24-003221,CUST00507,P0010,North,0.12,164.86,41.17,2024-05-08,2,93.67
O24-005958,CUST01225,P0018,North,0.14,391.72,36.11,2024-01-28,1,455.49
O24-006760,CUST00801,P0047,East,0.04,31.45,5.78,2024-08-06,3,10.92013889
O24-003059,CUST00992,P0041,West,0.05,87.41,15.57,2024-04-22,3,30.67
O24-003791,CUST00529,P0040,North,0.15,12.61,2.05,2024-01-26,1,14.84
O24-003518,CUST00425,P0044,South,0.12,108.35,19.04,2024-07-04,8,15.39
O24-006219,CUST01483,P0039,East,0.09,26.34,5.05,2024-06-20,2,14.47
O24-009005,CUST00324,P0024,South,0.14,2296.34,209.1,2024-10-13,4,667.54
O24-004675,CUST00276,P0013,North,0.12,35.02,8.65,2024-04-04,2,19.9
O24-008897,CUST01022,P0001,West,0.15,3769.89,819.28,2024-06-12,4,1108.79
O24-006822,CUST01252,P0035,West,0.14,7.36,1.3,2024-10-06,2,4.28
O24-002377,CUST01262,P0013,South,0.06,37.24,7.52,2024-09-19,2,19.81
O24-002869,CUST00439,P0010,West,0.11,825.12,214.75,2024-09-06,10,92.71
O24-001464,CUST00363,P0014,East,0.03,300,69.99,2024-05-05,8,38.66
O24-009800,CUST00200,P0033,South,0.19,53.62,5.79,2024-11-09,5,13.24
O24-006612,CUST00721,P0003,West,0.02,5431.9,1271.57,2024-05-18,4,1385.69
O24-005174,CUST00694,P0048,East,0.13,2,0.3,2024-05-19,1,2.3
O24-007831,CUST01151,P0018,East,0.12,380.56,37.53,2024-09-01,1,432.46
O24-000862,CUST00884,P0035,East,0.1,7.52,1.23,2024-11-29,2,4.18
O24-001982,CUST01313,P0002,South,0.2,421.27,62.11,2024-12-29,1,526.59
O24-009741,CUST01275,P0029,West,0.07,544.89,88.26,2024-02-11,2,292.95
O24-008412,CUST00680,P0025,West,0.18,4281.22,679.11,2024-03-19,10,522.1
O24-006849,CUST00798,P0023,West,0.08,496.28,73.15,2024-12-04,2,269.7173913
O24-007041,CUST01011,P0014,South,0.27,143.19,15.66,2024-12-12,5,39.23
O24-009192,CUST01485,P0001,East,0.05,2171.76,434.86,2024-11-13,2,1143.03
O24-006564,CUST01324,P0032,South,0.13,793.96,59.5,2024-05-22,2,456.3
O24-005214,CUST00827,P0044,East,0.12,26.17,5.42,2024-11-17,2,14.87
O24-003786,CUST00017,P0004,South,0.26,2608.88,520.39,2024-03-04,4,881.38
O24-008839,CUST00968,P0001,East,0.15,3808.75,849.55,2024-06-05,4,1120.220588
O24-006036,CUST01110,P0021,East,0.1,1193.02,123.98,2024-03-27,6,220.93
O24-003569,CUST00412,P0040,West,0.37,36.67,3.79,2024-08-04,4,14.55
O24-001919,CUST00431,P0002,North,0.1,478.3,129.46,2024-04-06,1,531.44
O24-000729,CUST00738,P0016,South,0.12,111.83,21.72,2024-09-05,2,63.54
O24-003551,CUST00311,P0021,North,0.07,382.21,34.56,2024-09-06,2,205.49
O24-008242,CUST01285,P0020,South,0.22,425.96,35.93,2024-10-16,2,273.05
O24-004901,CUST01351,P0047,East,0.15,17.24,2.46,2024-08-20,2,10.14
O24-009003,CUST01143,P0033,West,0.04,51.76,12.16,2024-02-04,4,13.48
O24-006871,CUST00806,P0044,West,0.05,61.6,9.53,2024-04-08,4,16.21
O24-005035,CUST00284,P0026,West,0.04,462.69,74.48,2024-10-14,1,481.97
O24-009314,CUST00836,P0010,South,0.18,77.48,19.17,2024-05-06,1,94.49
O24-006506,CUST01010,P0039,East,0.04,69.89,17.05,2024-07-05,5,14.56
O24-002984,CUST00346,P0008,West,0.04,2341.59,526.69,2024-04-01,4,609.79
O24-005001,CUST00621,P0036,West,0.1,72.04,11.56,2024-08-26,4,20.01
O24-000208,CUST00341,P0047,North,0.14,8.37,1.46,2024-12-28,1,9.73
O24-008482,CUST00263,P0038,West,0.15,85.56,13.44,2024-05-02,7,14.38
O24-003962,CUST01179,P0014,East,0.06,39.03,9.23,2024-11-08,1,41.52
O24-001846,CUST00328,P0022,West,0.29,3268.22,367.45,2024-09-27,7,657.59
O24-002962,CUST00557,P0042,North,0.08,109,19.06,2024-04-09,4,29.62
O24-000493,CUST00396,P0006,West,0.12,2094.36,523.49,2024-11-20,6,396.66
O24-002884,CUST01243,P0048,North,0.14,3.82,0.78,2024-05-26,2,2.22
O24-005411,CUST00681,P0007,North,0.11,364.47,88.23,2024-12-11,2,204.76
O24-002186,CUST00446,P0004,East,0.07,3296.07,889.88,2024-11-07,4,886.04
O24-003890,CUST01344,P0024,East,0.08,1237.34,203.74,2024-10-17,2,672.47
O24-002562,CUST01324,P0047,North,0.14,61.04,9.6,2024-11-16,7,10.13953488
O24-001557,CUST01105,P0016,South,0.22,47.59,7.88,2024-02-03,1,61.01
O24-000670,CUST01452,P0020,East,0.07,1207.98,119.94,2024-11-05,5,259.78
O24-006815,CUST01345,P0014,North,0.24,90.08,17.98,2024-12-08,3,39.51
O24-006515,CUST01491,P0035,West,0.08,7.93,1.51,2024-02-15,2,4.31
O24-004009,CUST01489,P0009,West,0.01,44.69,11.64,2024-12-12,2,22.57
O24-001758,CUST01057,P0047,North,0.09,9.26,1.35,2024-11-02,1,10.18
O24-003836,CUST00409,P0012,South,0.12,109.08,22.94,2024-05-03,6,20.66
O24-006586,CUST00124,P0046,South,0.17,2.53,0.3,2024-01-21,1,3.05
O24-007470,CUST00644,P0045,West,0.14,11.01,2.01,2024-09-29,5,2.56
O24-006091,CUST00473,P0043,North,0.22,64.55,9.14,2024-09-03,2,41.38
O24-005462,CUST00529,P0019,West,0.05,362.39,53.45,2024-07-16,1,381.46
O24-001135,CUST00406,P0003,West,0.08,5383.44,1392.73,2024-07-13,4,1462.89
O24-005126,CUST01017,P0017,South,0.16,509.95,22.12,2024-06-16,3,202.36
O24-001594,CUST00644,P0033,West,0.14,11.03,1.93,2024-07-22,1,12.83
O24-009519,CUST00236,  P0030,North,0.12,543.68,55.22,2024-05-14,6,102.97
O24-006861,CUST00586,  P0001,West,0.05,3293.55,825.51,2024-11-14,3,1155.63
O24-009201,CUST01381,P0041,East,0.16,107.99,15.22,2024-07-10,4,32.14
O24-005033,CUST00685,P0005,East,0.08,428.12,99.35,2024-05-31,1,465.35
O24-001546,CUST00781,P0030,North,0.35,135.71,6.33,2024-08-15,2,104.39
O24-002227,CUST01214,P0015,North,0.09,99.63,25,2024-07-25,2,54.74
O24-002568,CUST01368,P0041,West,0.33,42.37,6.02,2024-06-03,2,31.62
O24-009193,CUST01017,P0006,South,0.28,1385.32,233.18,2024-03-23,5,384.81
O24-005031,CUST00123,P0002,West,0.01,1043.12,297.46,2024-06-29,2,526.83
O24-005257,CUST00120,P0003,North,0.04,5361.91,1355.99,2024-03-09,4,1396.330729
O24-004560,CUST01087,P0043,South,0.2,31.75,3.43,2024-06-18,1,39.69
O24-007097,CUST00127,P0011,West,0.04,255.86,62.53,2024-11-13,3,88.84
O24-001538,CUST00797,P0022,North,0.07,1276.2,173.58,2024-08-31,2,686.13
O24-008042,CUST00779,P0037,East,0.01,42.03,8.87,2024-02-17,3,14.15
O24-000525,CUST00025,P0012,South,0.28,14.22,2.32,2024-06-28,1,19.75
O24-006640,CUST00945,P0018,East,0.05,1942.04,194.75,2024-02-28,5,408.85
O24-008772,CUST00843,P0003,North,0.13,4956.15,1158.75,2024-03-04,4,1424.18
O24-004968,CUST00670,P0012,South,0.2,66.46,10.73,2024-04-03,4,20.77
O24-006373,CUST00992,P0003,North,0.1,4986.25,1183.93,2024-11-09,4,1385.07
O24-002740,CUST01174,P0008,South,0.24,2198.95,374.36,2024-02-04,5,578.67
O24-001525,CUST00869,P0022,East,0.07,2380.02,331.59,2024-05-03,4,639.79
O24-004286,CUST00366,P0020,East,0.06,774.96,123.99,2024-10-06,3,274.81
O24-001946,CUST00446,P0026,West,0.17,2585.77,242.31,2024-01-27,6,519.2309237
O24-008434,CUST00583,P0014,North,0.19,154.26,33.28,2024-11-23,5,38.09
O24-000169,CUST00168,P0045,East,0.06,2.45,0.53,2024-06-14,1,2.61
O24-005573,CUST01233,P0024,West,0.08,2394.83,331.69,2024-03-25,4,650.77
O24-001191,CUST01073,P0036,East,0.11,36.67,7.25,2024-11-16,2,20.6
O24-007178,CUST01205,P0041,West,0.12,162.2,28.6,2024-08-11,6,30.72
O24-005971,CUST01138,P0039,East,0.06,51.85,9.93,2024-11-03,4,13.79
O24-000790,CUST00176,P0040,East,0.09,110.51,18.87,2024-03-23,8,15.18
O24-001113,CUST00416,P0012,North,0.07,19.07,4.77,2024-05-31,1,20.51
O24-005822,CUST00764,P0026,North,0.15,2137.92,311.56,2024-12-21,5,503.04
O24-005915,CUST00888,P0022,West,0.05,1273.23,125.66,2024-12-07,2,670.12
O24-001271,CUST01159,P0046,North,0.23,4.47,0.57,2024-05-29,2,2.9
O24-003418,CUST00334,P0022,East,0.1,614.33,74.28,2024-07-11,1,682.59
O24-000463,CUST00382,P0035,West,0.11,11.13,1.8,2024-09-30,3,4.17
O24-006676,CUST00088,P0035,North,0.17,6.67,0.94,2024-12-16,2,4.02
O24-006279,CUST01287,P0014,East,0.12,219.65,49.63,2024-05-24,6,41.6
O24-002800,CUST01082,P0048,West,0.07,4.04,0.64,2024-05-03,2,2.17
O24-008628,CUST00654,P0032,North,0.06,898.68,128.63,2024-09-22,2,478.02
O24-002840,CUST01500,P0012,South,0.19,33.24,5.42,2024-08-20,2,20.52
O24-007982,CUST01035,P0043  ,West,0.04,116.93,19.32,2024-07-16,3,40.6
O24-007754,CUST00587,P0041,North,0.14,57.26,9.85,2024-07-20,2,33.29
O24-004663,CUST00832,P0015,North,0.04,51.56,13.27,2024-09-18,1,53.71
O24-008209,CUST00653,P0048,West,0.16,10.79,1.45,2024-12-01,6,2.14
O24-002624,CUST01313,P0010,West,0.04,169.11,39.44,2024-02-03,2,88.08
O24-000132,CUST00877,P0006,East,0.06,365.25,91.77,2024-05-24,1,388.56
O24-004311,CUST01041,P0008,West,0.36,366.62,63.79,2024-05-31,1,572.84
O24-003438,CUST00715,P0002,South,0,1469.16,283.86,2024-06-09,3,526.58
O24-002238,CUST01249,P0023,West,0.06,747.22,126.41,2024-09-23,3,264.97
O24-000465,CUST01277,P0028,North,0.17,3033.55,312.7,2024-05-04,8,456.86
O24-009406,CUST01027,P0010,West,0.09,386.52,105.49,2024-11-18,5,84.95
O24-007271,CUST00356,P0014,West,0.33,53.05,9.24,2024-11-19,2,39.59
O24-008467,CUST00298,P0010,North,0.1,336.71,85.2,2024-12-29,4,93.53
O24-009709,CUST00375,P0015,West,0.05,257.12,57.18,2024-05-17,5,54.13
O24-008813,CUST00955,P0039,North,0.04,25.71,4.4,2024-02-13,2,13.39
O24-003232,CUST01362,P0026,West,0.15,876.44,96.17,2024-08-03,2,515.5529412
O24-006518,CUST00575,P0006,West,0.05,734.33,182.75,2024-12-24,2,386.49
O24-000519,CUST00855,P0005,North,0.16,832.78,215.32,2024-05-15,2,495.7
O24-007426,CUST00205,P0015,North,0.17,126.14,28.7,2024-11-05,3,50.65863454
O24-003461,CUST00116,P0002,West,0.32,337.07,71.51,2024-09-28,1,495.69
O24-000373,CUST01225,P0004,North,0.06,1671.77,365.68,2024-12-28,2,889.24
O24-008204,CUST00199,P0044,East,0.04,60.25,12.22,2024-05-30,4,15.69
O24-007832,CUST01051,P0005,North,0.08,854.35,236.34,2024-11-24,2,464.32
O24-000462,CUST00090,P0012,East,0.07,53.76,12.34,2024-07-23,3,19.2688172
O24-006001,CUST01250,P0037,East,0.16,23.84,4.13,2024-12-26,2,14.19
O24-008709,CUST00133,P0014,East,0.37,52.33,7.65,2024-05-24,2,41.53
O24-001911,CUST01353,P0047,West,0.18,33.13,5.57,2024-01-27,4,10.1
O24-000362,CUST00007,P0015,North,0.15,89.37,19.97,2024-02-06,2,52.57
O24-000433,CUST01099,P0022,North,0.02,1966.15,324.26,2024-12-28,3,668.76
O24-002695,CUST00649,P0002,South,0.1,4765.77,1075.89,2024-09-03,10,529.53
O24-004818,CUST00353,P0021,West,0.08,1019.54,168.27,2024-07-11,5,221.64
O24-000232,CUST00754,P0006,North,0.06,1508.06,327.84,2024-07-04,4,401.08
O24-006531,CUST00858,P0011,East,0,85.17,22.76,2024-09-19,1,85.17
O24-007258,CUST01455,P0008,West,0.11,1628.57,367.52,2024-11-09,3,609.95
O24-009421,CUST00155,P0030,West,0.06,290.29,29.14,2024-04-04,3,102.94
O24-004491,CUST01094,P0032,North,0.04,899.87,162.98,2024-04-12,2,468.68
O24-005072,CUST00211,P0043,North,0.09,102.1,17.28,2024-03-21,3,37.4
O24-000114,CUST00437,P0044,East,0.06,29.78,5.1,2024-05-07,2,15.84
O24-005514,CUST00245,P0004,South,0.24,2086.34,417.63,2024-03-25,3,915.06
O24-003481,CUST00973,P0008,West,0.11,529.95,122.94,2024-01-12,1,595.45
O24-005732,CUST00928,P0048,East,0.15,1.96,0.32,2024-02-02,1,2.31
O24-005764,CUST00076,P0040,East,0.03,30.48,7.14,2024-09-09,2,15.71
O24-004384,CUST01118,P0038,East,0.14,11.82,2.47,2024-08-07,1,13.75
O24-000201,CUST00745,P0008,North,0.08,542.97,116.66,2024-11-04,1,590.18
O24-004996,CUST01172,P0009,South,0.2,19.05,2.86,2024-07-29,1,23.81
O24-004476,CUST01254,P0042,North,0.01,148.15,31.15,2024-03-11,5,29.93
O24-004380,CUST00652,P0030,North,0.06,96.95,11.46,2024-08-20,1,103.1382979
O24-002895,CUST00596,P0017,West,0.09,193.38,17.2,2024-06-05,1,212.51
O24-006261,CUST01462,P0025,South,0.25,392.77,19.12,2024-10-24,1,523.69
O24-004545,CUST00489,P0020,South,0.2,414.78,38.68,2024-03-19,2,259.24
O24-009171,CUST01172,P0008,North,0,595.05,158.33,2024-11-14,1,595.05
O24-003344,CUST00538,P0013,West,0.12,33.04,8.36,2024-04-08,2,18.77
O24-007805,CUST01425,P0041,South,0.17,261.86,34.1,2024-04-28,10,31.55
O24-007368,CUST00514,P0005,North,0.1,2002.1,519.88,2024-09-29,5,444.91
O24-009722,CUST00360,P0047,West,0.15,33.8,5.84,2024-08-07,4,9.94
O24-000554,CUST01414,P0012,West,0.08,17.88,4.61,2024-12-07,1,19.43
O24-003814,CUST00177,P0007,South,0.1,195.98,39.48,2024-12-20,1,217.76
O24-001272,CUST00135,P0027  ,East,0.06,884.8,158.74,2024-04-17,8,117.66
O24-003997,CUST01435,P0018,South,0.17,1065.4,61.28,2024-09-11,3,427.87
O24-009904,CUST00550,P0020,West,0.17,471.26,52.1,2024-10-16,2,283.89
O24-006621,CUST01386,P0032,East,0.13,804.56,118.5,2024-09-01,2,462.39
O24-008221,CUST00107,P0034,South,0.1,35.42,5.83,2024-01-02,4,9.84
O24-006958,CUST01294,P0008,East,0.09,1089,232.65,2024-12-21,2,598.35
O24-008955,CUST00570,P0005,North,0.06,429.16,104.05,2024-03-30,1,456.55
O24-006473,CUST00441,P0010,East,0.12,478.58,123.25,2024-03-09,6,90.64
O24-009818,CUST01415,P0002,South,0.4,641.96,76.89,2024-08-21,2,534.97
O24-005053,CUST00027,P0029,South,0.31,830.79,-0.39,2024-05-04,4,301.01
O24-005913,CUST00545,P0011,East,0.18,140.12,29.94,2024-12-26,2,85.44
O24-005169,CUST01229,P0039,North,0,47.74,8.69,2024-05-02,4,13.41
O24-005185,CUST00917,P0022,North,0.28,511.13,49.33,2024-04-22,1,709.9027778
O24-008734,CUST00468,P0011,East,0.18,138.32,27.49,2024-11-06,2,84.34
O24-008362,CUST00572,P0044,East,0.09,55.22,9.88,2024-03-18,4,15.17
O24-007040,CUST00529,P0037,East,0.1,25,4.57,2024-07-01,2,13.89
O24-002020,CUST00910,P0001,North,0.16,1015.83,241.45,2024-10-07,1,1209.32
O24-008887,CUST01311,P0018,East,0.01,5246.46,798.53,2024-12-06,13,407.65
O24-009286,CUST00617,P0019,West,0.07,364.59,59.66,2024-02-05,1,392.03
O24-008648,CUST00216,P0020,South,0.14,1164.44,132.19,2024-10-18,5,270.8
O24-008488,CUST00433,P0005,West,0.11,4073.98,1058.96,2024-11-27,10,457.75
O24-003557,CUST00439,P0041,North,0.09,58.46,10.65,2024-06-25,2,32.12
O24-001648,CUST00409,P0013,East,0.08,18.1,3.5,2024-10-26,1,19.67391304
O24-004327,CUST00847,P0047,South,0.23,16.39,1.61,2024-12-28,2,10.64
O24-002911,CUST01185,P0009,South,0.2,92.72,19.11,2024-01-31,5,23.18
O24-002451,CUST00551,P0021,South,0.19,1780.78,81.16,2024-10-29,10,219.85
O24-004694,CUST00975,P0005,South,0.14,427.8,99.02,2024-09-28,1,497.44
O24-001675,CUST00908,P0002,East,0.15,454.86,107.39,2024-02-11,1,535.13
O24-000786,CUST01268,P0043,West,0.14,32.69,5.98,2024-10-31,1,38.01
O24-005869,CUST00375,P0037,East,0.2,21.73,3.5,2024-05-26,2,13.58
O24-003403,CUST01283,P0002,North,0.13,2729.17,496.02,2024-09-15,6,522.83
O24-003967,CUST01169,P0007,East,0.13,726.48,135.2,2024-12-30,4,208.76
O24-008643,CUST00437,P0006,West,0.04,359.2,84.46,2024-05-28,1,374.17
O24-001305,CUST01488,P0031,East,0.12,480.13,75.74,2024-03-12,2,272.8
O24-004364,CUST01178,P0013,North,0.19,14.92,3.52,2024-01-05,1,18.42
O24-001251,CUST01252,P0016,East,0.21,97.45,21.86,2024-11-22,2,61.68
O24-008540,CUST00848,P0029,North,0.07,550.34,91.78,2024-09-04,2,295.8817204
O24-004223,CUST01228,P0019,North,0.17,317.48,43.44,2024-06-11,1,382.51
O24-004571,CUST01375,P0014,North,0.09,73.84,17.9,2024-09-08,2,40.57
O24-005810,CUST01317,P0048,West,0.13,3.71,0.81,2024-06-24,2,2.13
O24-004530,CUST00131,P0004,West,0.1,3216.38,883.67,2024-08-24,4,893.44
O24-004550,CUST00849,P0038,North,0.23,29.78,3.87,2024-07-18,3,12.89
O24-006535,CUST00956,P0002,North,0.11,947.28,198.91,2024-10-24,2,532.18
O24-000378,CUST00346,P0004,North,0.03,3356.51,1006.95,2024-06-29,4,865.08
O24-003596,CUST01151,P0011,North,0.16,295.98,57.57,2024-11-09,4,88.09
O24-006502,CUST00302,P0036,North,0.01,60.91,10.66,2024-05-21,3,20.51
O24-007226,CUST01243,P0028,North,0.12,1264.56,164.29,2024-11-04,3,479
O24-006126,CUST01109,P0013,North,0.11,35.56,8.94,2024-05-03,2,19.98
O24-002601,CUST00249,P0024,North,0,1147.6,185.62,2024-10-28,2,644.72
O24-006309,CUST00272,P0032,East,0.04,463.7,79.7,2024-03-09,1,483.02
O24-003893,CUST00798,P0030,North,0.29,144.63,13,2024-07-19,2,101.85
O24-005315,CUST01212,P0010,West,0.35,59.42,10.06,2024-03-17,1,91.41
O24-004659,CUST00152,P0016,East,0.03,122.36,31.33,2024-02-28,2,63.07
O24-003748,CUST01378,P0042,North,0.05,139.32,30.1,2024-04-16,5,29.33
O24-002069,CUST01094,P0035,West,0.05,3.85,0.7,2024-04-29,1,4.05
O24-009609,CUST01250,P0024,South,0.22,529.3,-0.93,2024-11-04,1,678.59
O24-002578,CUST00150,P0035,North,0.19,6.48,0.94,2024-05-04,2,4
O24-001725,CUST00279,P0023,East,0.1,480.44,83.96,2024-02-18,2,266.91
O24-008834,CUST00068,P0002,West,0.32,372.78,73.59,2024-06-27,1,548.2
O24-009262,CUST01398,P0016,South,0.21,204.29,28.49,2024-12-26,4,64.65
O24-000347,CUST01075,P0046,West,0.07,8.65,1.43,2024-06-13,3,3.1
O24-005861,CUST01196,P0027,North,0.12,105.73,12.44,2024-04-20,1,120.15
O24-002538,CUST00192,P0016,North,0.1,123.3,20.96,2024-09-16,2,68.5
O24-007893,CUST00011,P0036,East,0.05,39.46,8.3,2024-04-08,2,20.77
O24-005101,CUST00413,P0036,East,0.04,79.68,14.82,2024-01-30,4,20.75
O24-002257,CUST00057,P0024,North,0.07,593.4,134.55,2024-11-18,1,638.06
O24-001647,CUST00765,P0033,South,0.2,10.86,1.19,2024-01-10,1,13.58
O24-004677,CUST00463,P0044,West,0.15,26.1,4.63,2024-12-01,2,15.35
O24-002204,CUST00721,P0007,East,0.02,426.59,114.63,2024-02-12,2,217.65
O24-009891,CUST01069,P0036,East,0.09,155.65,28.89,2024-03-19,8,21.38049451
O24-004308,CUST01176,P0013,East,0.09,17.71,4.12,2024-01-04,1,19.46
O24-008352,CUST00657,P0041,South,0.22,25.2,3.24,2024-10-08,1,32.31
O24-007628,CUST00673,P0036,East,0,129.18,27.48,2024-06-09,6,21.53
O24-005069,CUST00013,P0033,East,0.04,48.54,8.67,2024-09-17,4,12.64
O24-003306,CUST01333,P0013,West,0.1,174.51,43.66,2024-09-13,10,19.39
O24-007525,CUST01372,P0023,West,0.3,738.44,65.14,2024-10-17,4,263.73
O24-005080,CUST00748,P0037,North,0.06,38.44,6.64,2024-01-01,3,13.63
O24-000417,CUST01453,P0041,North,0.01,60.33,10.04,2024-06-11,2,30.47
O24-004309,CUST01044,P0001,East,0.17,3687.03,663.92,2024-12-27,4,1110.551205
O24-007126,CUST00183,P0038,West,0.07,38.78,7.02,2024-08-16,3,13.9
O24-002254,CUST01117,P0047,East,0.1,18.79,3.45,2024-03-19,2,10.44
O24-003393,CUST00327,P0009,West,0.06,45.14,11.62,2024-11-11,2,24.01
O24-002565,CUST00440,P0047,South,0.21,8.18,0.96,2024-05-08,1,10.35443038
O24-008104,CUST00768,P0038,South,0.13,48.44,6.71,2024-04-21,4,13.92
O24-008200,CUST00455,P0013,East,0.2,31.7,5.88,2024-03-04,2,19.81
O24-003475,CUST01348,P0014,South,0.2,321.04,53.71,2024-10-18,10,40.13
O24-009909,CUST00065,P0045,East,0.06,5.02,1.04,2024-09-21,2,2.67
O24-003226,CUST01344,P0031,South,0.21,1037.43,93.26,2024-11-18,5,262.64
O24-005420,CUST00062,P0046,North,0.07,2.87,0.58,2024-03-29,1,3.09
O24-002011,CUST00861,P0036,East,0.12,18.66,3.62,2024-01-01,1,21.21
O24-008671,CUST00291,P0027,West,0.16,105.75,15.41,2024-12-04,1,125.89
O24-007529,CUST00919,P0015,West,0.26,300.32,49.2,2024-08-30,8,50.72972973
O24-006155,CUST00889,P0006,North,0.2,2427.33,498.12,2024-07-02,8,379.27
O24-008019,CUST00806,P0029,West,0.04,1724.77,364.99,2024-08-27,6,299.44
O24-001120,CUST00281,P0002,South,0.24,422.01,54.66,2024-10-03,1,555.27
O24-009036,CUST00199,P0024,West,0.06,3132.78,578.54,2024-12-09,5,666.55
O24-009681,CUST01203,P0044,North,0.04,77.14,16.17,2024-05-20,5,16.07
O24-006981,CUST00766,P0015,North,0.11,47.41,9.78,2024-06-16,1,53.27
O24-007640,CUST00451,P0033,East,0.09,12.59,2.23,2024-12-18,1,13.84
O24-000950,CUST01093,P0035,South,0.16,10.31,1.65,2024-11-02,3,4.09
O24-009574,CUST00801,P0042,East,0.1,108.97,20.23,2024-11-02,4,30.27
O24-007328,CUST00884,P0024,South,0,3122.64,160.1,2024-11-13,6,520.44
O24-000935,CUST01105,P0003,North,0.04,5294.13,1243.72,2024-09-07,4,1378.68
O24-006286,CUST01324,P0028,South,0.36,3188.77,262.86,2024-02-09,11,452.95
O24-003456,CUST00525,P0001,North,0.08,1064.48,230.3,2024-07-18,1,1157.04
O24-009514,CUST00557,P0043,South,0.3,26.28,1.36,2024-03-13,1,37.55
O24-006864,CUST00148,P0027,South,0.18,409.77,18.4,2024-10-08,4,124.93
O24-003423,CUST00028,P0008,South,0.18,480,100.7,2024-10-06,1,585.37
O24-005253,CUST00462,P0008,North,0.22,4608.71,845.52,2024-01-01,10,590.86
O24-003061,CUST01366,P0041,North,0.09,118.77,19.99,2024-11-30,4,32.63
O24-006657,CUST01147,P0039,East,0.11,24.48,3.99,2024-04-09,2,13.75
O24-007115,CUST00068,P0006,East,0.08,747.81,166.19,2024-09-15,2,406.42
O24-000267,CUST00091,P0008,North,0.11,4159.08,797.34,2024-01-04,8,584.14
O24-004574,CUST00439,P0013,South,0.38,11.67,1.24,2024-09-27,1,18.82
O24-004235,CUST00789,P0001,East,0.13,2142.29,442.53,2024-10-09,2,1231.2
O24-005074,CUST00589,P0034,East,0.15,25.73,4.55,2024-01-11,3,10.09
O24-002340,CUST01266,P0004,North,0.26,5238.19,1050.89,2024-12-13,8,884.83
O24-006687,CUST00353,P0037,West,0.09,12.59,2.38,2024-04-08,1,13.84
O24-003346,CUST01243,P0022,East,0.09,2454.93,336.96,2024-11-13,4,674.43
O24-009117,CUST01249,P0019,West,0,728.69,90.52,2024-07-08,2,391.77
O24-006921,CUST00604,P0006,West,0.24,621.94,124.46,2024-12-13,2,409.17
O24-008290,CUST01436,P0038,South,0.1,36.02,6,2024-10-05,3,13.34
O24-001942,CUST00805,P0023,East,0.24,594.99,49.62,2024-06-07,3,260.96
O24-006202,CUST00649,P0011,North,0.09,360.5,73.4,2024-10-12,5,79.23
O24-005667,CUST01182,P0028,West,0.08,404.8,60.14,2024-08-27,1,440
O24-008465,CUST00693,P0012,East,0.15,16.86,4.96,2024-07-06,1,19.83
O24-005152,CUST01367,P0044,North,0.16,26.73,3.41,2024-03-04,2,15.91
O24-003971,CUST00632,P0033,East,0.08,23.26,3.9,2024-09-13,2,12.64
O24-009234,CUST00014,P0004,East,0.11,790.48,194.07,2024-08-30,1,888.18
O24-005695,CUST00547,P0003,North,0.02,1365.19,332.73,2024-10-14,1,1393.05
O24-001414,CUST00269,P0037,West,0.04,13.32,3,2024-03-20,1,13.87
O24-003490,CUST00787,P0037,West,0.07,37.36,7.73,2024-06-01,3,13.39
O24-004517,CUST01296,P0014,North,0.22,132.91,28.72,2024-12-13,4,42.6
O24-003654,CUST00685,P0013,South,0,30.96,5.63,2024-10-31,2,18.88
O24-003135,CUST00833,P0022,East,0.13,2438.64,271.03,2024-01-10,4,700.76
O24-000069,CUST00046,P0009,South,0.18,58.3,10.52,2024-12-01,3,23.7
O24-007921,CUST00257,P0048,North,0.13,3.81,0.64,2024-10-24,2,2.19
O24-006947,CUST00243,P0035,North,0.16,17.98,2.79,2024-05-02,5,4.28
O24-005954,CUST00382,P0014,East,0.13,66.21,13.94,2024-08-18,2,38.05
O24-008508,CUST00710,P0022,North,0.19,560.04,62.24,2024-10-05,1,691.41
O24-000379,CUST00874,P0013,West,0.1,17.33,4.31,2024-09-19,1,19.26
O24-002795,CUST00506,P0044,West,0.25,23.8,3.57,2024-01-15,2,15.87
O24-004480,CUST00969,P0030,East,0.04,99.73,12.46,2024-09-28,1,103.8854167
O24-003036,CUST00378,P0016,West,0.04,61.25,16.56,2024-11-21,1,63.8
O24-003715,CUST00091,P0033,South,0.18,21.99,1.73,2024-10-21,2,13.41
O24-009345,CUST00770,P0015,North,0.04,147.69,33.13,2024-04-21,3,51.28
O24-000643,CUST01358,P0013,North,0.14,51.78,10.46,2024-09-16,3,20.07
O24-003430,CUST00467,P0007,South,0.4,589.47,73.01,2024-03-18,5,196.49
O24-006567,CUST01402,P0022,North,0,1130.68,98.11,2024-02-11,2,681.13
O24-007245,CUST00109,P0046,East,0.01,14.8,3.11,2024-02-15,5,2.99
O24-004342,CUST00912,P0046,East,0.06,15.04,3.09,2024-06-27,5,3.2
O24-007676,CUST01197,P0030,East,0.05,189.6,30.05,2024-06-16,2,99.79
O24-006240,CUST01230,P0007,South,0.2,160.29,24.94,2024-04-11,1,200.36
O24-009441,CUST00502,P0016,West,0.12,174.9,32.59,2024-01-11,3,66.25
O24-002999,CUST01121,P0048,West,0.09,1.97,0.47,2024-08-09,1,2.17
O24-006754,CUST01033,P0004,North,0.23,1347.64,322.84,2024-07-23,2,875.0909091
O24-000158,CUST00494,  P0019,North,0.09,723.96,95.44,2024-06-09,2,397.78
O24-004049,CUST00051,P0008,North,0.05,1655.88,438.08,2024-01-14,3,581.01
O24-000032,CUST01089,P0048,East,0.07,4.15,0.54,2024-10-02,2,2.23
O24-006379,CUST00020,P0036,North,0.16,35.04,5.31,2024-09-22,2,20.86
O24-000184,CUST00583,P0027,South,0.22,200.26,16.62,2024-06-03,2,128.37
O24-007994,CUST01104,P0012,North,0.26,15.18,3.57,2024-12-09,1,20.51
O24-007544,CUST01224,P0001,East,0.14,2025.78,515.66,2024-08-14,2,1177.78
O24-009076,CUST00944,  P0030,North,0.22,81.63,10.27,2024-04-28,1,104.65
O24-005034,CUST00057,P0038,South,0.12,12.37,2.02,2024-10-31,1,14.06
O24-005938,CUST00720,P0027,West,0.07,463.14,55.07,2024-10-18,4,124.5
O24-000870,CUST00988,P0048,East,0.16,1.92,0.31,2024-10-30,1,2.29
O24-001466,CUST00465,P0007,East,0.05,410.84,100.76,2024-11-26,2,216.23
O24-004806,CUST01291,P0023,East,0.3,193.01,13.29,2024-07-24,1,275.73
O24-007244,CUST00079,P0025,East,0.14,4698.87,544.18,2024-07-23,10,546.38
O24-007169,CUST00142,P0021,West,0.12,398.2,63.15,2024-04-24,2,226.25
O24-000672,CUST01251,P0010,South,0.2,557.18,77.47,2024-01-04,8,87.06
O24-000277,CUST00102,P0025,West,0.28,762.16,31.83,2024-12-04,2,529.2777778
O24-002310,CUST01269,P0044,North,0.09,42.59,5.59,2024-03-26,3,15.6
O24-009884,CUST01029,P0008,West,0.12,3183.1,735.7,2024-01-22,6,602.86
O24-002691,CUST00745,P0033,West,0.12,10.95,2.33,2024-11-25,1,12.44
O24-003319,CUST00826,P0045,South,0.12,2.35,0.23,2024-11-13,1,2.67
O24-006121,CUST01065,P0045,East,0.03,13.24,2.44,2024-01-09,5,2.73
O24-004079,CUST00229,P0023,East,0.11,925.24,150.44,2024-11-17,4,259.9
O24-000539,CUST01016,P0042,East,0.09,53.6,9,2024-02-09,2,29.45
O24-001333,CUST01429,P0035,East,0.13,7.5,1.3,2024-07-31,2,4.31
O24-009253,CUST00804,P0023,West,0.13,934.38,156.26,2024-11-14,4,268.5
O24-000321,CUST00185,P0017,East,0.07,390.8,57.44,2024-04-06,2,210.11
O24-009093,CUST01049,P0029,West,0.11,541,67.69,2024-12-31,2,303.93
O24-003912,CUST01324,P0013,East,0.06,75.88,17.84,2024-11-20,4,20.18085106
O24-003968,CUST01396,P0008,North,0.2,934.34,196.27,2024-01-22,2,583.96
O24-002870,CUST00558,P0047,East,0,61.8,11.2,2024-02-04,6,10.3
O24-001652,CUST01244,P0044,North,0.13,25.6,4.7,2024-07-22,2,14.71
O24-002873,CUST01276,P0004,East,0.11,817.14,159.46,2024-09-08,1,918.13
O24-004513,CUST00526,P0043,North,0.13,180.87,33.69,2024-10-04,5,41.58
O24-000562,CUST00403,P0036,East,0.14,17.71,3.19,2024-01-23,1,20.59
O24-004122,CUST00990,P0027,North,0.14,322.73,44.05,2024-11-12,3,125.09
O24-002851,CUST00007,P0013,South,0.14,87.76,16.88,2024-03-12,5,20.41
O24-002638,CUST00534,P0004,East,0.04,4370.54,1086.31,2024-08-10,5,910.53
O24-000841,CUST00455,P0005,North,0.14,412.16,96.21,2024-09-24,1,479.25
O24-000473,CUST01272,P0003,East,0.11,1258.99,293.83,2024-11-26,1,1414.6
O24-000145,CUST00664,P0042  ,North,0.08,53.01,11.2,2024-08-15,2,28.81
O24-003857,CUST00475,P0012,West,0.1,66.74,18.78,2024-04-11,4,18.54
O24-007510,CUST00336,P0045,South,0.4,4.7,0.18,2024-04-21,3,2.61
O24-004280,CUST01359,P0032,South,0.2,1863.12,123.04,2024-12-04,5,465.78
O24-002630,CUST00044,P0019,East,0.14,2777.52,434.6,2024-12-23,8,403.71
O24-001867,CUST00333,P0046,North,0.08,5.17,1.04,2024-03-28,2,2.81
O24-002734,CUST00967,P0030,West,0.14,281.81,28.25,2024-12-11,3,109.23
O24-002469,CUST01407,P0039,North,0.06,37.22,6.17,2024-09-21,3,13.2
O24-002954,CUST01458,P0036,North,0.02,102.56,20.75,2024-06-16,5,20.93
O24-007098,CUST00551,P0038,East,0.13,34.69,4.73,2024-06-24,3,13.29
O24-008490,CUST00165,P0013,East,0.17,17.46,3.93,2024-07-25,1,21.04
O24-009478,CUST00689,P0001,West,0.09,1105.93,278.92,2024-08-14,1,1215.31
O24-001818,CUST00510,P0016,North,0.14,109.84,24.57,2024-11-02,2,63.86
O24-008587,CUST00164,P0024,South,0.15,1140.92,94.65,2024-04-07,2,671.13
O24-005142,CUST01113,P0035,North,0.03,16.57,2.44,2024-10-02,4,4.27
O24-007799,CUST00746,P0002,North,0.21,2079.2,458.66,2024-05-14,5,526.38
O24-005911,CUST00752,P0009,North,0.14,66.62,15.64,2024-11-02,3,25.82
O24-009382,CUST00388,P0010,North,0.11,404.77,85.11,2024-01-01,5,90.96
O24-007670,CUST00359,P0002,South,0.17,2634.02,287.3,2024-09-21,6,528.92
O24-007579,CUST01204,P0001,East,0.18,1032.15,250.73,2024-07-29,1,1258.72
O24-005835,CUST00641,P0016,West,0.07,114.54,28.19,2024-02-20,2,61.58
O24-006289,CUST00214,P0041,North,0.17,52.06,7.5,2024-10-18,2,31.36
O24-002549,CUST01033,P0035,East,0.12,14.12,2.22,2024-03-13,4,4.01
O24-000256,CUST01018,P0037,North,0.09,25.26,5.11,2024-03-06,2,13.88
O24-003618,CUST00282,P0036,West,0.21,16.15,2.4,2024-03-10,1,20.44
O24-001045,CUST00766,P0041,West,0.1,30.02,4.92,2024-03-15,1,33.36
O24-000541,CUST00037,P0033,West,0.13,57.12,9.41,2024-10-01,5,13.13
O24-007080,CUST01496,P0032,North,0.12,433.37,45.13,2024-04-23,1,492.47
O24-006790,CUST00515,P0045,West,0.06,2.52,0.57,2024-03-08,1,2.68
O24-006137,CUST01290,P0032,South,0.24,375.27,10.35,2024-10-15,1,493.77
O24-003304,CUST00763,P0031,East,0.15,217.22,32.72,2024-06-30,1,255.55
O24-000318,CUST00278,P0006,North,0.11,2828.63,737.18,2024-04-25,8,397.28
O24-006284,CUST01146,P0040,East,0.24,12.05,1.4,2024-12-09,1,15.85
O24-003714,CUST00431,P0020,East,0.1,481.12,78.41,2024-11-07,2,267.2888889
O24-001736,CUST01498,P0009,East,0.06,68.84,19.03,2024-06-21,3,24.41
O24-001256,CUST01422,P0025,South,0.16,2695.54,320.16,2024-07-09,6,534.83
O24-009839,CUST00109,P0009,South,0.12,58,11.84,2024-10-26,3,21.97
O24-009930,CUST00964,P0012,North,0.1,110.16,26.21,2024-06-28,6,20.4
O24-009869,CUST00976,P0038,West,0.2,53.76,6.21,2024-08-10,5,13.44
O24-008138,CUST01306,P0020,South,0.24,793.74,44.67,2024-12-06,4,261.1
O24-009758,CUST00846,P0018,South,0.14,359.04,31.84,2024-03-01,1,417.49
O24-007613,CUST00528,P0003,North,0.07,1306.73,333.66,2024-11-08,1,1405.09
O24-008390,CUST00634,P0013,North,0.14,33.57,8.01,2024-04-19,2,19.52
O24-003547,CUST00098,P0011,North,0.06,76.67,21.42,2024-09-27,1,81.56
O24-003012,CUST00013,P0013,East,0.03,18.81,4.61,2024-01-08,1,19.39
O24-009488,CUST01192,P0019,West,0.32,525.26,35.45,2024-08-28,2,386.22
O24-002333,CUST01385,P0042,North,0.08,54,8.31,2024-10-09,2,29.35
O24-005790,CUST00714,P0038,South,0.04,57.64,8.81,2024-09-30,4,15.01
O24-002300,CUST00914,P0033,West,0.09,12.2,2.35,2024-11-19,1,13.41
O24-008070,CUST01004,P0034,North,0.1,27.27,5.14,2024-11-18,3,10.1
O24-000383,CUST01139,P0035,South,0.19,3.26,0.3,2024-03-07,1,4.02
O24-007571,CUST01271,P0010,West,0.2,285.89,40.11,2024-03-31,4,89.34
O24-009186,CUST00418,P0037,North,0.09,36.83,6.65,2024-11-06,3,13.49
O24-001227,CUST01460,P0032,North,0.08,1331.15,184.29,2024-02-29,3,482.3
O24-002425,CUST00379,P0018,South,0.22,691.19,64.93,2024-04-14,2,443.07
O24-008867,CUST00864,P0023,North,0.12,222.16,29.93,2024-11-07,1,252.46
O24-004618,CUST00593,P0002,North,0.06,2035.48,437.01,2024-01-08,4,541.35
O24-002853,CUST01443,P0034,South,0.13,44.37,4.17,2024-08-11,5,10.2
O24-005258,CUST00449,P0038,South,0.19,68.87,9.36,2024-06-03,6,14.17
O24-007288,CUST00361,P0014,East,0.08,35.67,9.23,2024-09-17,1,38.77
O24-001632,CUST01127,P0038,West,0.38,35.17,3.84,2024-10-21,4,14.18
O24-006008,CUST00402,P0040,North,0.08,71.71,11.35,2024-05-21,5,15.58913043
O24-008705,CUST00672,P0009,East,0.11,39.82,7.64,2024-10-30,2,22.37
O24-001612,CUST00675,P0002,West,0.15,2745.84,587.32,2024-12-27,6,538.4
O24-003888,CUST01131,P0005,East,0.3,659.47,125.2,2024-05-15,2,471.05
O24-004294,CUST00981,P0023,South,0.1,257.59,15.8,2024-11-07,1,286.21
O24-007536,CUST01223,P0020,East,0.14,675.29,82.14,2024-03-24,3,261.74
O24-006438,CUST00019,P0003,North,0.09,1234.42,312.43,2024-06-07,1,1356.51
O24-000740,CUST00469,P0039,South,0.18,11.23,1.5,2024-02-14,1,13.7
O24-007136,CUST00749,P0045,North,0.05,2.37,0.45,2024-01-13,1,2.49
O24-004315,CUST00055,P0048  ,North,0.14,11.35,1.53,2024-10-25,6,2.2
O24-001352,CUST01418,P0010,South,0.14,225.36,49.51,2024-09-20,3,87.35
O24-009792,CUST01165,P0033,East,0.12,24.13,5.23,2024-11-02,2,13.71
O24-006207,CUST00939,P0041,West,0.04,94.78,20.09,2024-01-04,3,32.91
O24-000244,CUST01420,P0001,West,0.11,2082.78,530.57,2024-07-24,2,1170.1
O24-005211,CUST00646,P0022,West,0.05,632.19,118.06,2024-10-25,1,665.46
O24-007312,CUST00779,P0007,West,0.06,744.33,162.66,2024-04-21,4,197.96
O24-002752,CUST00848,P0003,East,0.11,2369.14,480.59,2024-09-22,2,1330.98
O24-001099,CUST00100,P0010,West,0.18,295.56,56.49,2024-11-28,4,90.1097561
O24-000377,CUST00610,P0018,North,0.05,788.77,135.11,2024-01-16,2,415.14
O24-002473,CUST00976,P0029,North,0.1,521.75,81.75,2024-03-26,2,289.86
O24-001065,CUST00290,P0011,East,0.35,57.3,12.5,2024-09-12,1,88.16
O24-008166,CUST00177,P0008,North,0.07,2069.81,500.25,2024-02-26,4,556.4
O24-001473,CUST00573,P0013,South,0.25,15.06,2.83,2024-12-31,1,20.08
O24-007416,CUST00693,P0020,East,0.06,256.32,31.1,2024-05-09,1,272.68
O24-002506,CUST00622,P0013,East,0,67.03,18.34,2024-12-20,4,18.83
O24-006870,CUST01043,P0002,East,0.15,440.73,81.67,2024-11-20,1,518.51
O24-006025,CUST01325,P0038,South,0.3,10,0.75,2024-09-08,1,14.28
O24-003016,CUST01419,P0023,East,0,1337.1,179.94,2024-05-04,5,267.42
O24-009100,CUST00671,P0012,North,0.03,61.69,16.13,2024-06-13,3,21.2
O24-007923,CUST00973,P0013,West,0.08,134.1,34.89,2024-06-30,8,18.22
O24-001041,CUST01292,P0029,East,0.07,557.01,60.64,2024-10-14,2,299.47
O24-005164,CUST00510,P0041,West,0.01,31.19,5.95,2024-12-02,1,31.51
O24-002141,CUST00340,P0014,North,0.04,199.01,50.34,2024-02-18,5,41.46
O24-005063,CUST00370,P0048,North,0.19,1.81,0.25,2024-11-16,1,2.24
O24-004428,CUST00016,P0025,North,0,524.33,97.55,2024-02-11,1,524.33
O24-008696,CUST01109,  P0014,East,0.05,39.03,10.69,2024-01-15,1,41.08
O24-002621,CUST01265,P0030,North,0.04,483.36,98.24,2024-11-02,5,100.7
O24-001987,CUST00992,P0036,South,0.09,91.86,10.95,2024-11-09,5,20.19
O24-004172,CUST01019,P0009,North,0.29,52.63,8.74,2024-01-31,3,24.71
O24-003661,CUST00070,  P0013,East,0.08,54.18,13.93,2024-05-30,3,19.63
O24-000428,CUST00460,P0009,East,0.09,21.88,5.4,2024-06-21,1,24.04
O24-004845,CUST00174,P0002,North,0.12,974.37,228.84,2024-05-06,2,553.62
O24-008014,CUST00551,P0009,West,0.11,21.55,5.56,2024-07-24,1,24.21
O24-005784,CUST01091,P0048,South,0.18,1.78,0.12,2024-02-15,1,2.17
O24-003405,CUST01482,P0025,East,0.12,864.58,101.62,2024-04-19,2,491.24
O24-002844,CUST00674,P0003,West,0.05,2661.44,637.99,2024-02-02,2,1400.76
O24-005717,CUST00250,P0029,South,0.17,1930.25,201.98,2024-10-24,8,290.7
O24-008448,CUST01434,P0028,North,0.1,2360.72,391.27,2024-11-11,6,437.1703704
O24-002654,CUST00403,P0007,East,0.1,1895.31,432.34,2024-03-30,10,210.59
O24-008664,CUST00751,P0010,North,0.02,87.84,26.35,2024-08-10,1,89.63
O24-009640,CUST00123,P0040,North,0.05,72.2,14.17,2024-09-20,5,15.2
O24-004554,CUST00913,P0044,North,0.06,133.48,19.06,2024-10-13,10,14.2
O24-004871,CUST01480,P0038,North,0,96.53,18.26,2024-06-01,7,13.79
O24-004624,CUST00261,P0036,North,0.15,17.92,3.12,2024-03-28,1,21.08
O24-000615,CUST00550,P0003,East,0.04,6853.78,1674.01,2024-12-23,5,1427.87
O24-005779,CUST01026,P0017,East,0.06,195.54,29.6,2024-12-19,1,208.02
O24-007970,CUST01397,P0019,East,0.28,1359.11,121.46,2024-01-20,5,377.53
O24-001918,CUST00132,P0047,North,0.17,16.25,3.15,2024-01-19,2,9.789156627
O24-006283,CUST00838,P0022,North,0.2,1102.99,121.12,2024-04-18,2,689.37
O24-006329,CUST01033,P0011,North,0.03,85.86,21.8,2024-08-27,1,88.52
O24-004410,CUST01425,P0011,North,0.12,163.59,37.57,2024-08-19,2,92.95
O24-002132,CUST01013,P0048,North,0.22,9.55,1.17,2024-01-03,6,2.04
O24-008725,CUST00391,P0048,South,0.1,5.91,0.78,2024-03-21,3,2.19
O24-003865,CUST01423,P0006,South,0,982.75,158.63,2024-09-10,3,389.98
O24-001177,CUST00664,P0019,South,0.06,351.51,28.63,2024-05-23,1,373.95
O24-006793,CUST01346,P0036,West,0.34,13.72,1.46,2024-10-14,1,20.79
O24-008526,CUST01175,P0010,West,0.08,83.39,25.02,2024-04-28,1,90.64
O24-009926,CUST01381,P0005,North,0.08,1242.55,325.74,2024-08-27,3,450.2
O24-009091,CUST00494,P0002,West,0.15,1807.85,350.05,2024-01-27,4,531.72
O24-009458,CUST01161,P0013,East,0.09,35.36,9.11,2024-08-29,2,19.43
O24-003468,CUST01159,P0009,East,0.2,38.21,10.4,2024-07-11,2,23.88
O24-004113,CUST01336,P0006,North,0.1,712.01,175.53,2024-01-16,2,395.56
O24-003843,CUST00743,P0028,West,0,383.41,33.71,2024-10-09,1,445.82
O24-009810,CUST00511,P0012,East,0.1,73.8,13.43,2024-05-24,4,20.5
O24-001268,CUST01057,P0025,East,0.1,1368.87,184.77,2024-02-03,3,506.99
O24-008703,CUST01333,P0047,East,0.06,98.7,16.56,2024-07-04,10,10.5
O24-005452,CUST00824,P0004,East,0.2,2159.76,369.57,2024-05-19,3,899.9
O24-002074,CUST00474,P0015,North,0.07,49.11,11.79,2024-11-25,1,52.81
O24-003007,CUST01273,P0012,West,0.2,15.99,3.19,2024-03-29,1,19.99
O24-004744,CUST01447,P0025,North,0.05,1001.57,130.75,2024-01-17,2,527.14
O24-006390,CUST00028,P0033,East,0.14,32.07,5.23,2024-06-20,3,12.43023256
O24-001471,CUST00992,P0016,East,0.1,116.35,27.87,2024-08-10,2,64.64
O24-001793,CUST00652,P0011,North,0.12,152.56,34.55,2024-04-24,2,86.68
O24-004590,CUST00379,P0042,North,0.21,45.98,6.4,2024-04-20,2,29.1
O24-001383,CUST01168,P0009,East,0.08,169.28,40.52,2024-01-10,8,23
O24-001223,CUST00878,P0047,South,0.08,9.88,1.32,2024-06-15,1,10.74
O24-004657,CUST00718,P0027,South,0.16,754.64,76.16,2024-10-14,7,128.34
O24-006689,CUST01078,P0025,West,0.07,1953.22,264.39,2024-12-03,4,525.06
O24-006361,CUST00435,P0008,West,0.03,1079.86,296.12,2024-10-08,2,556.628866
O24-007456,CUST00033,P0013,North,0.08,85.93,20.1,2024-01-10,5,18.68
O24-008006,CUST01362,P0035,West,0.3,2.81,0.36,2024-12-29,1,4.02
O24-008529,CUST00837,P0018,North,0.06,1643.16,340.13,2024-08-04,4,437.01
O24-003561,CUST00252,P0048,North,0.16,1.83,0.26,2024-09-12,1,2.18
O24-000022,CUST01496,P0016,South,0.11,107.89,21.58,2024-10-04,2,60.61
O24-001966,CUST00717,P0044,East,0.06,14.85,2.3,2024-01-01,1,15.8
O24-003480,CUST00161,P0018,West,0.11,1137.98,145.57,2024-11-11,3,426.21
O24-006228,CUST01377,P0011,North,0.17,210.48,60.69,2024-07-15,3,84.53
O24-004768,CUST00122,P0019,South,0.11,744.57,68.82,2024-03-14,2,418.3
O24-006828,CUST00242,P0009,East,0.09,67.65,17.76,2024-08-18,3,24.78
O24-003251,CUST01456,P0026,North,0.22,1197,136.83,2024-03-05,3,511.54
O24-000827,CUST00816,P0036,East,0.1,75.06,12.48,2024-03-16,4,20.85
O24-003906,CUST00849,P0026,West,0.16,870.16,20.86,2024-08-26,2,517.95
O24-000118,CUST00972,P0005,North,0.02,3603.11,1051.46,2024-07-09,8,459.58
O24-009905,CUST00923,P0035,East,0.11,7.78,1.4,2024-12-20,2,4.37
O24-000324,CUST00779,P0011,North,0.02,273.48,68.7,2024-08-14,3,93.02
O24-004557,CUST01225,P0010,North,0.1,487.67,106.14,2024-12-10,6,90.31
O24-004416,CUST00527,P0002,West,0.07,492.57,117.83,2024-05-12,1,529.65
O24-008675,CUST00924,P0035,South,0.27,23.42,1.61,2024-04-30,8,4.01
O24-005579,CUST00152,P0004,East,0.26,645.88,130.91,2024-06-11,1,872.81
O24-007604,CUST01240,P0009,West,0.14,41.42,10.95,2024-11-01,2,24.08
O24-005513,CUST00334,P0038,North,0.09,73.6,12.18,2024-01-31,6,13.48
O24-009864,CUST01488,P0008,West,0.07,1707.87,424.26,2024-10-18,3,612.14
O24-001291,CUST00894,P0019,South,0.07,1785.14,187.91,2024-10-24,5,383.9
O24-006118,CUST00613,P0011,West,0.03,505.47,116.18,2024-08-02,6,86.85
O24-008052,CUST00975,P0037,East,0.06,12.25,2.82,2024-01-26,1,13.03
O24-006203,CUST00973,P0047,West,0.11,18.42,3.61,2024-10-05,2,10.35
O24-005124,CUST00532,P0046,South,0.16,5.17,0.5,2024-02-24,2,3.08
O24-009422,CUST00610,P0035,East,0.05,3.95,0.75,2024-07-20,1,4.16
O24-001590,CUST01123,P0006,East,0.22,291.43,66.7,2024-06-30,1,373.63
O24-000389,CUST00317,P0012,South,0.15,34.56,6.72,2024-07-04,2,20.33
O24-001170,CUST00043,P0041,West,0.26,24.4,2.08,2024-10-03,1,32.97
O24-009688,CUST00454,P0001,West,0.05,6443.51,1462.82,2024-07-17,6,1130.44
O24-005254,CUST01280,P0010,West,0.03,184.26,45.77,2024-11-26,2,94.98
O24-007760,CUST00915,P0011,East,0.2,138.4,31.94,2024-11-30,2,86.5
O24-000971,CUST00223,P0013,South,0.12,84.92,17.22,2024-04-11,5,19.3
O24-005997,CUST00206,P0029,South,0.3,1192.3,27.92,2024-08-26,6,283.88
O24-003464,CUST00135,P0012,South,0.24,60.59,9.79,2024-09-03,4,19.93
O24-000660,CUST00985,P0017,North,0.06,205.39,37.52,2024-01-22,1,218.5
O24-004611,CUST00560,P0004,West,0.11,1602.89,334.9,2024-11-14,2,900.5
O24-002170,CUST00665,P0027,South,0.15,321.43,18.22,2024-03-21,3,126.05
O24-003573,CUST00403,P0012,West,0.18,31.98,6.21,2024-10-03,2,19.5
O24-000888,CUST00904,P0030,South,0.29,541.3,29.96,2024-10-30,8,95.3
O24-008335,CUST01159,P0044,North,0.24,11.63,1.54,2024-11-11,1,15.3
O24-001958,CUST00678,P0043  ,West,0.15,64.26,9.24,2024-02-03,2,37.8
O24-007063,CUST00680,P0003,North,0.12,1252.07,302.41,2024-11-25,1,1422.81
O24-009606,CUST00873,P0006,East,0.06,340.83,85.02,2024-12-27,1,362.58
O24-003960,CUST00698,P0036,North,0.09,36.16,8.18,2024-08-21,2,19.87
O24-001192,CUST00495,P0023,South,0.4,164.59,-7.39,2024-11-08,1,274.32
O24-006608,CUST01283,P0024,West,0.16,1647.3,97.9,2024-10-11,3,653.69
O24-002708,CUST00029,P0014,South,0.16,70.04,14.83,2024-09-12,2,41.69
O24-001695,CUST00864,P0016,South,0.23,49.15,8.32,2024-12-27,1,63.83
O24-000205,CUST00100,P0001,South,0.07,3061.55,774.31,2024-12-22,3,1097.33
O24-002508,CUST00987,P0002,South,0.24,1670.45,322.66,2024-12-10,4,549.49
O24-001013,CUST00885,P0020,East,0.14,225.78,25.15,2024-04-13,1,262.53
O24-004164,CUST01085,P0015,South,0.11,286.54,53.36,2024-06-02,6,53.66
O24-005586,CUST00357,P0035,East,0.15,6.82,1.14,2024-01-17,2,4.01
O24-004356,CUST01015,P0029,South,0.15,248.29,24.17,2024-06-04,1,292.11
O24-005831,CUST00622,P0012,North,0.17,16.62,3.31,2024-07-31,1,20.02409639
O24-004500,CUST00781,P0026,West,0.08,1864.25,198.77,2024-06-14,4,506.59
O24-000949,CUST00192,P0018  ,North,0.13,1547.87,187.85,2024-03-23,4,444.79
O24-004013,CUST00969,P0002,North,0.15,1308.43,285.61,2024-11-30,3,513.11
O24-006600,CUST01458,P0007,West,0.06,2269.42,649.84,2024-11-11,11,219.48
O24-007196,CUST00585,P0001,South,0.11,2063.23,382.72,2024-04-27,2,1159.12
O24-000529,CUST00911,P0017,North,0.2,165.66,22.76,2024-03-09,1,207.08
O24-002715,CUST01022,P0009,West,0.06,70.08,20.64,2024-08-10,3,24.85
O24-007751,CUST00019,P0012,East,0.18,15.79,3.25,2024-05-01,1,19.25
O24-004959,CUST00134,P0004,West,0.08,4095.98,1074.42,2024-10-13,5,890.43
O24-004850,CUST00817,P0045,East,0,13,2.57,2024-09-14,5,2.6
O24-007906,CUST01219,P0011,West,0.16,143.35,30.33,2024-04-16,2,85.33
O24-009747,CUST01460,P0009,North,0.15,42.08,9.29,2024-05-07,2,24.75
O24-008821,CUST00012,P0014,West,0.11,214.72,50.93,2024-05-13,6,40.21
O24-004658,CUST01438,P0005,West,0.15,845.26,203.96,2024-05-09,2,497.21
O24-005979,CUST00668,P0015,North,0.1,239.26,58.57,2024-08-31,5,53.17
O24-000990,CUST01366,P0044,East,0.18,63.02,10.71,2024-07-20,5,15.37
O24-003274,CUST00193,P0004,West,0.15,3653.81,885.87,2024-06-01,5,859.72
O24-004561,CUST01270,P0014,South,0.14,69.59,15.2,2024-09-15,2,40.46
O24-001824,CUST00945,P0040,East,0.16,27.12,4.53,2024-06-05,2,16.14
O24-005293,CUST00641,P0042,West,0.1,51.75,9.08,2024-06-17,2,28.75
O24-008262,CUST01099,P0015,East,0.11,47.92,10.06,2024-10-03,1,53.84
O24-008986,CUST00004,P0022,North,0,689.27,117.36,2024-11-10,1,689.27
O24-009807,CUST01212,P0045,East,0.06,2.41,0.46,2024-04-03,1,2.56
O24-008501,CUST01001,P0025,South,0.19,415.09,20.54,2024-02-18,1,512.46
O24-001215,CUST00490,P0010,East,0.13,79.18,17.15,2024-03-09,1,91.01
O24-005490,CUST01030,P0040,North,0.12,14.18,2.61,2024-06-10,1,16.11
O24-004303,CUST00933,P0046,North,0.11,5.66,1.03,2024-11-10,2,3.18
O24-001296,CUST00211,P0032,North,0.21,3854.8,523.31,2024-12-24,10,487.95
O24-003737,CUST01414,P0011,North,0,60.44,8.06,2024-01-14,1,87.6
O24-008692,CUST00089,P0020,North,0.19,215.8,28.02,2024-06-11,1,266.42
O24-005469,CUST00996,P0017,North,0.23,327.14,41.2,2024-12-28,2,212.43
O24-006917,CUST01484,P0044,South,0.39,9.14,0.5,2024-12-03,1,14.99
O24-000173,CUST00870,P0008,North,0.19,2360.87,459.06,2024-12-20,5,582.93
O24-000293,CUST01176,P0013,West,0.08,95.5,25.24,2024-07-16,5,20.76
O24-008964,CUST00144,P0023,North,0.02,1580.25,233.64,2024-01-12,6,268.75
O24-006069,CUST00838,P0030,South,0.11,452.21,37.94,2024-05-09,5,101.62
O24-005220,CUST00746,P0009,West,0.22,105.96,24.57,2024-08-02,6,22.64
O24-003524,CUST01207,P0044,East,0.15,64.43,12.63,2024-04-28,5,15.16
O24-000868,CUST00907,P0002,West,0.19,1737.55,338.88,2024-09-18,4,536.28
O24-002465,CUST01488,P0025,West,0.09,1465,218.38,2024-08-21,3,536.63
O24-001393,CUST01328,P0009,West,0.09,21.3,5.66,2024-05-18,1,23.41
O24-006733,CUST01439,P0012,North,0.02,144.33,43.21,2024-02-01,7,21.04
O24-009705,CUST00936,P0020,North,0.21,632.51,77.37,2024-11-30,3,266.88
O24-002526,CUST01328,P0015,North,0.04,209.13,51.07,2024-12-24,4,54.46
O24-000135,CUST00979,P0046,West,0.06,5.66,0.94,2024-09-06,2,3.01
O24-005345,CUST01245,P0042,South,0.23,179.13,21.49,2024-06-14,8,29.08
O24-004948,CUST00765,P0001,West,0.05,4466.98,1170.96,2024-10-02,4,1175.52
O24-009618,CUST00356,P0003,South,0.15,1192.42,204.72,2024-08-01,1,1402.85
O24-008667,CUST00731,P0007,North,0.02,1905.3,505.17,2024-12-21,9,216.02
O24-004998,CUST00153,P0030,South,0.13,181.64,15.76,2024-08-04,2,104.3908046
O24-006490,CUST00336,P0043,West,0.05,37.55,6.55,2024-04-17,1,39.53
O24-009879,CUST00114,P0003,East,0.07,1288.64,350.78,2024-10-27,1,1385.63
O24-007117,CUST01405,P0043,South,0.06,113.28,16.67,2024-11-08,3,40.17
O24-008466,CUST00674,P0010,East,0.15,774.52,183.71,2024-08-08,10,91.12
O24-008960,CUST00964,P0043,North,0.11,68.49,15.46,2024-08-26,2,38.48
O24-006618,CUST01390,P0037,South,0.24,9.79,1.06,2024-09-18,1,12.88
O24-004726,CUST00435,P0026,East,0.17,1260.24,143.67,2024-10-10,3,506.12
O24-007458,CUST01451,P0021,West,0.07,405.72,57.54,2024-10-31,2,218.13
O24-009643,CUST01441,P0010,North,0.1,652.82,114.15,2024-12-08,8,90.67
O24-005154,CUST00444,P0002,West,0.05,2073.66,567.59,2024-08-23,4,545.7
O24-001800,CUST00605,P0021,South,0.12,1561.26,102.95,2024-04-27,8,221.77
O24-009399,CUST00585,P0014,West,0.17,132.53,28.56,2024-11-12,4,39.92
O24-001011,CUST01302,P0002,West,0.09,481.34,112.58,2024-08-06,1,528.94
O24-007016,CUST01245,P0011,East,0,515.76,124.53,2024-11-19,6,85.96
O24-001195,CUST01107,P0019,South,0.22,599.1,54.66,2024-10-23,2,384.0384615
O24-002007,CUST00310,P0019,North,0.14,1703.1,242.11,2024-06-23,5,396.07
O24-005788,CUST00022,P0043,West,0.02,77.44,12.16,2024-01-28,2,39.51
O24-001303,CUST00591,P0020,West,0.07,257.29,36.43,2024-01-09,1,276.66
O24-005444,CUST01074,P0047,West,0.31,13.48,1.94,2024-03-10,2,9.77
O24-005620,CUST00758,P0001,North,0.15,8041.34,1488.43,2024-09-24,8,1182.55
O24-002936,CUST01263,P0040,North,0.09,55.29,13.94,2024-12-14,4,15.19
O24-002791,CUST00267,P0005,East,0.15,401.73,102.67,2024-06-26,1,472.62
O24-001270,CUST00689,P0017,West,0.11,556.86,57.32,2024-07-11,3,208.56
O24-006348,CUST00066,P0009,West,0.02,91.81,25.25,2024-10-13,4,23.42
O24-000566,CUST01321,P0033,North,0.18,10.8,1.52,2024-04-21,1,13.17
O24-003244,CUST00379,P0044,East,0.22,11.89,1.79,2024-05-10,1,15.24
O24-004625,CUST01271,P0010,East,0.08,344.82,79.56,2024-12-10,4,93.7
O24-006124,CUST00464,P0018,North,0.04,434.07,80.67,2024-11-17,1,452.16
O24-000025,CUST01382,P0002,North,0.29,752.44,151.93,2024-08-03,2,529.8873239
O24-002819,CUST01133,P0038,East,0.16,11.98,1.72,2024-05-09,1,14.26
O24-001635,CUST00635,P0019,South,0.1,1130.62,103.2,2024-09-13,3,418.75
O24-003484,CUST00240,P0048,East,0.09,19.38,3.2,2024-09-07,10,2.13
O24-006603,CUST00726,P0007,North,0.05,1247.1,307.78,2024-06-10,6,218.79
O24-007239,CUST00090,P0016,West,0.12,110.3,33.09,2024-09-05,2,62.67
O24-002444,CUST00225,P0014,South,0.12,102.83,19.75,2024-01-20,3,38.95
O24-003287,CUST00360,P0042,North,0.16,24.41,3.16,2024-07-15,1,29.06
O24-007632,CUST01196,P0015,West,0.1,100.57,27.89,2024-12-25,2,55.87
O24-005137,CUST01403,P0044,West,0.06,74.59,11.56,2024-05-04,5,15.87
O24-009122,CUST00573,P0004,South,0.16,2282.52,361.91,2024-10-13,3,905.76
O24-008984,CUST00818,P0025,North,0.14,1380.33,177.47,2024-11-03,3,535.01
O24-008939,CUST00196,P0015,North,0.03,99.35,21.93,2024-12-30,2,51.21
O24-001685,CUST00518,P0013,East,0.03,118.96,35.69,2024-08-09,6,20.44
O24-008746,CUST00361,P0023,South,0.1,1028.7,80.18,2024-08-22,4,285.75
O24-007989,CUST00288,P0034,East,0.11,35.67,5.51,2024-04-02,4,10.02
O24-002303,CUST01198,P0021,North,0.11,205.9,34.29,2024-04-30,1,231.35
O24-000899,CUST01304,P0027,East,0.02,1353.43,179.15,2024-11-22,11,125.55
O24-000245,CUST00262,P0045,West,0.07,9.6,1.58,2024-09-23,4,2.58
O24-009430,CUST00740,P0003,West,0.08,4864,1042.95,2024-11-29,4,1321.74
O24-006741,CUST01263,P0003,East,0.02,2726.61,731.54,2024-09-26,2,1391.127551
O24-006360,CUST00852,P0047,West,0.16,8.35,1.16,2024-06-08,1,9.94
O24-002557,CUST00274,P0011,East,0.16,77.66,18.36,2024-07-02,1,92.45
O24-002168,CUST00252,P0043,West,0.06,107.02,22.17,2024-10-19,3,37.95
O24-004662,CUST00677,P0026,West,0.1,3616.85,462.08,2024-05-05,8,502.34
O24-006273,CUST01399,P0001,North,0.15,1013,237.59,2024-05-11,1,1191.77
O24-003853,CUST00620,P0048,North,0,6.57,1.39,2024-11-25,3,2.19
O24-000343,CUST00445,P0005,North,0.09,417.33,109.25,2024-09-15,1,458.6
O24-004582,CUST01456,P0025,East,0.12,900.22,105.46,2024-01-15,2,511.49
O24-006780,CUST00209,P0014,West,0.1,71.1,14.21,2024-08-25,2,39.5
O24-008232,CUST01327,P0020,North,0.07,2512.77,305.38,2024-05-09,10,270.19
O24-006830,CUST00695,P0017,North,0.16,187.03,22.9,2024-07-23,1,222.66
O24-003399,CUST01063,P0008,South,0.17,1476.17,187.78,2024-01-01,3,592.84
O24-001301,CUST00271,P0005,North,0.06,2163.03,548.32,2024-09-22,5,460.22
O24-004889,CUST00967,P0001,North,0.13,985.22,225.52,2024-06-07,1,1132.44
O24-006730,CUST01302,P0041,North,0.08,29.14,4.49,2024-01-08,1,31.67
O24-000430,CUST00796,P0015,East,0.15,188.8,40.74,2024-02-29,4,55.53
O24-007012,CUST00630,P0010,West,0.14,1088.66,225.4,2024-01-27,14,90.42
O24-001427,CUST00892,P0019,South,0.2,938.54,127.32,2024-08-16,3,391.06
O24-000102,CUST00190,P0046,North,0.17,2.52,0.42,2024-10-04,1,3.04
O24-009711,CUST01339,P0012,East,0.11,17.27,4.1,2024-12-08,1,19.4
O24-000825,CUST00325,P0010,West,0.09,81.67,21.31,2024-11-28,1,89.74725275
O24-008930,CUST00258,P0022,West,0.08,1271.97,205.3,2024-03-09,2,691.2880435
O24-005276,CUST00226,P0011,South,0.12,294.24,50.29,2024-03-23,4,83.59
O24-000235,CUST01037,P0044,East,0.28,10.52,1.8,2024-11-29,1,14.61
O24-007357,CUST00913,P0030,West,0.09,181.91,26.3,2024-05-09,2,99.95
O24-001209,CUST00183,P0012,East,0.06,37.79,8.78,2024-07-25,2,20.1
O24-008432,CUST00180,P0031,West,0.03,764.34,99.57,2024-09-18,3,262.66
O24-008065,CUST00661,P0007,North,0.07,387.61,91.45,2024-09-05,2,208.39
O24-002043,CUST00643,P0005,South,0.12,806.64,160.02,2024-12-09,2,458.32
O24-000305,CUST01061,P0004,West,0.06,2487.75,746.32,2024-12-23,3,882.18
O24-005727,CUST00009,P0030,South,0.1,88.61,4.24,2024-04-23,1,98.46
O24-001231,CUST00617,P0042,South,0.14,25.86,3.26,2024-11-19,1,30.07
O24-000679,CUST00037,P0032,South,0.26,1445.99,64.66,2024-09-07,4,488.51
O24-001219,CUST00911,P0018,East,0.05,415.36,66.69,2024-10-25,1,437.22
O24-000605,CUST00889,P0020,South,0.17,218.11,13.89,2024-12-19,1,262.7831325
O24-004418,CUST01018,P0001,South,0.25,2800.78,547.32,2024-11-10,3,1244.79
O24-000039,CUST01045,P0014,North,0.24,31.08,7,2024-01-03,1,40.89
O24-004173,CUST00990,P0047,East,0.15,25.42,3.83,2024-09-24,3,9.97
O24-000007,CUST01073,P0016,West,0.06,369.31,82.61,2024-08-26,6,65.48
O24-000980,CUST01455,P0040,South,0.16,38.48,3.61,2024-08-22,3,15.27
O24-007148,CUST00726,P0021,East,0.15,546.21,70.31,2024-11-15,3,214.2
O24-001220,CUST00173,P0007,North,0.06,608.5,150.87,2024-09-29,3,215.78
O24-000084,CUST01347,P0043,East,0.09,34.7,6.13,2024-10-20,1,38.13
O24-006665,CUST01139,P0038,South,0.11,47.56,7.83,2024-07-09,4,13.36
O24-003941,CUST00321,P0036,South,0.27,73.04,5.51,2024-03-15,5,20.01
O24-000773,CUST00290,P0003  ,South,0.1,5019.08,1002.29,2024-01-13,4,1394.19
O24-003446,CUST01190,P0026,North,0.21,394.43,33.26,2024-04-20,1,499.28
O24-001462,CUST00510,P0048,West,0,7.7,1.32,2024-11-26,4,2.14
O24-001585,CUST00490,P0048,North,0.09,1.92,0.29,2024-04-08,1,2.11
O24-007238,CUST00617,P0014,North,0.19,97.39,23.73,2024-03-18,3,40.08
O24-003685,CUST01149,  P0047,West,0.05,10.11,2.01,2024-12-11,1,10.64
O24-001638,CUST00817,P0003,East,0.3,4773.93,870.71,2024-02-11,5,1363.98
O24-005022,CUST01458,P0043,West,0.07,393.75,80.91,2024-12-17,11,38.49
O24-005928,CUST01091,P0023,North,0.15,232.4,21.97,2024-01-07,1,273.41
O24-007533,CUST00615,P0015,North,0.09,144.74,38.16,2024-04-18,3,53.02
O24-000797,CUST00605,P0028,North,0,1814.12,262.92,2024-11-18,4,453.53
O24-001395,CUST00667,P0048,South,0.19,5.15,0.62,2024-12-19,3,2.12
O24-006452,CUST00265,P0008,East,0,596.82,178.96,2024-03-16,1,596.82
O24-007808,CUST00128,P0002,East,0.1,2382.57,614.97,2024-01-05,5,529.46
O24-007230,CUST00978,P0029,East,0.11,510.5,67.13,2024-11-19,2,286.8
O24-006757,CUST01279,P0028,West,0.16,2860.3,347.48,2024-04-06,8,425.64
O24-002778,CUST01198,P0048,East,0.1,1.99,0.41,2024-02-19,1,2.21
O24-006046,CUST01058,P0033,West,0.19,21.98,3.26,2024-01-20,2,13.57
O24-000390,CUST00396,P0040,East,0.17,12.6,1.95,2024-03-20,1,15.18
O24-000928,CUST01396,P0015,North,0.12,237.86,59.91,2024-09-20,5,54.06
O24-003834,CUST00582,P0014,North,0.1,148.79,34.89,2024-05-20,4,41.33
O24-008359,CUST00083,P0007,East,0.02,203.85,43.51,2024-03-25,1,208.01
O24-000677,CUST01489,P0036,North,0.31,14.71,1.12,2024-04-15,1,21.32
O24-008762,CUST01017,P0027,East,0.22,202.29,26.76,2024-06-30,2,129.67
O24-005316,CUST00693,P0001,East,0.07,1040.14,295.9,2024-05-13,1,1118.43
O24-008064,CUST01465,P0006,West,0.17,1274.18,260.33,2024-05-08,4,383.79
O24-004152,CUST01153,P0013,East,0,37.82,11.35,2024-10-12,2,18.91
O24-000249,CUST01319,P0026,West,0,890.87,144.3,2024-12-11,2,517.95
O24-002133,CUST00776,P0041,North,0.19,77.88,9.25,2024-12-10,3,32.05
O24-001035,CUST01027,P0012,East,0.11,72.2,16.89,2024-01-29,4,20.28
O24-001119,CUST01049,P0002,North,0.16,465.18,116.92,2024-11-19,1,553.79
O24-008371,CUST00432,P0044,North,0.1,13.8,2.56,2024-10-23,1,15.33
O24-002220,CUST01440,P0013,West,0.04,38.98,10.51,2024-10-28,2,20.3
O24-007504,CUST00744,P0034,West,0.13,34.59,5.03,2024-12-25,4,9.94
O24-008062,CUST01345,P0045,West,0,2.6,0.44,2024-02-12,1,2.6
O24-004083,CUST00161,P0021,North,0.33,456.21,64.68,2024-12-30,3,226.97
O24-006254,CUST01485,P0045,South,0.06,12.5,1.66,2024-11-30,5,2.66
O24-002304,CUST01281,P0023,North,0.15,721.5,64.52,2024-07-21,3,282.94
O24-000572,CUST01385,P0029,North,0.12,513.25,67.94,2024-07-25,2,291.62
O24-005041,CUST01093,P0001,North,0.07,5381.54,1063.08,2024-09-01,5,1157.32
O24-006308,CUST01221,P0017,East,0.24,329.19,35.87,2024-06-13,2,216.57
O24-004291,CUST00032,P0036,North,0.03,20,4.52,2024-03-11,1,20.62
O24-006885,CUST00945,P0033,South,0.2,41.82,4.65,2024-10-01,4,13.07
O24-000754,CUST00524,P0043,East,0.15,69.62,11.96,2024-06-12,2,40.95
O24-009585,CUST01125,P0016,North,0.22,52.37,7.58,2024-06-08,1,67.14102564
O24-003839,CUST01277,P0019,South,0.19,1612.35,206.86,2024-01-05,5,398.1111111
O24-006399,CUST00283,P0043,West,0.03,115.15,21.36,2024-03-15,3,39.57
O24-001453,CUST00324,P0007,North,0.16,510.48,127.01,2024-01-17,3,202.57
O24-005235,CUST00558,P0041,North,0.09,235.65,33.18,2024-07-22,8,32.37
O24-002390,CUST01215,P0026,North,0.12,2507.37,333.92,2024-05-14,6,474.88
O24-003261,CUST00084,P0020,East,0.2,418.18,52.69,2024-05-22,2,261.36
O24-007408,CUST00437,P0017,East,0.04,826.87,92.99,2024-11-30,4,215.33
O24-006961,CUST00402,P0037  ,North,0.08,80.04,14.42,2024-03-13,6,14.5
O24-001174,CUST00575,P0045,East,0.15,2.25,0.27,2024-08-12,1,2.65
O24-003955,CUST01062,P0025,South,0.18,1678.21,141.73,2024-12-14,4,511.65
O24-005243,CUST00442,P0024,North,0.13,552.89,78.9,2024-10-05,1,635.51
O24-007734,CUST00655,P0043,North,0.1,76.75,13.83,2024-04-26,2,42.64
O24-004337,CUST00935,P0012,East,0.13,102.05,26.06,2024-05-16,6,19.55
O24-007584,CUST01034,P0024,East,0.03,8328.78,1043.86,2024-10-29,13,660.49
O24-001056,CUST01441,P0034,West,0.19,17.12,2.54,2024-03-22,2,10.57
O24-005525,CUST00420,P0047,East,0.11,26.38,4.11,2024-12-14,3,9.88
O24-003060,CUST00283,P0005,South,0.22,367.66,61.13,2024-04-17,1,471.36
O24-007715,CUST00848,P0002,South,0.15,932.96,137.67,2024-10-13,2,548.8
O24-008286,CUST00706,P0016,North,0.05,248.48,73.82,2024-12-31,4,65.39
O24-004791,CUST00897,P0002,East,0.26,1212.01,298.82,2024-04-08,3,545.95
O24-009158,CUST01437,P0033,South,0.28,28.64,2.03,2024-01-27,3,13.26
O24-004680,CUST00276,P0008,East,0.11,1032.44,233.18,2024-10-13,2,580.02
O24-000302,CUST00036,P0022,West,0.07,3035.98,491.3,2024-12-29,5,652.9
O24-003137,CUST00130,P0006,North,0.08,1762.95,378.55,2024-04-06,5,383.25
O24-002023,CUST00248,P0033,North,0.17,21.6,3.42,2024-01-31,2,13.01
O24-004987,CUST00476,P0011,South,0.11,152.96,32.4,2024-02-09,2,85.93
O24-009595,CUST00981,P0005,South,0.27,690.8,127.64,2024-04-01,2,473.15
O24-005907,CUST00313,P0018,West,0.34,612.03,79.14,2024-02-02,2,463.66
O24-002338,CUST01462,P0015,North,0.05,52.14,14.23,2024-02-15,1,54.88
O24-000038,CUST00760,P0035,South,0.04,8.33,1.5,2024-05-02,2,4.34
O24-005043,CUST01394,P0030,West,0.07,97.71,14.3,2024-11-13,1,105.06
O24-009166,CUST01369,P0010,West,0.24,68.74,13.02,2024-11-18,1,90.45
O24-007172,CUST01023,P0033,South,0.16,11.16,1.42,2024-09-27,1,13.29
O24-003177,CUST01309,P0007,East,0.1,367.99,95.15,2024-10-08,2,204.44
O24-008780,CUST00914,P0014,West,0.06,114.66,26.79,2024-05-29,3,40.66
O24-004031,CUST00875,P0017,East,0.07,208.7,32.12,2024-12-15,1,224.41
O24-002823,CUST01169,P0001,West,0.06,2172.77,534.13,2024-06-06,2,1155.73
O24-004348,CUST00385,P0044,South,0.18,25.16,2.67,2024-08-15,2,15.34
O24-000399,CUST00406,P0033,North,0.08,12.16,2.16,2024-11-01,1,13.22
O24-003598,CUST01282,P0041,South,0.14,55.93,8.56,2024-11-21,2,32.52
O24-000785,CUST00525,P0001,North,0.06,10857.75,3022.84,2024-02-02,10,1155.08
O24-007066,CUST00582,P0047,North,0.04,29.81,4.96,2024-10-23,3,10.35
O24-002907,CUST01167,P0004,East,0.25,1355.42,313.36,2024-04-07,2,903.6133333
O24-009503,CUST00894,P0001,North,0.02,5771.96,1731.59,2024-07-24,5,1177.95
O24-008704,CUST00221,P0029,West,0.22,453.15,58.17,2024-05-17,2,290.48
O24-002363,CUST00659,P0024,East,0.2,538.46,56.71,2024-02-04,1,673.075
O24-006152,CUST00057,P0025,West,0,946.48,152.35,2024-05-26,2,514.39
O24-006796,CUST01457,P0014,East,0.07,37.37,7.75,2024-12-26,1,40.18
O24-009626,CUST00290,P0002,South,0.13,921.68,198.96,2024-10-17,2,529.7
O24-007933,CUST00452,P0007,South,0.22,1269.09,245.43,2024-12-17,8,203.38
O24-002933,CUST01340,P0004,North,0.19,1526.83,313.84,2024-12-05,2,942.4876543
O24-000367,CUST00207,P0016,North,0.1,57.82,12.77,2024-02-09,1,64.25
O24-005867,CUST01379,P0004,South,0.12,1586.87,319.39,2024-05-09,2,901.63
O24-003580,CUST01341,P0036,East,0.01,41.03,8.73,2024-07-02,2,20.72222222
O24-009989,CUST00693,P0043,East,0.06,155.74,33.31,2024-05-27,4,41.42
O24-006893,CUST01079,P0025,South,0.06,473.17,37.96,2024-01-31,1,503.37
O24-004588,CUST00107,P0004,West,0.03,3606.69,844.12,2024-03-29,4,929.56
O24-006048,CUST01069,P0042,South,0.09,159.21,19.51,2024-05-14,6,29.16
O24-000664,CUST01014,P0044,East,0.04,29.91,5.84,2024-12-18,2,15.58
O24-006351,CUST01423,P0011,East,0.05,468.71,115.82,2024-04-23,6,82.23
O24-004216,CUST00645,P0041,North,0.11,56.98,11.11,2024-06-13,2,32.01
O24-004668,CUST01113,P0014,South,0.37,100.17,9.49,2024-06-09,4,39.75
O24-009102,CUST01166,P0020,North,0.03,260.41,39.53,2024-10-07,1,268.46
O24-003372,CUST00370,P0010,North,0.05,246.07,61.88,2024-07-26,3,86.34
O24-004003,CUST01438,P0014,East,0.05,77.94,15.69,2024-09-23,2,41.02
O24-008847,CUST01369,P0045,West,0.07,9.71,1.58,2024-11-03,4,2.61
O24-007272,CUST00673,P0012,East,0.03,119.19,28.21,2024-08-12,6,20.48
O24-003965,CUST00204,P0040,South,0.13,39.54,4.52,2024-08-28,3,15.15
O24-009292,CUST00298,P0034,South,0.1,17.91,2.68,2024-09-14,2,9.95
O24-009906,CUST00536,P0013,East,0.12,16.46,3.38,2024-12-08,1,18.7
O24-001643,CUST01176,P0047,North,0.04,28.6,5.28,2024-04-04,3,9.93
O24-004672,CUST00609,P0028,North,0.03,1631.93,334.73,2024-10-09,4,420.6
O24-000693,CUST00476,P0008,South,0.05,1751.72,375.98,2024-01-23,3,614.64
O24-008913,CUST00467,P0018,South,0.18,1039.01,107.92,2024-06-03,3,422.36
O24-007974,CUST00264,P0046,West,0.25,4.35,0.66,2024-10-27,2,2.9
O24-006853,CUST00612,P0006,West,0.25,285.25,59.91,2024-12-06,1,380.33
O24-001238,CUST00812,P0014,East,0.06,38.38,10.24,2024-03-21,1,40.83
O24-009405,CUST01129,P0019,West,0.22,626.12,54.67,2024-03-26,2,401.36
O24-000332,CUST00562,P0005,South,0.18,1166.83,175.41,2024-01-27,3,474.32
O24-005701,CUST01003,P0039,North,0.09,25.24,4.15,2024-04-18,2,13.87
O24-002200,CUST00919,P0046,West,0.16,9.91,1.89,2024-03-17,4,2.95
O24-003006,CUST00303,P0047,West,0.16,26.43,3.56,2024-01-08,3,10.49
O24-000890,CUST00679,P0031,East,0,279.76,46.54,2024-09-20,1,279.76
O24-002447,CUST00429,P0025,East,0.16,435.22,45.97,2024-09-25,1,518.12
O24-004911,CUST00652,P0041,South,0.11,116.27,13.14,2024-12-07,4,32.66
O24-003929,CUST01125,P0038,South,0.25,101.78,4.81,2024-09-14,10,13.57
O24-000784,CUST00028,P0013,North,0.06,18.64,4.93,2024-10-15,1,19.83
O24-007949,CUST01281,P0017,South,0.22,837.14,8.6,2024-07-01,5,214.65
O24-005716,CUST01175,P0015,East,0.13,48.34,12.72,2024-12-24,1,55.56
O24-002482,CUST01041,P0018,East,0.06,3290.83,511.8,2024-12-06,8,437.61
O24-000094,CUST01493,P0027,North,0.04,481.04,65.17,2024-02-23,4,125.27
O24-009348,CUST01026,P0028,West,0.06,1333.41,163.72,2024-09-16,3,472.84
O24-005195,CUST01101,P0009,West,0.08,110.81,27.81,2024-03-10,5,24.09
O24-001564,CUST01472,P0034,West,0.05,9.2,2.37,2024-04-22,1,9.68
O24-009522,CUST00075,P0040,South,0.22,47.7,3.95,2024-12-05,4,15.29
O24-003678,CUST00066,P0022,West,0.16,1654.91,233.42,2024-08-05,3,656.71
O24-002288,CUST00244,P0010,East,0.09,406.82,82.89,2024-08-15,5,89.41
O24-004259,CUST00286,P0008,East,0.2,470.25,111.93,2024-02-21,1,587.81
O24-009134,CUST01023,P0004,East,0.08,4163.92,1088.07,2024-02-24,5,905.2
O24-009974,CUST01219,P0037,South,0.24,10.35,1.15,2024-03-25,1,13.62
O24-006212,CUST01441,P0004,East,0.07,4347.42,1007.24,2024-09-12,5,934.93
O24-003401,CUST00027,P0005,West,0.02,1849.57,466.3,2024-05-11,4,471.83
O24-003901,CUST01080,P0028,East,0.06,2464.79,330.14,2024-06-08,6,437.02
O24-002472,CUST01463,P0039,South,0.12,62.7,11.51,2024-08-28,5,14.25
O24-004071,CUST01422,P0003,East,0.16,2443.39,511.06,2024-12-31,2,1454.4
O24-009791,CUST01443,P0019,West,0.08,2654.18,309.75,2024-01-29,7,412.14
O24-002847,CUST00305,P0036  ,North,0.16,17.35,3.03,2024-06-22,1,20.66
O24-008392,CUST00174,P0014,East,0.08,75.53,15.7,2024-11-16,2,41.05
O24-001860,CUST00183,P0030,North,0.11,187.59,18.28,2024-09-27,2,105.39
O24-008515,CUST00643,P0030,East,0.1,275.89,42.76,2024-12-13,3,102.18
O24-005242,CUST00790,P0008,East,0.09,1028.23,248.5,2024-05-19,2,564.96
O24-002067,CUST00465,P0033,East,0.09,45.86,9.92,2024-04-11,4,12.6
O24-004199,CUST00119,P0020,North,0.33,717.6,58.5,2024-12-17,4,267.76
O24-005442,CUST00464,P0040,North,0.13,26.57,5.46,2024-11-17,2,15.27
O24-005666,CUST01213,P0011,South,0.16,144.3,26.76,2024-09-10,2,85.89
O24-002863,CUST00706,P0042,East,0.09,27.74,5.45,2024-11-26,1,30.48
O24-008682,CUST00055,P0028,East,0.37,1423.14,94.16,2024-08-20,5,451.79
O24-003112,CUST00634,P0033,East,0.05,172.77,31.28,2024-12-10,14,12.99
O24-001518,CUST00566,P0034,South,0.28,44.37,1.69,2024-10-03,6,10.27
O24-009316,CUST00398,P0014,West,0.12,35.25,8.51,2024-12-12,1,40.06
O24-005486,CUST00542,P0024,West,0.06,1195,139.72,2024-08-27,2,635.64
O24-005487,CUST01471,P0024,North,0.02,1906.59,251.65,2024-06-26,3,648.5
O24-004826,CUST00661,P0033,East,0.02,39.16,8.56,2024-10-01,3,13.32
O24-003229,CUST00175,P0007,South,0.15,991.08,182.99,2024-08-21,6,194.33
O24-000723,CUST01221,P0008,North,0.04,1755.16,452.74,2024-05-16,3,609.43
O24-008174,CUST00841,P0005,North,0.24,363.39,87.82,2024-09-27,1,478.14
O24-001702,CUST00132,P0006,East,0.16,995.88,206.93,2024-06-10,3,395.19
O24-008066,CUST00512,P0023,South,0.09,736.01,65.34,2024-09-10,3,269.6
O24-008296,CUST00372,P0003,South,0.18,1175.97,228.35,2024-10-15,1,1434.11
O24-003141,CUST01044,P0012,North,0.04,58.61,15.7,2024-12-28,3,20.35
O24-005313,CUST00059,P0008,East,0.06,539.54,133.03,2024-09-13,1,573.98
O24-003432,CUST00810,P0047,North,0.16,26.54,4.22,2024-09-19,3,10.53
O24-003321,CUST00611,P0005,East,0.12,404.51,90.52,2024-11-12,1,459.67
O24-004206,CUST01108,P0024,East,0.06,1244.88,216.37,2024-02-22,2,662.17
O24-009140,CUST01157,P0038,North,0.1,36.91,5.46,2024-08-30,3,13.67
O24-003597,CUST00322,P0044,West,0.08,57.81,9.41,2024-03-09,4,15.71
O24-008612,CUST01473,P0010,West,0.35,480.27,83.49,2024-08-06,8,92.36
O24-007685,CUST00019,P0013,South,0.11,104.34,17.67,2024-03-19,6,19.53932584
O24-003821,CUST01437,P0040,South,0.19,24.77,3.28,2024-06-12,2,15.29
O24-006180,CUST01253,P0043,East,0.1,205.25,35.06,2024-10-24,6,38.01
O24-005603,CUST01212,P0041,North,0.12,27.43,6.08,2024-05-05,1,31.17
O24-006299,CUST01445,P0003,South,0.09,10822.45,2038.22,2024-12-10,8,1486.6
O24-007815,CUST01014,P0021,East,0.05,205.63,31.64,2024-08-04,1,216.45
O24-003523,CUST00573,P0026,East,0.07,2459.62,420.33,2024-06-27,5,528.95
O24-003297,CUST00325,P0020,North,0.19,678.46,81.87,2024-05-07,3,279.2
O24-004190,CUST01021,P0007,West,0.1,1846.44,444.11,2024-05-31,10,205.16
O24-007220,CUST01082,P0042,North,0.04,84.36,19.41,2024-08-13,3,29.29
O24-001831,CUST00434,P0039,North,0.15,35.04,5.73,2024-07-06,3,13.74
O24-002866,CUST00548,P0015,North,0.05,104.39,28.14,2024-11-17,2,54.94
O24-000014,CUST00794,P0013,South,0.18,46.74,6.42,2024-02-12,3,19
O24-009548,CUST00800,P0044,West,0.08,42.78,7.23,2024-01-10,3,15.5
O24-004755,CUST01418,P0004,West,0.23,3948.53,791.69,2024-06-18,6,854.66
O24-000273,CUST01487,P0008,East,0.11,1051.8,248.02,2024-12-04,2,590.9
O24-004665,CUST01023,P0041,North,0.06,63.9,12.97,2024-06-14,2,33.99
O24-002468,CUST01033,P0025,West,0.1,969.53,120.19,2024-08-03,2,538.63
O24-001396,CUST00331,P0007,West,0.13,542.54,144.76,2024-09-25,3,207.87
O24-003245,CUST00431,P0003,East,0.15,6126.29,1346.86,2024-01-27,5,1441.48
O24-001125,CUST00918,P0035,East,0.11,14.24,1.83,2024-06-13,4,4
O24-003914,CUST00459,P0037,East,0.36,51.53,6.48,2024-02-28,6,13.41927083
O24-003080,CUST00816,P0039,North,0.07,12.73,2.56,2024-07-10,1,13.69
O24-005082,CUST00420,P0009,West,0.04,44.16,11.83,2024-06-20,2,23
O24-002248,CUST00083,P0018,North,0.13,744.84,113.26,2024-05-10,2,428.07
O24-004503,CUST00484,P0040,West,0.08,57.15,11.32,2024-07-24,4,15.53
O24-004366,CUST01026,P0024,East,0.06,612.33,67.6,2024-07-01,1,651.41
O24-005978,CUST00609,P0039,North,0.13,24.17,4.72,2024-07-10,2,13.89
O24-008312,CUST00819,P0034,East,0.09,9.16,1.8,2024-04-22,1,10.07
O24-002179,CUST00037,P0020,South,0.31,956.89,91.19,2024-11-24,5,277.36
O24-000346,CUST00326,P0046,South,0.4,5.49,0.29,2024-12-12,3,3.05
O24-008971,CUST00053,P0022,West,0.09,3169.17,379.91,2024-12-04,5,696.52
O24-006058,CUST00142,P0002,East,0.16,2261.66,418.16,2024-12-08,5,538.49
O24-003588,CUST00663,P0014,East,0.12,144.04,27.55,2024-12-22,4,40.92
O24-009694,CUST00512,P0023,South,0.12,491.94,15.95,2024-09-14,2,279.51
O24-000939,CUST01408,P0026,South,0.27,748.35,13.58,2024-07-11,2,512.57
O24-003158,CUST00893,P0008,North,0.08,2150.11,564.87,2024-05-22,4,584.27
O24-005346,CUST00955,P0036,North,0.1,18.07,2.64,2024-11-07,1,20.08
O24-008818,CUST00918,P0011  ,West,0.08,763.05,193.35,2024-04-03,10,82.94
O24-003332,CUST01382,P0002,East,0.02,547.19,146.65,2024-02-19,1,558.36
O24-009476,CUST01224,P0003,North,0.1,7527.82,1686.35,2024-07-18,6,1394.040741
O24-009546,CUST01142,P0038,West,0.05,13.07,1.89,2024-08-13,1,13.76
O24-002421,CUST00813,P0034,North,0.01,39.8,8.32,2024-09-09,4,10.05
O24-007841,CUST00475,P0014,West,0.04,270.68,61.24,2024-05-10,7,40.28
O24-000531,CUST00756,P0001,East,0.17,3039.52,552.73,2024-10-25,3,1220.69
O24-000937,CUST01323,P0023,West,0.11,227.44,34.06,2024-02-18,1,255.55
O24-001474,CUST01487,P0040,West,0.18,26.24,4.09,2024-12-31,2,16
O24-005950,CUST00692,P0037,West,0.05,25.57,5.14,2024-06-11,2,13.46
O24-002775,CUST00649,P0046,West,0.11,5.48,1.11,2024-01-18,2,3.08
O24-006127,CUST00839,P0002,North,0.17,1308.64,291.77,2024-02-29,3,525.56
O24-008838,CUST00853,P0035,West,0.14,3.5,0.59,2024-09-07,1,4.07
O24-006311,CUST01184,P0030,West,0.1,455.49,61.52,2024-11-22,5,101.22
O24-005086,CUST01432,P0023,East,0.14,242.58,23.2,2024-11-06,1,282.07
O24-003582,CUST00724,P0021,West,0.12,400.01,57.41,2024-06-28,2,227.28
O24-001128,CUST01030,P0014,South,0.16,213.95,51.07,2024-01-29,6,42.45
O24-001438,CUST01395,P0017,West,0.01,403.42,95.46,2024-12-10,2,203.75
O24-005105,CUST00094,P0031,West,0.04,2107.16,239.12,2024-10-07,8,274.37
O24-007190,CUST00374,P0016,East,0.11,111.23,23.99,2024-03-13,2,62.49
O24-001791,CUST00196,P0015,East,0.09,146.25,33.28,2024-04-07,3,53.57
O24-006448,CUST00303,P0034,East,0,29.4,6.44,2024-05-18,3,9.8
O24-005413,CUST01213,P0008,East,0.16,919.87,220.85,2024-06-23,2,547.54
O24-003764,CUST00318,P0028,North,0.12,388.14,58.18,2024-10-15,1,441.07
O24-002190,CUST01372,P0028,East,0.02,1355.34,243.46,2024-03-19,3,461
O24-004431,CUST01073,P0007,South,0.17,673,92.75,2024-01-07,4,202.71
O24-004555,CUST01218,P0031,North,0.1,1684.56,196.25,2024-08-05,7,267.39
O24-007617,CUST00935,P0006,East,0.04,376.96,87.47,2024-06-01,1,392.67
O24-009570,CUST00815,P0035,South,0.12,7.04,0.82,2024-12-02,2,4
O24-001862,CUST00815,P0010,West,0.29,63.84,13.78,2024-10-06,1,89.91
O24-007947,CUST01346,P0034,East,0.15,8.04,1,2024-11-24,1,9.46
O24-004570,CUST01355,P0017,East,0.01,225.08,36.54,2024-02-26,1,227.35
O24-001408,CUST00711,P0031,West,0.11,458.26,73.7,2024-08-05,2,257.45
O24-006593,CUST00308,P0003,East,0.18,2413.05,532.35,2024-12-22,2,1471.37
O24-009611,CUST01172,P0035,North,0.05,16.11,3.05,2024-03-27,4,4.24
O24-004026,CUST00886,P0048,West,0.04,2.11,0.43,2024-11-08,1,2.2
O24-004483,CUST00229,P0016,North,0,199.74,45.74,2024-02-22,3,66.58
O24-003695,CUST00106,P0045,East,0.16,6.6,1.09,2024-04-04,3,2.62
O24-008817,CUST01238,P0004,East,0.18,3552.32,725.69,2024-12-19,5,866.42
O24-007390,CUST00289,P0009,North,0.08,21.35,5.6,2024-11-14,1,23.21
O24-006708,CUST00918,P0007,North,0.21,168.52,38.6,2024-12-28,1,213.32
O24-004369,CUST00531,P0012,North,0.16,102.66,23.83,2024-12-25,6,20.37
O24-000041,CUST00070,P0025,East,0.04,1981.79,362.26,2024-07-15,4,516.09
O24-000951,CUST00448,P0030,West,0.06,375.47,67.35,2024-03-27,4,99.86
O24-004919,CUST00693,P0033,East,0.16,21.35,3.61,2024-02-07,2,12.71
O24-001871,CUST00997,P0002,East,0.13,1389.17,316.21,2024-03-04,3,532.25
O24-002395,CUST00705, P0035 ,East,0.09,3.85,0.74,2024-01-14,1,4.23
O24-002679,CUST00322,P0033,East,0.14,56.46,9.91,2024-10-17,5,13.13
O24-006511,CUST00258,P0029,North,0.21,949.61,113.2,2024-05-10,4,300.51
O24-007954,CUST01397,P0010,South,0.18,151.63,27.97,2024-01-25,2,92.46
O24-006709,CUST00050,P0004,West,0.07,1669.28,404.05,2024-09-25,2,897.46
O24-006842,CUST01402,P0033,East,0.05,25.69,7.19,2024-01-09,2,13.52
O24-004990,CUST00434,P0039,East,0.21,10.95,1.91,2024-08-18,1,13.86
O24-006047,CUST01195,P0045,West,0.18,12.64,1.96,2024-03-24,6,2.57
O24-006357,CUST00400,P0024,East,0.08,4763.54,1027.5,2024-12-06,8,647.2201087
O24-008141,CUST01187,P0044,North,0.13,82.63,13.23,2024-08-29,6,15.83
O24-007778,CUST00900,P0002,East,0.27,406.89,77.92,2024-06-21,1,557.39
O24-000814,CUST00313,P0018,South,0.16,1512.5,87.51,2024-05-30,4,450.15
O24-000449,CUST01300,P0040,North,0.12,39.6,5.83,2024-10-20,3,15
O24-005064,CUST00950,P0042,West,0.05,85.07,17.92,2024-04-24,3,29.85
O24-001445,CUST00809,P0037,North,0.15,23.65,3.86,2024-05-20,2,13.91
O24-003102,CUST00050,P0005,East,0.13,1228.37,270.75,2024-12-22,3,470.64
O24-002382,CUST00847,P0040,North,0.11,41.33,7.15,2024-08-10,3,15.48
O24-001744,CUST00371,P0039,West,0.11,24.08,4.81,2024-07-22,2,13.53
O24-009123,CUST00125,P0034,East,0.18,33.55,6.56,2024-10-23,4,10.23
O24-006772,CUST00777,P0005,East,0.16,386.13,76.36,2024-02-12,1,459.68
O24-004543,CUST00270, P0040 ,South,0.22,11.75,0.84,2024-12-02,1,15.06
O24-004793,CUST01485,P0016,South,0.16,165.54,31.03,2024-03-21,3,65.69
O24-005537,CUST00549,P0042,South,0.21,23.3,2.47,2024-04-13,1,29.5
O24-004613,CUST00037,P0014,North,0.2,29.74,4.85,2024-12-09,1,37.18
O24-005975,CUST01401,P0009,West,0.01,24.74,6.42,2024-06-21,1,24.99
O24-009852,CUST01070,P0006,West,0.2,1954.61,384.34,2024-08-25,6,407.21
O24-009559,CUST00364,P0036,North,0.02,40.34,8.65,2024-12-21,2,20.58
O24-004077,CUST01466,P0037,East,0,53.64,10.35,2024-12-16,4,13.41
O24-007599,CUST01130,P0042,North,0.12,26.06,3.76,2024-06-08,1,29.61
O24-009975,CUST00049,P0034,South,0.05,9.44,1.43,2024-01-20,1,9.94
O24-008119,CUST00547,P0027,North,0.15,520.54,77.85,2024-04-15,5,122.48
O24-002702,CUST00222,P0004,North,0.06,3358.17,825.65,2024-10-01,4,893.13
O24-009692,CUST01451,P0018,South,0.14,1083.47,85.09,2024-01-02,3,419.95
O24-000942,CUST00868,P0009,South,0.13,161.54,33.57,2024-07-13,8,23.21
O24-007381,CUST01437,P0042,South,0.29,20.33,1.84,2024-08-24,1,28.63
O24-004022,CUST00728,P0026,East,0.04,988.03,172.63,2024-09-30,2,514.6
O24-005334,CUST00462,P0016,West,0.05,295.07,64.38,2024-08-08,5,62.12
O24-009887,CUST00444,P0009,North,0.04,65.52,18.25,2024-01-16,3,22.75
O24-004887,CUST00681,P0009,North,0.08,22.08,4.98,2024-01-06,1,24
O24-007707,CUST00087,P0044,South,0.13,42.07,4.97,2024-07-28,3,16.12
O24-009726,CUST00766,P0027,North,0.05,117.95,21.78,2024-09-29,1,124.16
O24-006188,CUST01461,P0046,East,0.14,2.66,0.45,2024-10-22,1,3.09
O24-000903,CUST00514,P0019,South,0.12,348.87,38.39,2024-05-09,1,396.44
O24-008565,CUST00821,P0031,South,0.07,744.79,76.54,2024-07-25,3,266.95
O24-007389,CUST00523,P0028,North,0.03,434.43,60.84,2024-02-19,1,447.87
O24-001692,CUST01206,P0034,West,0.07,27.48,5.52,2024-11-01,3,9.85
O24-009094,CUST00008,P0041,East,0.1,27.96,5.27,2024-11-15,1,31.06666667
O24-006192,CUST00069,P0039,North,0.09,73.98,12.31,2024-02-03,6,13.55
O24-002975,CUST00407,P0031,East,0.12,462.69,38.64,2024-08-08,2,262.89
O24-001662,CUST00649,P0034,West,0.12,27.4,4.18,2024-11-20,3,10.38
O24-000835,CUST01187,P0041,South,0.16,54.1,4.27,2024-11-26,2,32.2
O24-008343,CUST00923,P0045,East,0.19,4.08,0.68,2024-01-23,2,2.52
O24-007265,CUST00627,P0030,South,0.11,181.63,20.06,2024-10-21,2,102.04
O24-000530,CUST01468,P0043,North,0.01,39.85,7.43,2024-01-09,1,40.25
O24-005447,CUST00801,P0047,West,0.1,9.41,1.46,2024-07-28,1,10.46
O24-009893,CUST00845,P0016,West,0.08,118.96,34.41,2024-01-28,2,64.65
O24-004746,CUST00945,P0038,West,0.17,34.29,5.25,2024-11-10,3,13.77
O24-004693,CUST01197,P0015,East,0.15,46.98,11.1,2024-01-04,1,55.27
O24-008168,CUST00654,P0011,North,0.11,334.18,100.25,2024-09-06,4,93.87
O24-000799,CUST00938,P0035,West,0.03,3.91,0.88,2024-11-26,1,4.03
O24-001193,CUST00753,P0017,South,0.16,187.45,8.33,2024-08-29,1,223.15
O24-003064,CUST00352,P0008,East,0.2,452.33,94.07,2024-08-24,1,565.41
O24-009896,CUST00297,P0011,East,0.13,80.41,17.56,2024-03-03,1,92.43
O24-006817,CUST01343,P0039,West,0.1,24.8,4.33,2024-11-23,2,13.78
O24-006547,CUST00084,P0002,West,0.16,463.88,83.07,2024-07-04,1,552.24
O24-005270,CUST00432,P0015,East,0.1,372.6,92.25,2024-11-27,8,51.75
O24-001161,CUST01019,P0026,East,0.06,1906.32,285.2,2024-08-03,4,507
O24-004184,CUST00667,P0008,East,0.29,808.48,139.3,2024-08-05,2,569.3521127
O24-003863,CUST00374,P0013,West,0,72.57,16.18,2024-11-11,4,19.72
O24-002620,CUST00676,P0045,South,0.28,5.57,0.26,2024-02-19,3,2.58
O24-007151,CUST01211,P0042,West,0.1,26.65,4.11,2024-08-12,1,29.61
O24-003147,CUST01106,P0029,West,0.03,1429.3,268.32,2024-05-24,5,294.7010309
O24-000767,CUST01181,P0009,East,0.34,48.71,7.45,2024-05-18,3,24.6
O24-008853,CUST00433,P0044,South,0.11,14.14,2.38,2024-01-19,1,15.89
O24-009738,CUST01353,P0044,West,0.16,13,2.64,2024-11-06,1,15.48
O24-005848,CUST01248,P0020,North,0.11,707.47,103.65,2024-05-27,3,264.97
O24-002342,CUST00119,P0042,West,0.17,24.39,4.39,2024-06-30,1,29.38
O24-002246,CUST01395,P0040,West,0.06,58.73,11.18,2024-10-21,4,15.62
O24-008084,CUST00454,P0033,North,0.16,56.83,8.15,2024-11-07,5,13.53
O24-002345,CUST00781,P0034,South,0.15,17.22,1.47,2024-03-25,2,10.13
O24-008071,CUST01329,P0027,East,0.16,110.02,12.43,2024-05-20,1,130.98
O24-005077,CUST00727,P0012,North,0.31,57.9,10.29,2024-09-22,4,20.98
O24-009151,CUST00915,P0038,West,0.19,11.64,2.09,2024-06-19,1,14.37
O24-004892,CUST00819,P0011,North,0.04,256.75,67.11,2024-02-15,3,89.15
O24-009170,CUST00705,P0023,South,0.16,436.63,21.4,2024-05-07,2,259.9
O24-008340,CUST01468,P0014,East,0.29,28.01,4.11,2024-05-26,1,39.45
O24-002615,CUST00293,P0006,East,0.09,729.36,164.67,2024-09-25,2,400.75
O24-003217,CUST00800, P0006 ,West,0.04,335.61,78.51,2024-11-16,1,349.59
O24-001617,CUST00494,P0014,East,0.06,152.81,42.88,2024-09-03,4,40.64
O24-003930,CUST00312,P0007,East,0.02,584.21,166.8,2024-06-02,3,198.71
O24-009055,CUST00524,P0010,East,0.19,75.15,13.47,2024-07-09,1,92.78
O24-008220,CUST01096,P0046,West,0.05,5.7,0.87,2024-02-01,2,3
O24-006258,CUST01276,P0011,East,0.15,370.94,71.91,2024-10-12,5,87.28
O24-007695,CUST00109,P0025,East,0.03,2977.69,407.99,2024-11-02,6,511.63
O24-003867,CUST00540,P0036,South,0.11,38.63,7.26,2024-09-05,2,21.7
O24-001777,CUST01194,P0008,South,0.15,504.16,87.79,2024-04-12,1,593.13
O24-001651,CUST00683,P0016,West,0.26,321.83,73.34,2024-12-07,7,62.13
O24-003603,CUST00626, P0016 ,North,0.11,420.96,101.32,2024-02-10,7,67.57
O24-004544,CUST00886,P0012,West,0.17,16.7,3.19,2024-03-09,1,20.12
O24-009483,CUST00595,P0039,North,0.09,74.64,16.74,2024-05-19,6,13.67
O24-000989,CUST00193,P0037,West,0.13,34.58,4.87,2024-01-26,3,13.25
O24-006762,CUST00666,P0011,North,0.08,84.19,18.87,2024-03-09,1,91.51
O24-004921,CUST01168,P0046  ,North,0.16,5.14,0.98,2024-01-25,2,3.06
O24-004812,CUST00342,P0016,West,0.11,161.88,39,2024-03-20,3,60.63
O24-004610,CUST01085,P0035,West,0.04,7.85,1.82,2024-08-29,2,4.09
O24-003320,CUST01238,P0006,North,0.16,324.59,81.97,2024-11-09,1,386.42
O24-008243,CUST00065,P0034,North,0.25,15.46,1.74,2024-12-10,2,10.31
O24-001165,CUST00951,P0009,West,0.13,42.82,10.09,2024-10-17,2,24.61
O24-002096,CUST01112,P0041,West,0.26,99.84,17.61,2024-01-29,4,33.73
O24-009621,CUST00209,P0026,North,0.17,1288.82,205.3,2024-07-31,3,517.6
O24-009961,CUST00112,P0031,East,0.21,431.89,54.78,2024-08-27,2,273.35
O24-002730,CUST00507,P0027,North,0.11,564.17,76.88,2024-04-18,5,126.78
O24-003933,CUST00247,P0043,North,0.21,64.56,11.48,2024-04-09,2,40.86
O24-009099,CUST00757,P0020,West,0.12,2638.86,397.39,2024-08-26,11,272.61
O24-004165,CUST01180,P0048,East,0,4.22,0.78,2024-03-24,2,2.27
O24-008825,CUST00476,P0004,South,0.37,1089.26,93.54,2024-03-22,2,864.49
O24-003712,CUST00185,P0003,West,0.01,6794.12,1519.19,2024-01-10,5,1372.55
O24-002852,CUST00179,P0015,North,0.01,105.85,24.85,2024-02-26,2,53.46
O24-003639,CUST00776,P0047,North,0.04,9.64,2.36,2024-12-19,1,10.04
O24-001595,CUST01049,P0013,East,0.13,33.34,7.41,2024-12-27,2,19.16
O24-007491,CUST00732,P0012,North,0.05,56.63,13.73,2024-09-07,3,19.87
O24-000638,CUST00206,P0031,West,0.09,1216.85,194.75,2024-06-14,5,267.44
O24-007518,CUST00849,P0039,West,0.22,20.92,3.42,2024-10-04,2,13.41
O24-001450,CUST00060,P0007,North,0.14,556.38,133.65,2024-11-07,3,215.65
O24-000498,CUST00109,P0002,South,0.06,962.77,191.36,2024-02-24,2,512.11
O24-001057,CUST01424,P0045,North,0.08,2.4,0.36,2024-08-28,1,2.61
O24-004455,CUST00707,P0032,South,0.18,785.38,51.28,2024-09-20,2,478.89
O24-000917,CUST00648,P0002,South,0.19,2192.1,385.6,2024-01-22,5,541.26
O24-005381,CUST00134,P0026,East,0,529.56,76,2024-10-19,1,529.56
O24-009368,CUST00743,P0024,South,0.2,1063.25,85.21,2024-03-01,2,664.53
O24-007241,CUST00663,P0005,North,0.08,1296.76,389.03,2024-03-31,3,469.84
O24-004423,CUST00534,P0010,North,0.15,419.9,89.28,2024-12-13,5,98.8
O24-005147,CUST00917,P0013,South,0.16,31.26,5.07,2024-11-10,2,18.61
O24-007183,CUST00608,P0014,East,0.16,140.35,39.57,2024-09-16,4,41.77
O24-004131,CUST00660,P0008,West,0.19,2842.32,577.73,2024-11-06,6,584.84
O24-001063,CUST00330,P0042,North,0.08,81.53,15.95,2024-06-17,3,29.54
O24-003668,CUST00144,P0010,North,0.1,493.02,116.7,2024-07-04,6,91.3
O24-003091,CUST00066,P0021,West,0.12,1525.99,239.22,2024-12-11,8,216.76
O24-001739,CUST00961,P0011,North,0.29,122.74,22.27,2024-03-22,2,86.44
O24-005640,CUST01458,P0023,South,0.35,356.36,-14.15,2024-08-21,2,274.12
O24-003100,CUST00639,P0026,North,0.24,379.83,40.24,2024-11-14,1,499.78
O24-006776,CUST00880,P0023,North,0.02,566.19,81.14,2024-12-15,2,288.87
O24-005268,CUST00193,P0048,East,0.09,10.24,1.45,2024-05-02,5,2.25
O24-008819,CUST01410,P0038,East,0.06,24.61,4.22,2024-10-29,2,13.09
O24-001421,CUST01085,P0045,West,0.02,28.14,6.04,2024-10-27,11,2.61
O24-001488,CUST01398,P0021,North,0,1641.85,269.84,2024-10-14,7,234.55
O24-006628,CUST00752,P0015,West,0.08,195.04,45.48,2024-06-29,4,53
O24-001631,CUST01067,P0012,North,0.07,19.03,4.92,2024-04-23,1,20.46236559
O24-000683,CUST00963,P0032,West,0.12,416.58,61.66,2024-10-23,1,473.39
O24-007870,CUST01143,P0021,East,0.03,223.97,36.08,2024-11-16,1,230.9
O24-007716,CUST00808,P0019,South,0.23,1219.93,117.43,2024-10-25,4,396.08
O24-003276,CUST00992,P0014,West,0.04,39.6,10.39,2024-11-02,1,41.25
O24-007796,CUST00972,P0017,East,0.04,625.88,69.92,2024-05-22,3,217.3194444
O24-008861,CUST00605,P0043,South,0.08,258.89,33.42,2024-08-18,7,40.2
O24-008365,CUST00996,P0043,West,0.08,112.39,23.58,2024-10-02,3,40.72
O24-002584,CUST01192,P0034,South,0.1,9.3,1.1,2024-06-15,1,10.33
O24-008774,CUST00164,P0006,North,0.03,369.71,110.91,2024-01-01,1,381.14
O24-007792,CUST01009,P0045,South,0.07,2.35,0.33,2024-06-23,1,2.53
O24-005376,CUST01435,  P0025,East,0.06,3001.04,455.29,2024-07-02,6,532.1
O24-005775,CUST00889,P0040,West,0.27,10.98,1.25,2024-05-22,1,15.04
O24-001033,CUST01475,P0014,West,0.09,141.81,42.54,2024-09-30,4,38.96
O24-002476,CUST01076,P0046,West,0,3.1,0.66,2024-05-14,1,3.1
O24-008020,CUST00981,P0006,East,0.12,1734.04,396.24,2024-03-02,5,394.1
O24-002928,CUST00904,P0015,South,0.28,39.43,7.21,2024-01-31,1,54.76
O24-003570,CUST01076,P0046,North,0.07,11.2,2.14,2024-06-21,4,3.01
O24-005850,CUST00536,P0004,West,0.08,1741.74,501.49,2024-11-11,2,946.6
O24-006787,CUST00293,P0045,West,0.34,6.94,1.14,2024-11-18,4,2.63
O24-001559,CUST01152,P0007,West,0.1,915.52,258.8,2024-08-04,5,203.45
O24-000327,CUST00376,P0023,North,0.16,434.68,41.07,2024-05-20,2,258.74
O24-009307,CUST01011,P0010,West,0.1,247.13,59.2,2024-01-11,3,91.53
O24-004463,CUST00840,P0002,West,0.07,1925.92,484.97,2024-05-25,4,517.72
O24-008092,CUST01370,P0044,East,0,24.52,4.34,2024-04-18,2,14.95
O24-008726,CUST00796,P0031,South,0.17,1360.54,94.05,2024-03-17,6,273.2
O24-007661,CUST00369,P0005,North,0.2,744.42,152.67,2024-09-02,2,465.2625
O24-007570,CUST00206,P0024,East,0.08,1215.32,196.8,2024-03-04,2,660.5
O24-008852,CUST01173,P0010,East,0.05,181.2,44.84,2024-10-11,2,95.37
O24-002757,CUST00355,P0045,West,0.13,2.25,0.49,2024-03-15,1,2.59
O24-002349,CUST01420,P0022,East,0.06,1278.32,136.27,2024-09-25,2,679.96
O24-006695,CUST00387,P0014,South,0.16,134.16,29.76,2024-09-27,4,39.93
O24-002362,CUST01163,P0011,West,0.18,294.97,62.6,2024-12-05,4,89.93
O24-008683,CUST00734,P0047,West,0.14,55.42,10.38,2024-02-28,6,10.74
O24-007380,CUST00334,P0034,North,0.04,9.41,2.4,2024-11-02,1,9.8
O24-006663,CUST00061,P0019,North,0.03,1141.3,162.27,2024-06-14,3,392.2
O24-002463,CUST01296,P0047,East,0.1,9.41,1.96,2024-11-06,1,10.46
O24-000710,CUST00091,P0045,South,0.14,13.36,2.08,2024-01-31,6,2.59
O24-005577,CUST00396,P0001,North,0.13,2011.2,454.19,2024-10-07,2,1155.86
O24-001070,CUST00606, P0006 ,South,0.36,1254.69,164.43,2024-03-04,5,392.09
O24-003925,CUST01421,P0021,East,0.13,197.08,22.87,2024-09-02,1,226.53
O24-000798,CUST00147,P0008,East,0.06,4510.95,1073.29,2024-06-09,8,599.86
O24-001886,CUST00576,P0015,East,0.11,47.77,11.69,2024-04-26,1,53.67
O24-000441,CUST01298,P0027,East,0.04,120.63,15.94,2024-07-12,1,125.66
O24-009257,CUST00793,P0013,North,0.07,73.28,20.38,2024-07-30,4,19.69892473
O24-006461,CUST00801,P0006,South,0.33,558.42,75.06,2024-08-30,2,416.73
O24-004760,CUST01157,P0014,East,0,203.95,54.13,2024-12-11,5,40.79
O24-006425,CUST00420,P0006,South,0.25,287.15,47.47,2024-01-06,1,382.87
O24-004861,CUST01491,P0040,South,0.14,24.99,4.3,2024-11-08,2,14.53
O24-009244,CUST01022,P0006,West,0.01,1137.12,246.5,2024-03-27,3,382.87
O24-000116,CUST01038,P0042,East,0.02,145.87,29.73,2024-08-29,5,29.77
O24-000996,CUST00181,P0047,East,0.09,27.63,3.45,2024-06-12,3,10.12087912
O24-007316,CUST01243,P0019,West,0.33,1361.84,172.12,2024-03-16,5,406.52
O24-005372,CUST01020,P0010,East,0.09,338.52,84.09,2024-04-06,4,93
O24-005275,CUST00080,P0046,West,0.06,15.04,3.42,2024-10-23,5,3.2
O24-000861,CUST00099,P0027,East,0.1,338.44,62.06,2024-11-04,3,125.35
O24-003620,CUST00115,P0048,South,0.17,1.74,0.22,2024-04-18,1,2.1
O24-004891,CUST01146,P0018,North,0.06,2461.35,285.74,2024-04-25,6,436.41
O24-004101,CUST00224,P0031,East,0.31,372.31,42.96,2024-01-28,2,269.79
O24-005886,CUST00048,P0022,West,0.07,2400.74,369.37,2024-12-17,4,645.36
O24-007356,CUST00119,P0045,West,0.21,4.06,0.61,2024-12-09,2,2.57
O24-002212,CUST01033,P0021,East,0.13,547.42,71.48,2024-08-30,3,209.74
O24-008227,CUST00339,P0023,South,0.13,1413.52,136.84,2024-10-25,6,270.79
O24-002546,CUST00829,P0008,East,0.03,5631.72,1571.32,2024-03-09,10,580.59
O24-000662,CUST01152,P0046,South,0.21,2.31,0.21,2024-05-20,1,2.93
O24-003866,CUST00318,P0026,East,0.15,858.96,121.26,2024-07-21,2,505.27
O24-003300,CUST00450,P0047,South,0.17,8.54,0.94,2024-11-13,1,10.29
O24-001478,CUST00191,P0011,West,0.1,81.23,18.61,2024-12-14,1,90.25
O24-000689,CUST00292,P0009,South,0.08,22.93,4.6,2024-05-11,1,24.92
O24-000443,CUST00532,P0038,North,0.07,50.67,8.73,2024-05-12,4,13.62
O24-009139,CUST00975,P0039,North,0.05,13.24,2.65,2024-12-28,1,13.94
O24-007431,CUST01118,P0021,East,0.15,1351.66,150.84,2024-07-22,7,227.17
O24-003990,CUST01483,P0039,North,0.12,24.5,4.62,2024-09-26,2,13.92
O24-009567,CUST00551,P0012,North,0.05,111.15,33.34,2024-05-13,6,19.5
O24-009451,CUST01297,P0012,West,0.09,109.96,22.7,2024-11-25,6,20.14
O24-009108,CUST00205,P0041,East,0.08,147.61,26.03,2024-08-20,5,32.09
O24-008640,CUST00793,P0006,South,0.18,954.16,154.91,2024-08-08,3,387.8699187
O24-008831,CUST01472,P0047,South,0.17,42.08,3.64,2024-05-05,5,10.14
O24-001864,CUST01377,P0001,West,0.09,2027.77,502.21,2024-01-16,2,1114.16
O24-000216,CUST00552,P0003,South,0.2,1099.38,184.13,2024-12-21,1,1374.23
O24-002876,CUST01093,P0022,East,0.05,1293.1,220.59,2024-03-10,2,680.58
O24-000624,CUST01056,P0040,East,0.23,35.53,6.2,2024-04-10,3,15.38
O24-004467,CUST01114,P0010,South,0.11,244.89,52.79,2024-09-29,3,91.72
O24-002683,CUST01315,P0022,North,0.1,594.46,76.86,2024-10-28,1,660.51
O24-000076,CUST00142,P0018,South,0.23,2057.89,120.62,2024-07-25,6,445.43
O24-003801,CUST00084,P0047,East,0.08,27.52,4.37,2024-11-26,3,9.97
O24-008137,CUST00850,P0048,East,0.32,3.06,0.39,2024-11-08,2,2.25
O24-003198,CUST01226,P0002,East,0.35,660.46,118.02,2024-08-01,2,508.05
O24-006923,CUST00430,P0006,East,0.09,1768.63,451.52,2024-06-25,5,388.71
O24-004403,CUST01152,P0038,South,0.16,46,5.57,2024-08-05,4,13.69
O24-003703,CUST00119,P0041,South,0.14,28.16,3.62,2024-07-14,1,32.75
O24-009095,CUST00795,P0002,East,0.03,4145.7,1212.2,2024-05-10,8,534.24
O24-006650,CUST01381,P0036,East,0.06,19.47,2.8,2024-11-27,1,20.71
O24-004142,CUST01327,P0003,East,0.14,6154.93,1156.98,2024-11-09,5,1431.38
O24-008597,CUST01023,P0048,North,0.09,10.06,1.54,2024-09-17,5,2.21
O24-002358,CUST01119,P0019,East,0.07,356.37,51.76,2024-04-08,1,383.19
O24-003578,CUST01166,P0006,West,0,693.76,165.91,2024-07-31,2,346.88
O24-001037,CUST00617,P0045,North,0.12,9.64,1.69,2024-09-25,4,2.74
O24-001517,CUST01272,P0025,North,0.06,985.7,120.23,2024-12-14,2,524.31
O24-005783,CUST00850,P0034,North,0.19,65.51,9.6,2024-03-03,8,10.11
O24-004218,CUST01090,P0018,East,0.19,2174.75,169.7,2024-05-12,6,447.48
O24-004198,CUST01163,P0006,West,0.09,1323.14,301.83,2024-04-17,4,363.5
O24-005326,CUST00790,P0008,South,0.2,2379.88,307.43,2024-11-21,5,594.97
O24-008077,CUST00580,P0029,East,0.08,510.71,56.26,2024-11-05,2,277.56
O24-000155,CUST00747,P0008,South,0.23,1826.26,279.09,2024-11-25,4,592.94
O24-000454,CUST01413,P0004,East,0.18,3687.34,783.15,2024-03-08,5,899.35
O24-006264,CUST01214,P0010,West,0.15,154.77,35.78,2024-03-10,2,91.04
O24-006696,CUST00093,  P0008,West,0.08,528,115,2024-02-14,1,573.91
O24-006666,CUST00592,P0027,North,0.01,479.6,91.54,2024-02-10,4,121.11
O24-003420,CUST00410,P0032,East,0.01,2772.61,414.07,2024-11-01,6,466.77
O24-001775,CUST00154,  P0034,East,0.36,6.64,0.75,2024-06-10,1,10.37
O24-008823,CUST00093,P0007,South,0.16,167.22,30.22,2024-02-27,1,199.07
O24-001423,CUST00839,P0011,West,0.11,150.89,29.7,2024-04-10,2,84.77
O24-009822,CUST00826,P0047,North,0.18,41.08,5.83,2024-03-14,5,10.02
O24-000422,CUST00699,P0007,North,0.12,363.49,90.38,2024-10-11,2,206.53
O24-007967,CUST00222,P0021,North,0.13,198.42,28.14,2024-01-04,1,228.07
O24-009020,CUST00904,P0042,West,0.06,116.45,20.76,2024-05-29,4,30.97
O24-008546,CUST00144,P0013,North,0.05,35.8,9.07,2024-09-07,2,18.84
O24-006738,CUST00308,P0031  ,North,0.06,1001.93,143.78,2024-01-03,4,266.47
O24-003563,CUST00705,P0009,North,0.08,65.44,17.7,2024-04-17,3,23.71
O24-006570,CUST00477,P0037,East,0.08,36.13,7.17,2024-10-23,3,13.09
O24-004168,CUST00736,P0041,South,0.17,27.04,3.38,2024-05-19,1,32.58
O24-006580,CUST01395,  P0030,West,0.02,514.55,82.13,2024-01-06,5,105.01
O24-008373,CUST00080,P0038,North,0.07,38.53,9.41,2024-05-04,3,13.81
O24-004066,CUST00352,P0004,East,0.06,3262.25,960.31,2024-04-28,4,867.62
O24-008958,CUST00613,P0007,North,0.01,425.78,112.41,2024-03-11,2,215.04
O24-006133,CUST00607,P0037,North,0.04,39.69,5.84,2024-12-04,3,13.78
O24-001989,CUST01336,P0027,North,0.16,102.07,15.2,2024-09-23,1,121.51
O24-003008,CUST01265,P0028,West,0.08,5290.03,569.87,2024-11-15,13,442.31
O24-006256,CUST00884,P0020,North,0.23,1672.01,148.9,2024-08-14,8,271.4301948
O24-005690,CUST00036,P0041,South,0.25,71.21,8.88,2024-01-24,3,31.65
O24-003980,CUST00519,P0038,East,0.04,69.22,15.76,2024-03-19,5,14.42
O24-005491,CUST01227,P0034,South,0.16,39.35,4.44,2024-11-21,5,9.37
O24-000109,CUST00726,P0010,East,0.13,161.58,30.81,2024-11-06,2,92.86
O24-004212,CUST00133,P0016,South,0.4,37.98,4.92,2024-08-08,1,63.3
O24-002014,CUST00227,P0040,East,0.04,42.77,8.75,2024-10-05,3,14.85
O24-004935,CUST01015,P0037,South,0.22,42.06,5.12,2024-07-29,4,13.48
O24-001539,CUST00590,P0034,West,0.14,36.29,5.48,2024-11-12,4,10.55
O24-009162,CUST01316,P0046,East,0.09,8.44,1.51,2024-10-12,3,3.09
O24-001654,CUST00044,P0039,South,0.22,34.05,2.91,2024-03-16,3,14.55
O24-001328,CUST00374,P0035,North,0.1,18.45,3.28,2024-08-29,5,4.1
O24-008313,CUST00010,P0011,North,0.26,124.47,24.78,2024-10-19,2,84.1
O24-003610,CUST01128,  P0037,North,0,57.04,11.42,2024-10-01,4,14.26
O24-000973,CUST00458,P0040,West,0.11,56.78,8.78,2024-05-24,4,15.95
O24-001799,CUST01132,P0006,North,0.06,1534.53,347.2,2024-09-12,4,408.12
O24-006478,CUST01106,P0028,East,0.04,1256.49,176.79,2024-11-19,3,436.28
O24-007884,CUST00162,P0013,North,0.04,142.62,36.26,2024-10-30,8,18.57
O24-004375,CUST00483,P0018,North,0.09,379.38,38.73,2024-02-06,1,416.9
O24-006920,CUST01223,P0011,West,0.06,330.96,89.01,2024-01-05,4,88.02
O24-003520,CUST00087,P0017,North,0.24,159.19,14,2024-12-15,1,209.46
O24-005166,CUST00616,P0014,West,0.06,73.66,16.03,2024-11-12,2,39.18
O24-005233,CUST00039,P0014,East,0.06,37.41,9.34,2024-06-01,1,39.8
O24-000775,CUST01165,P0031,North,0.26,584.37,59.53,2024-11-26,3,263.23
O24-009731,CUST01033,P0015,South,0.4,166.59,21.65,2024-07-27,5,55.53
O24-009127,CUST01226,  P0038,West,0.18,22.58,3.98,2024-10-28,2,13.77
O24-008939,CUST00196,P0015,North,0.03,99.35,21.93,2024-12-30,2,51.21
O24-009892,CUST01430,P0029,East,0.05,844.77,137.87,2024-04-18,3,296.41
O24-007068,CUST00125,P0030,West,0.11,92.65,14.73,2024-04-28,1,104.1
O24-009746,CUST00565,P0019,East,0.1,1032.1,172.15,2024-12-08,3,382.26
O24-009018,CUST00856,P0008,North,0.19,2411.37,406.64,2024-11-05,5,595.4
O24-004950,CUST01487,P0006,East,0.07,376.26,100.39,2024-09-14,1,404.58
O24-006447,CUST01379,P0043,North,0,115.2,20.96,2024-12-30,3,40
O24-007438,CUST01022,P0044,South,0.13,39.54,5.33,2024-05-02,3,15.15
O24-001698,CUST00042,P0021,East,0.05,649.49,68.52,2024-01-14,3,227.89
O24-000484,CUST00689,P0018,South,0.1,1940.94,181.7,2024-02-02,5,431.32
O24-002110,CUST01006,P0004,West,0.29,5015.5,1094.6,2024-09-11,8,883.01
O24-009267,CUST01321,P0034,South,0.19,8.28,1.14,2024-06-03,1,10.22
O24-009566,CUST00429,P0002,South,0.2,1677.28,307.81,2024-04-16,4,524.15
O24-007917,CUST00643,P0026,East,0.38,292.76,17.09,2024-07-05,1,472.19
O24-006512,CUST00491,P0024,South,0.29,477.86,28.27,2024-10-24,1,673.04
O24-002798,CUST01491,P0029,West,0.15,1233.39,164.29,2024-02-24,5,290.21
O24-001247,CUST00350,P0036,North,0.2,17.17,2.94,2024-07-21,1,21.46
O24-009420,CUST00127,P0035,North,0.09,3.98,0.87,2024-06-26,1,4.37
O24-004609,CUST00535,P0009,South,0.16,38.39,7.33,2024-10-12,2,22.85
O24-002239,CUST00239,P0001,East,0.01,4666.9,1400.07,2024-10-19,4,1178.51
O24-002943,CUST00289,P0042,West,0.12,78.25,14.32,2024-05-23,3,29.64
O24-008993,CUST00596,P0003,East,0.24,2040.4,392.26,2024-03-09,2,1342.37
O24-006924,CUST00425,P0005,North,0.18,1495.48,263.57,2024-01-14,4,455.94
O24-006285,CUST01138,P0026,South,0.27,1154.2,83,2024-05-04,3,527.03
O24-007436,CUST00402,P0034,West,0.24,40.51,5.79,2024-04-04,5,10.66
O24-006331,CUST00809,P0033,East,0.07,55.85,12.83,2024-09-18,5,12.01
O24-005335,CUST00065,P0034,West,0,8.63,1.63,2024-08-15,1,10.4
O24-005092,CUST01161,P0048,South,0.15,1.86,0.25,2024-10-25,1,2.19
O24-003165,CUST00021,P0019,North,0.12,344.36,31.38,2024-12-17,1,391.32
O24-007335,CUST00514,P0005,East,0.16,1227.97,272.28,2024-11-06,3,487.29
O24-001344,CUST00914,P0044,South,0.1,28.15,4.57,2024-09-26,2,15.64
O24-004231,CUST00757,P0024,West,0.02,4331.13,698.72,2024-08-30,7,631.36
O24-003117,CUST00845,P0033,North,0.08,100.24,18.11,2024-05-23,8,13.62
O24-000209,CUST01282,P0011,East,0.07,419.57,96.17,2024-08-23,5,90.23
O24-006694,CUST00303,P0008,West,0.26,438.86,73.39,2024-12-04,1,593.06
O24-001004,CUST00844,P0042,East,0.14,128.48,20.66,2024-08-17,5,29.88
O24-001194,CUST00739,P0003,North,0.34,949.34,191.8,2024-05-31,1,1438.39
O24-007437,CUST01348,P0005,East,0.08,824.03,215.43,2024-02-08,2,447.8423913
O24-001260,CUST00267,P0021,North,0.01,432.41,86.75,2024-11-12,2,218.39
O24-005234,CUST00109,P0009,South,0.07,85.56,18.07,2024-11-19,4,23
O24-002475,CUST00645,P0043,East,0.08,106.48,20.16,2024-02-03,3,38.58
O24-001507,CUST01323,P0045,West,0.02,5.21,1.12,2024-09-02,2,2.66
O24-007828,CUST00799,P0010,East,0.07,255.51,67.2,2024-02-23,3,91.58
O24-004712,CUST01250,P0032,South,0.29,341.85,6.86,2024-12-16,1,481.48
O24-007286,CUST00727,P0037,East,0.11,37.46,5.63,2024-01-08,3,14.03
O24-000709,CUST00894,P0031,West,0.02,268.13,38.54,2024-04-17,1,273.6
O24-008708,CUST00877,P0005,North,0.04,898.31,228.83,2024-03-05,2,467.87
O24-009247,CUST00946,P0032,South,0.14,2455.9,253.06,2024-01-05,6,475.95
O24-000927,CUST01418,P0030  ,North,0.04,198.45,34.49,2024-09-25,2,103.36
O24-008779,CUST00378,P0028,East,0.06,427.84,45.73,2024-11-07,1,455.15
O24-006486,CUST01160,P0040,West,0.07,13.92,3.22,2024-01-12,1,14.97
O24-006976,CUST00324,P0016,East,0.08,181.11,35.76,2024-03-29,3,65.62
O24-007979,CUST00658,P0002,East,0.24,396.04,89.61,2024-03-27,1,521.1
O24-000977,CUST00187,P0039,West,0.07,51.78,9.66,2024-01-08,4,13.92
O24-000122,CUST00336,P0028,West,0.2,2092.27,147.86,2024-04-02,6,435.89
O24-008998,CUST00169,P0046,North,0.23,7.14,0.94,2024-01-10,3,3.09
O24-001156,CUST01379,P0033,West,0.01,93.56,20.65,2024-01-27,7,13.5
O24-007677,CUST00317,P0022,West,0.12,1184.74,127.17,2024-03-30,2,673.15
O24-008898,CUST01209,P0016,South,0.09,305.12,74.53,2024-08-13,5,67.06
O24-003804,CUST01013,P0042,West,0.22,183.46,39.19,2024-08-07,8,29.4
O24-004527,CUST00965,P0021,North,0.04,210.21,31.94,2024-04-22,1,218.97
O24-003124,CUST01282,P0026,North,0.23,1175.58,129.04,2024-12-19,3,508.91
O24-004865,CUST00786,P0009,West,0.15,40.36,8.87,2024-11-04,2,23.74
O24-009291,CUST00931,P0018,East,0.13,380.75,49.76,2024-06-20,1,437.64
O24-002261,CUST01041,P0002,East,0.16,456.02,114.44,2024-05-12,1,542.8809524
O24-000339,CUST00250,P0044,West,0.07,59.45,11.56,2024-09-12,4,15.98
O24-001068,CUST01364,P0006,East,0.22,566.76,134.5,2024-04-11,2,363.31
O24-000598,CUST00764,P0027,East,0.22,187.01,23.51,2024-11-01,2,119.88
O24-007344,CUST00142,P0031,East,0.15,666.44,74.76,2024-08-11,3,261.35
O24-005463,CUST00046,P0009,West,0.16,38.12,8.5,2024-01-27,2,22.69
O24-001796,CUST00953,P0023,South,0.11,714.63,54.22,2024-12-31,3,267.65
O24-006821,CUST00336,P0013,East,0.16,32.09,6.88,2024-12-10,2,19.1
O24-007902,CUST00889,P0046,South,0.29,2.08,0.17,2024-07-29,1,2.93
O24-006866,CUST00443,P0024,West,0.08,1854.97,332.95,2024-03-19,3,672.09
O24-003111,CUST01148,P0041,West,0.09,30.89,4.86,2024-06-13,1,33.95
O24-006463,CUST00316,P0011,South,0.17,72.14,17.99,2024-07-20,1,86.92
O24-007062,CUST00838,P0010,West,0.15,77.91,17.61,2024-09-24,1,91.66
O24-005799,CUST00892,P0012,West,0.14,17.09,4.42,2024-01-31,1,19.87
O24-008060,CUST00997,P0016,West,0.13,288.4,62.05,2024-10-25,5,66.3
O24-008669,CUST00104,P0020,West,0.07,1858.28,192.28,2024-12-01,7,285.45
O24-005933,CUST00159,P0021,North,0.1,403.33,52.77,2024-10-07,2,224.07
O24-001409,CUST00035,P0037,North,0.13,61.25,10.03,2024-06-17,5,14.08
O24-004529,CUST00156,P0033,East,0.04,24.86,5.18,2024-10-16,2,12.95
O24-009762,CUST01076,P0046,North,0.01,2.94,0.62,2024-10-21,1,2.97
O24-009210,CUST01139,P0032,North,0.14,2618.24,402.64,2024-06-13,6,507.41
O24-007257,CUST01033,P0040,North,0.18,27.36,5.4,2024-08-22,2,16.68
O24-007488,CUST01219,P0001,North,0.05,2295.56,618.98,2024-12-29,2,1208.19
O24-007323,CUST00631,P0034,North,0.16,24.09,3.78,2024-12-09,3,9.56
O24-000995,CUST00695,P0010,East,0.17,156.37,37.42,2024-08-24,2,94.2
O24-007359,CUST00033,P0004,South,0.18,4532.11,775.99,2024-11-01,6,921.16
O24-006902,CUST01247,P0008,East,0.11,1542.65,398.58,2024-03-01,3,577.77
O24-003706,CUST00063,P0025,North,0.35,1317.16,133.24,2024-10-13,4,506.6
O24-005046,CUST00772,P0035,East,0.06,18.94,3.47,2024-02-06,5,4.03
O24-000730,CUST00198,P0010,East,0.15,246.74,57.02,2024-12-03,3,96.76
O24-006052,CUST01211,P0040,South,0.23,11.62,1.22,2024-09-22,1,15.09
O24-001951,CUST00900,P0006,East,0.18,644.42,127.81,2024-04-19,2,392.94
O24-005574,CUST00794,P0013,East,0,56.05,13.48,2024-01-13,3,18.68333333
O24-004007,CUST01341,P0048,East,0,6.61,1.15,2024-07-04,3,2.27
O24-008826,CUST01355,P0013,West,0.07,18.12,5.1,2024-09-16,1,19.48
O24-004592,CUST01014,P0021,West,0.04,1265.41,217.79,2024-02-28,6,219.69
O24-000578,CUST00956,P0006,East,0.06,1351.61,366.53,2024-04-08,4,359.47
O24-008087,CUST00300,P0035,East,0.12,21.49,4.08,2024-10-18,6,4.07
O24-003537,CUST00324,P0024,West,0.12,1164.68,134.42,2024-08-22,2,661.75
O24-003669,CUST01216,P0048,East,0.17,5.7,0.91,2024-12-15,3,2.289156627
O24-006298,CUST01497,P0013,North,0.06,19.46,4.56,2024-12-01,1,20.7
O24-004600,CUST00346,P0046,North,0.09,5.37,1.09,2024-06-20,2,2.95
O24-007657,CUST00295,P0021,West,0.14,735.99,99.57,2024-01-24,4,213.95
O24-005977,CUST00438,P0015,East,0.09,95.2,23.09,2024-10-08,2,52.31
O24-000646,CUST00419,P0036,North,0,34.78,5.42,2024-11-12,2,17.39
O24-007051,CUST01212,P0007,East,0.08,393.47,107.15,2024-08-27,2,213.84
O24-004521,CUST00498,P0040,North,0.2,24.58,3.26,2024-10-21,2,15.36
O24-009526,CUST01447,P0018,North,0.17,2231.29,334.93,2024-07-26,6,448.05
O24-005722,CUST01326,P0011,East,0.05,709,169.75,2024-08-23,8,93.29
O24-006892,CUST01275,P0014,North,0.18,65.88,14.98,2024-05-01,2,40.17
O24-008121,CUST00186,P0016,South,0.16,171.59,36.62,2024-10-21,3,68.09
O24-007897,CUST00143,P0019,North,0.13,1690.19,266.24,2024-01-23,5,388.55
O24-006712,CUST01055,P0044,North,0.1,56.45,10.11,2024-01-04,4,15.68
O24-001748,CUST00037,P0037,West,0.37,24.42,3.41,2024-06-03,3,12.92
O24-008149,CUST01397,P0027,North,0.18,215.89,28.36,2024-07-18,2,131.64
O24-005087,CUST00279,P0008,North,0.02,1137.15,313.67,2024-08-08,2,580.18
O24-004261,CUST01495,P0012,South,0.23,30.74,3.43,2024-12-23,2,19.96
O24-006721,CUST01217,P0047,East,0.27,15.39,1.91,2024-10-14,2,10.54
O24-007176,CUST00574,P0028,North,0.1,1194.08,117.6,2024-01-24,3,442.25
O24-006015,CUST00528,P0015,East,0.02,53.81,15.83,2024-12-30,1,54.91
O24-003600,CUST01101,P0004,South,0.11,4080.61,797.82,2024-05-17,5,916.99
O24-008857,CUST01093,P0007,North,0.05,190.83,54.22,2024-04-02,1,200.87
O24-005388,CUST01058,P0016,West,0.15,172,30.18,2024-10-19,3,67.45
O24-005675,CUST00657,P0013,West,0.03,97.15,24.34,2024-01-18,5,20.03
O24-008396,CUST01435,P0005,South,0.12,1681.08,341.26,2024-01-06,4,477.58
O24-007120,CUST00090,P0042,North,0.12,50.46,9.34,2024-09-30,2,28.67
O24-003772,CUST00235,P0035,West,0.04,16.13,3.43,2024-02-04,4,4.2
O24-006605,CUST00631,P0030,South,0.09,552.55,63.96,2024-07-22,6,101.2
O24-005607,CUST01103,P0010  ,East,0.23,221.92,42.53,2024-10-25,3,96.07
O24-008033,CUST00650,P0014,West,0.06,148.71,33.89,2024-12-06,4,39.55
O24-004608,CUST00449,P0013,South,0.21,16,2.71,2024-10-10,1,20.25
O24-009440,CUST00191,P0005,West,0.17,765.33,161.12,2024-05-04,2,461.04
O24-000361,CUST00667,P0035,East,0.1,19.26,3.29,2024-12-03,5,4.28
O24-002263,CUST01313,P0046,West,0.09,8.38,1.69,2024-07-13,3,3.07
O24-002696,CUST00427,P0036  ,West,0.12,17.4,3.26,2024-09-13,1,19.77
O24-003777,CUST00155,P0041,South,0.14,87.41,9.09,2024-09-19,3,33.88
O24-009963,CUST00701,P0020,North,0.07,2016.69,274.4,2024-06-23,8,271.06
O24-008175,CUST01210,P0039,South,0.14,25.85,3.05,2024-11-29,2,15.03
O24-009413,CUST00402,P0009,South,0.23,173.79,26.43,2024-11-06,10,22.57
O24-005401,CUST00927,P0008,West,0.26,902.03,194.46,2024-07-28,2,609.48
O24-000746,CUST00973,P0043,East,0.21,58.76,11.76,2024-09-11,2,37.19
O24-009966,CUST01076,P0003,North,0.01,10971.89,2600.15,2024-09-17,8,1385.34
O24-009270,CUST01365,P0038,West,0.09,63.06,11.28,2024-02-20,5,13.86
O24-003214,CUST00156,P0044,East,0.07,43.05,6.45,2024-03-03,3,15.43
O24-004759,CUST00726,P0044,North,0.2,38.71,5.98,2024-02-08,3,16.13
O24-003713,CUST00118,P0002,West,0.14,950.73,204.96,2024-01-10,2,552.75
O24-003103,CUST00883,P0012,South,0.16,49.9,9.83,2024-02-14,3,19.8
O24-007534,CUST01185,P0043  ,East,0.08,71.06,15.79,2024-02-26,2,38.62
O24-006520,CUST00518,P0026,North,0.3,2132.93,249.35,2024-10-26,6,507.84
O24-006726,CUST01354,P0019,East,0.05,1517.8,286.86,2024-09-09,4,399.42
O24-004047,CUST00162,P0023,West,0.06,260.31,35.32,2024-01-22,1,276.93
O24-001838,CUST00464,P0045,South,0.07,2.32,0.27,2024-09-22,1,2.49
O24-005070,CUST00795,P0005,North,0.06,4381.37,987.57,2024-07-08,11,423.73
O24-004667,CUST00295,P0007,East,0.07,394.51,96.6,2024-10-18,2,212.1
O24-003213,CUST01033,P0010,East,0.09,247.69,73.56,2024-12-20,3,90.73
O24-008502,CUST00817,P0026  ,South,0.12,1348.3,173.29,2024-11-15,3,510.72
O24-004174,CUST00239,P0040,East,0.01,77.91,17.44,2024-09-27,5,15.74
O24-008050,CUST00968,P0012,North,0.14,17.83,3.96,2024-09-02,1,20.73
O24-009527,CUST01195,P0042,North,0.12,106.59,15.06,2024-10-20,4,30.28125
O24-006051,CUST01325,P0026,East,0.05,972.4,97.09,2024-07-24,2,511.79
O24-005058,CUST01123,P0007,West,0.12,179.43,45.9,2024-08-25,1,203.9
O24-007519,CUST00098,P0005,North,0.03,919.99,251.11,2024-01-02,2,474.22
O24-001997,CUST01183,P0029,North,0.04,1331.62,151.17,2024-03-23,5,277.42
O24-006791,CUST00751,P0028,North,0.07,416.65,61.5,2024-10-08,1,448.01
O24-007455,CUST00345,P0014,East,0.08,160.01,40.01,2024-12-31,4,43.48
O24-006829,CUST00204,P0013,West,0.18,15.47,2.87,2024-01-22,1,18.86
O24-003086,CUST00302,P0040,South,0.04,113.82,18.48,2024-07-28,8,14.82
O24-008670,CUST00647,P0048,West,0.37,2.8,0.37,2024-04-27,2,2.22
O24-006005,CUST01029,P0043,North,0.19,66.68,11.69,2024-01-26,2,41.16
O24-003045,CUST00747,P0015,North,0.06,150.16,39.61,2024-07-11,3,53.25
O24-002081,CUST00438,P0046,West,0.07,8.29,1.8,2024-03-16,3,2.97
O24-004802,CUST00116,P0031,South,0.12,1622.67,75.84,2024-11-16,7,263.42
O24-005892,CUST01163,P0012,North,0.19,32.59,6.46,2024-09-21,2,20.12
O24-000028,CUST01389,P0031,West,0.08,1475.44,218.32,2024-08-22,6,267.29
O24-005130,CUST01377,P0038,West,0.17,45.09,6.79,2024-08-20,4,13.58
O24-005365,CUST00201,P0033  ,South,0.4,7.68,0.58,2024-11-28,1,12.8
O24-009677,CUST00498,P0039,West,0.1,25.07,4.43,2024-12-11,2,13.93
O24-009119,CUST01489,P0034,North,0.13,24.87,5.26,2024-05-15,3,9.53
O24-001444,CUST01121,P0006,North,0.06,1513.36,336.77,2024-11-18,4,402.49
O24-001925,CUST00753,P0041,East,0.02,64.52,13.52,2024-06-18,2,32.92
O24-001771,CUST01127,P0048,West,0.06,2.11,0.32,2024-04-19,1,2.25
O24-000489,CUST00643,P0016,East,0.09,484.78,111.52,2024-02-27,8,66.59
O24-004359,CUST00065,P0032,West,0.19,387.37,56.21,2024-10-31,1,478.24
O24-005406,CUST01282,P0020,South,0.12,1448.15,141.2,2024-01-31,6,274.27
O24-007285,CUST01489,P0021,North,0.15,391.48,40.83,2024-03-27,2,230.28
O24-008394,CUST00576,P0024,East,0.04,2437.21,492.73,2024-05-18,4,634.69
O24-000370,CUST00653,P0035,North,0.04,3.83,0.79,2024-07-11,1,3.99
O24-003736,CUST00279,P0011,South,0.09,240.9,45.38,2024-06-28,3,88.24
O24-005814,CUST01455,P0036,North,0.06,19.75,3.08,2024-08-01,1,21.01
O24-001735,CUST00952,P0017,North,0.19,357.4,41.71,2024-09-05,2,220.62
O24-005706,CUST01258,P0018,West,0.05,1205.32,194.25,2024-11-02,3,422.92
O24-001348,CUST01157,P0044,South,0.18,60.39,7.74,2024-07-15,5,14.73
O24-007254,CUST00118,P0006,East,0.06,1415.19,390.43,2024-01-08,4,376.38
O24-004501,CUST00725,P0004,North,0.11,4050.03,963.7,2024-04-19,5,910.12
O24-008491,CUST01340,P0013,West,0.13,105.86,23.29,2024-04-10,6,20.28
O24-005693,CUST00656,P0016,West,0.12,59.2,13.31,2024-08-14,1,67.27
O24-007170,CUST01050,P0005,East,0.12,409.48,101.79,2024-01-10,1,465.32
O24-004837,CUST00583,P0012,East,0.1,70.31,18.24,2024-11-25,4,19.53
O24-005535,CUST01368,P0002,South,0.2,865.46,167.27,2024-01-27,2,540.91
O24-006613,CUST00943,P0007,East,0.03,1201.6,287.14,2024-06-01,6,206.46
O24-003922,CUST00009,  P0046,West,0.14,5.38,1.14,2024-01-13,2,3.13
O24-006403,CUST00826,P0002,West,0.34,1415.41,197.51,2024-08-08,4,536.14
O24-001920,CUST01385,P0024,North,0.08,3579.17,516.95,2024-11-29,6,648.4
O24-009142,CUST01066,P0012,South,0.24,30.9,6.08,2024-04-16,2,20.33
O24-003710,CUST01120,P0005,North,0.19,1483.98,384.33,2024-09-09,4,458.02
O24-004389,CUST00101,P0012,East,0.17,64.67,14.38,2024-12-02,4,19.48
O24-003926,CUST00559,P0013,East,0.22,57.78,13.2,2024-01-10,4,18.52
O24-004873,CUST00086,P0029,North,0.25,2235.52,245.68,2024-04-22,10,298.07
O24-002794,CUST01227,P0022,East,0.14,2255.4,361.85,2024-06-27,4,655.64
O24-005200,CUST01180,P0041,West,0.12,111.97,16.76,2024-12-30,4,31.80965909
O24-004171,CUST00359,P0030,North,0.07,492.34,76.21,2024-07-31,5,105.88
O24-001482,CUST00127,P0011,South,0.15,74.83,10.42,2024-05-31,1,88.03
O24-003753,CUST00097,P0014,East,0.04,39.24,11.06,2024-01-11,1,40.87
O24-000105,CUST00540,P0025,East,0.02,5312.29,744.4,2024-05-05,10,542.07
O24-001261,CUST00471,P0034,North,0.25,55.39,6.84,2024-08-19,7,10.55
O24-009215,CUST00983,P0047  ,East,0.13,72.59,11.92,2024-06-11,8,10.43
O24-005333,CUST00320,P0041,South,0.17,27.22,2.13,2024-12-22,1,32.79
O24-001210,CUST01346,P0025,East,0.05,496.03,69.71,2024-08-24,1,522.14
O24-000694,CUST01269,P0035,South,0.15,14.52,1.47,2024-10-22,4,4.27
O24-007732,CUST01087,P0001,North,0.1,3055.97,645.69,2024-11-04,3,1131.84
O24-002903,CUST00111,P0034,North,0.12,17.79,2.88,2024-05-17,2,10.11
O24-000217,CUST00381,P0041,North,0.12,28,5.12,2024-05-18,1,31.82
O24-005762,CUST01462,P0006,East,0.04,726.22,176.91,2024-01-09,2,378.24
O24-000504,CUST00419,P0017,South,0.11,382.15,55.13,2024-11-26,2,214.69
O24-005122,CUST00584,P0046,East,0.09,2.76,0.41,2024-01-04,1,3.03
O24-008871,CUST00326,P0046,West,0,7.9,1.58,2024-03-24,3,2.96
O24-003255,CUST00350,P0011,North,0.17,75.19,13.99,2024-05-10,1,90.59
O24-002574,CUST01094,P0048,East,0.07,3.81,0.74,2024-06-28,2,2.05
O24-008626,CUST01082,P0041,North,0.13,53.85,9.74,2024-11-26,2,30.95
O24-006623,CUST00042,P0032,West,0.1,450.57,64.66,2024-04-15,1,500.63
O24-002818,CUST00811,P0009,South,0.03,315.46,87.25,2024-03-10,14,23.23
O24-008299,CUST01444,P0004,North,0.08,848.8,203.75,2024-08-12,1,922.61
O24-003362,CUST00823,P0037,North,0.13,11.97,1.95,2024-12-05,1,13.76
O24-006909,CUST01378,P0019,West,0.05,1167.05,144.63,2024-03-06,3,409.49
O24-000077,CUST00101,  P0016,West,0.15,111.33,21.49,2024-01-01,2,65.49
O24-008798,CUST01446,P0037,North,0.1,24.19,4.34,2024-12-09,2,13.44
O24-002196,CUST01142,P0007,East,0,192.83,37.39,2024-09-03,1,224.22
O24-006157,CUST00083,P0017,East,0.02,424.75,68.08,2024-12-29,2,216.71
O24-009025,CUST00737,P0018,East,0.31,1143.16,107.16,2024-12-26,4,414.19
O24-009668,CUST01108,P0008,East,0.02,3472.55,863.65,2024-07-08,6,590.57
O24-005955,CUST00549,P0001,East,0.23,4433.31,982.29,2024-01-20,5,1151.51
O24-005065,CUST00910,P0010,South,0.11,399.39,90.26,2024-08-20,5,89.75
O24-002804,CUST01325,P0034,South,0.22,8.17,0.69,2024-01-14,1,10.47
O24-009240,CUST01469,P0028,East,0.14,368.42,55.79,2024-02-14,1,428.4
O24-008240,CUST00921,P0042,North,0.11,26.26,5.54,2024-08-17,1,29.5
O24-006120,CUST00044,P0029,North,0.1,784.89,140.52,2024-04-16,3,290.7
O24-003635,CUST01312,P0039,East,0.15,23.6,4.18,2024-03-15,2,13.88
O24-002536,CUST00695,P0009,North,0.15,99.54,19.68,2024-06-05,5,23.42
O24-002901,CUST00489,P0015,East,0.04,104.12,28.46,2024-12-15,2,54.23
O24-002221,CUST00830,P0010,South,0.17,77.03,15.82,2024-04-21,1,92.81
O24-007620,CUST00144,P0002,West,0.09,3853.96,917.71,2024-04-13,8,529.39
O24-000348,CUST00281,P0007,South,0.21,317.5,51.35,2024-01-09,2,200.95
O24-004432,CUST01028,P0009,East,0.04,70.27,15.63,2024-02-12,3,24.4
O24-000295,CUST00724,P0004,North,0.1,814.16,204.75,2024-01-20,1,904.62
O24-009145,CUST00750,P0010,East,0.11,83.62,21.99,2024-06-29,1,93.95505618
O24-005155,CUST00961,P0011,North,0.1,234.95,57.04,2024-12-16,3,87.02
O24-008342,CUST01023,P0046,East,0.14,5.49,1.14,2024-11-13,2,3.19
O24-006546,CUST01179,P0032,East,0.19,757.82,105.84,2024-07-19,2,467.79
O24-003631,CUST00288,P0014,East,0.12,33.98,6.04,2024-02-19,1,38.61
O24-003577,CUST00618,P0033,North,0.16,10.9,1.38,2024-12-21,1,12.98
O24-005894,CUST00865,P0039,North,0.06,40.1,8.32,2024-12-28,3,14.22
O24-002075,CUST00525,P0020,South,0.36,704.92,37.32,2024-09-10,4,275.36
O24-004215,CUST01437,P0005,South,0.4,1647.58,247.57,2024-02-09,6,457.66
O24-005281,CUST00910,P0008,East,0.23,458.31,76.59,2024-07-08,1,595.21
O24-005375,CUST00183,P0013,South,0.13,17.17,3.98,2024-01-07,1,19.73
O24-000591,CUST00048,P0039,West,0.04,13.77,2.2,2024-11-17,1,14.34
O24-009014,CUST00908,P0040,North,0.12,41.79,6.87,2024-09-15,3,15.83
O24-002232,CUST00215,P0045,West,0.1,2.49,0.45,2024-02-03,1,2.77
O24-009663,CUST00193,P0032,East,0.1,903.76,135.3,2024-10-20,2,502.09
O24-008184,CUST00150,P0044,East,0.13,13.8,2.58,2024-12-07,1,15.86
O24-009857,CUST00451,P0016,East,0.08,248.77,64.43,2024-07-05,4,67.6
O24-003773,CUST00095,P0018,West,0.31,587.51,37.02,2024-06-28,2,425.73
O24-001689,CUST00222,P0034,East,0.08,47.56,7.58,2024-12-27,5,10.34
O24-001245,CUST00925,P0014,West,0.15,99.91,22.46,2024-08-28,3,39.18
O24-000934,CUST00432,P0041,North,0.15,28.05,3.86,2024-11-14,1,33
O24-000919,CUST00750,P0020,West,0.04,1573.69,365.14,2024-11-20,6,273.21
O24-000732,CUST00243,P0016,North,0,105.74,24.64,2024-08-14,2,63.7
O24-004438,CUST00737,P0027,North,0.09,669.23,82.72,2024-06-16,6,122.57
O24-004771,CUST01301,P0036,East,0.22,33.46,4.89,2024-01-23,2,21.45
O24-007433,CUST00603,P0023,North,0.08,989.18,154.88,2024-02-12,4,268.8
O24-002430,CUST00833,P0034,South,0.24,43.64,4.42,2024-11-03,6,9.57
O24-004313,CUST00293,P0035,West,0.09,3.86,0.7,2024-12-09,1,4.24
O24-008639,CUST00280,P0010,South,0.27,65.67,11.24,2024-10-19,1,89.96
O24-009081,CUST01263,P0041,West,0.11,403.95,62.57,2024-09-28,14,32.42
O24-008170,CUST00028,P0001,West,0.18,7819.45,1610.52,2024-10-20,8,1191.99
O24-000239,CUST00946,P0020,East,0.16,434.31,49.72,2024-05-15,2,258.52
O24-001175,CUST00047,  P0014,South,0.25,127.53,22.11,2024-06-10,4,42.51
O24-006398,CUST00624,P0046,East,0.09,2.88,0.47,2024-01-09,1,3.17
O24-004819,CUST00108,P0044,South,0.17,36.63,3.74,2024-03-30,3,14.71
O24-008035,CUST00492,P0025,South,0.17,443.81,48.93,2024-03-20,1,534.71
O24-001237,CUST00598,P0037,West,0.13,124.41,19.99,2024-09-13,10,14.3
O24-001204,CUST00083,P0031,North,0.01,522.17,44.67,2024-03-23,2,263.72
O24-007560,CUST00191,P0012,East,0.12,17.56,4.18,2024-10-18,1,19.96
O24-001254,CUST01169,P0035,North,0.16,7.21,1.06,2024-09-09,2,4.29
O24-004196,CUST00488,P0014,East,0.15,36.15,7.76,2024-01-22,1,42.53
O24-000774,CUST00077,P0012,North,0.04,39.36,10.36,2024-09-05,2,20.5
O24-003670,CUST00401,P0014,East,0.07,38.91,8.19,2024-04-26,1,41.84
O24-000060,CUST01025,P0043,East,0.21,63.63,11.66,2024-08-10,2,40.27
O24-003881,CUST01275,P0008,West,0.04,1758.21,476.16,2024-12-15,3,610.49
O24-003322,CUST00587,P0004,North,0.08,1567.9,405.45,2024-08-18,2,852.12
O24-003042,CUST00063,P0017,East,0.17,893.16,107.85,2024-01-02,5,215.22
O24-005079,CUST00960,P0013,North,0.07,55.3,14.93,2024-06-19,3,19.82
O24-003966,CUST01442,P0023,North,0.15,1846.54,231.01,2024-05-20,8,271.55
O24-004288,CUST00297, P0044 ,North,0.21,25.07,4.52,2024-07-27,2,15.87
O24-004967,CUST00121,P0012,East,0.02,20.52,6.02,2024-06-09,1,20.94
O24-008002,CUST01257,P0035,East,0.14,13.79,3.01,2024-01-16,4,4.01
O24-008093,CUST00176,P0038,East,0.01,68.8,14.02,2024-01-05,5,13.9
O24-002606,CUST00083,P0036,East,0.32,28.22,4.08,2024-10-06,2,20.75
O24-005148,CUST00411,P0039,East,0,31.12,3.66,2024-03-28,3,13.83
O24-003677,CUST01497,P0029,North,0.13,760.66,83.01,2024-12-13,3,291.44
O24-003057,CUST01316,P0003,West,0.36,2684.01,476.62,2024-04-26,3,1397.92
O24-009277,CUST00208,P0003,East,0.08,1285.64,365.54,2024-02-09,1,1397.43
O24-007219,CUST00760,P0042,North,0.31,80.65,12.69,2024-03-29,4,29.22
O24-008531,CUST00951,P0008,North,0.19,488.9,115.61,2024-08-28,1,603.58
O24-008645,CUST00705,P0031,West,0.04,1011.96,149.53,2024-08-29,4,263.53
O24-003311,CUST00490,P0035,North,0.15,13.77,2.6,2024-03-22,4,4.05
O24-001537,CUST00446,P0005,East,0.1,2380.27,591.52,2024-12-16,6,440.79
O24-005855,CUST00850,P0015,North,0.01,161.6,41.56,2024-06-23,3,54.41
O24-000419,CUST00842,P0007,North,0.37,383.75,66.79,2024-12-27,3,203.04
O24-001274,CUST01285,P0009,East,0,117.15,29.47,2024-07-26,5,23.43
O24-000092,CUST01203,P0035,East,0.09,3.79,0.9,2024-10-13,1,4.16
O24-009505,CUST00632,P0047,South,0.12,8.76,1.14,2024-03-31,1,9.96
O24-007736,CUST00950,P0002,South,0.12,475.84,112.11,2024-06-15,1,540.73
O24-007468,CUST00953,P0022,West,0.05,1253.37,212.44,2024-01-09,2,659.6684211
O24-003854,CUST01286,P0048,North,0.03,11.01,1.94,2024-09-06,5,2.27
O24-003529,CUST01204,P0039,East,0.28,62.12,7.56,2024-01-04,6,14.38
O24-004969,CUST01456,P0001,North,0.13,2109.75,477.94,2024-10-03,2,1212.5
O24-009481,CUST00586,P0039,North,0.06,92.78,19,2024-09-05,7,14.1
O24-004784,CUST01198,P0038,North,0.27,18.64,2.89,2024-11-25,2,12.77
O24-006581,CUST00591,P0031,North,0.11,965.19,123.78,2024-03-29,4,271.12
O24-009121,CUST00735,P0013,East,0.06,17.9,4.66,2024-03-31,1,19.04
O24-001515,CUST01136,P0001,East,0.2,945.94,234.61,2024-10-10,1,1182.43
O24-006221,CUST00716,P0027,West,0.05,604.15,96.79,2024-05-26,5,127.19
O24-001853,CUST00980,P0013,South,0.27,69.64,11.23,2024-10-01,5,19.08
O24-007598,CUST00003,P0019,North,0.11,685.55,95.17,2024-03-06,2,385.14
O24-009211,CUST00568,P0042,East,0.06,54.95,8.44,2024-12-27,2,29.23
O24-008534,CUST00740,P0032,North,0.09,425.67,44.92,2024-12-25,1,467.77
O24-003462,CUST01132,P0040,East,0,12.72,2.71,2024-06-30,1,14.96
O24-004228,CUST01492,P0028,North,0.11,817.43,114.47,2024-04-08,2,459.23
O24-005300,CUST01204,P0029,North,0.15,468.37,60.98,2024-06-20,2,275.51
O24-000088,CUST01420,P0029,North,0.08,1068.45,166.6,2024-11-07,4,290.34
O24-008034,CUST01051,P0043,West,0.18,167.44,24.62,2024-01-09,5,40.84
O24-003215,CUST01421,P0023,North,0.09,1004.93,148.83,2024-09-13,4,276.0796703
O24-007440,CUST00265,P0012,West,0.08,38,8.27,2024-08-13,2,20.65
O24-004267,CUST00615,P0044,West,0.04,15.01,2.98,2024-01-15,1,15.64
O24-001567,CUST00587,P0006,North,0.12,333.43,80.41,2024-09-26,1,378.9
O24-002783,CUST00722,  P0044,West,0.03,75.81,16.92,2024-11-21,5,15.63
O24-009629,CUST00817,P0041,South,0.34,40.99,1.98,2024-07-09,2,31.05
O24-001225,CUST00489,P0026,North,0.08,468.35,76.59,2024-09-01,1,509.08
O24-001670,CUST01092,P0003,East,0.36,1785.96,242.99,2024-11-07,2,1395.28
O24-007891,CUST01103,P0024,East,0.12,1139.58,151.67,2024-12-30,2,647.49
O24-004136,CUST00399,P0030,South,0.14,175.3,18.2,2024-05-14,2,101.92
O24-005338,CUST00132,P0039,South,0.17,34.44,3.23,2024-05-14,3,13.83
O24-004559,CUST01379,P0011,East,0.06,79.56,16.99,2024-12-27,1,84.64
O24-004896,CUST00157,P0048,North,0.12,11.25,1.62,2024-11-27,6,2.13
O24-007708,CUST00598,P0017,East,0.36,682.37,82.05,2024-01-04,5,213.24
O24-008892,CUST00746,P0012,West,0.07,36.79,9.4,2024-08-13,2,19.78
O24-000637,CUST00454,P0007,East,0.13,552.93,136.65,2024-10-12,3,211.85
O24-006257,CUST00430,P0020,East,0.04,271.83,49.03,2024-01-07,1,283.16
O24-002198,CUST00484,P0004  ,East,0.09,1623.29,385.78,2024-12-24,2,891.92
O24-000858,CUST00358,P0007,East,0.19,326.61,68.74,2024-11-01,2,201.61
O24-004186,CUST00677,P0022,East,0.06,2655.61,387.46,2024-06-26,4,706.28
O24-005990,CUST00705,P0013,North,0,20.68,6.1,2024-10-07,1,20.68
O24-007709,CUST01312,P0022,South,0.24,1511.09,110.31,2024-01-31,3,662.76
O24-001607,CUST01307,P0007,South,0.11,374.89,80.28,2024-03-04,2,210.61
O24-007405,CUST00955,P0018,North,0.03,2558.7,422.55,2024-04-25,6,439.6391753
O24-009224,CUST00213,P0031,East,0.07,936.32,135.72,2024-04-05,4,251.7
O24-002662,CUST00357,P0002,South,0.12,1836.56,313.23,2024-11-27,4,521.75
O24-002878,CUST01062,P0002,West,0.06,480.03,122.5,2024-11-23,1,510.67
O24-008361,CUST00651,P0005,East,0.14,1127.74,281.13,2024-02-20,3,437.11
O24-002360,CUST01012,P0008,North,0.08,1075.37,226.86,2024-07-29,2,584.44
O24-003799,CUST01128,P0037,North,0.12,12.28,2.15,2024-06-24,1,13.96
O24-002520,CUST01199,P0014,East,0.12,35.25,9.36,2024-02-25,1,40.06
O24-008326,CUST00953,P0002,West,0.1,1461.92,384.78,2024-01-20,3,541.45
O24-001879,CUST00269,P0010,South,0.24,542.09,96.73,2024-07-22,8,89.16
O24-007414,CUST00073,P0028,West,0.11,392.32,44.13,2024-01-18,1,440.81
O24-003775,CUST00511,P0007,North,0.11,741.09,193.69,2024-10-24,4,208.17
O24-007819,CUST00272,P0024,South,0.1,1148.78,150.35,2024-04-15,2,638.21
O24-005094,CUST00095,P0003,West,0.02,7062.37,1717.96,2024-02-06,5,1441.3
O24-007991,CUST00498,P0016,North,0.1,296.1,63.89,2024-10-01,5,65.8
O24-007912,CUST00100,P0025,East,0.19,430.65,35.83,2024-02-23,1,531.67
O24-004718,CUST00131,P0025,East,0.13,443.95,55.7,2024-11-11,1,510.29
O24-007839,CUST00785,P0034,North,0.05,20.41,4.17,2024-12-13,2,10.74
O24-009153,CUST00984,P0005,East,0.15,1209.92,252.59,2024-05-18,3,474.48
O24-009833,CUST00859,P0004,North,0.1,1531.1,333.79,2024-05-17,2,850.6111111
O24-004436,CUST01145,P0041,North,0.08,155.07,28.12,2024-02-05,5,33.71
O24-005265,CUST00210,P0031,South,0.4,657.29,11.65,2024-11-05,4,273.87
O24-000922,CUST01178,P0045,North,0.12,11.66,1.89,2024-10-26,5,2.65
O24-009493,CUST00010,P0043,West,0.21,155.43,25.82,2024-11-28,5,39.35
O24-006483,CUST01284,P0026,North,0.2,1974.48,185.88,2024-03-21,5,493.62
O24-004390,CUST01159,P0008,East,0,553.74,132.05,2024-08-02,1,615.27
O24-009258,CUST00711,P0034,West,0.05,29.36,5.97,2024-09-03,3,10.3
O24-008888,CUST00177,P0038,South,0.15,11.57,1.28,2024-08-15,1,13.61
O24-007581,CUST01020,P0007,East,0.1,1839.33,497.22,2024-01-20,10,204.37
O24-003726,CUST00575,P0005,North,0.14,395.14,82.23,2024-06-08,1,459.46
O24-003394,CUST00434,P0002,North,0.21,826.8,165.14,2024-04-01,2,523.29
O24-005488,CUST01003,P0012,West,0.04,111.11,27.19,2024-06-30,6,19.29
O24-002916,CUST00320,P0015,North,0.15,190.06,46.47,2024-09-26,4,55.9
O24-006918,CUST01017,P0037,North,0.05,13.05,2.1,2024-12-07,1,13.74
O24-004006,CUST00382,P0032,South,0.15,402.77,11.74,2024-06-08,1,473.85
O24-005736,CUST01366,P0026,South,0.21,781.03,40.24,2024-11-30,2,494.32
O24-004243,CUST00658,P0008,North,0.02,2254.86,566.35,2024-01-14,4,575.22
O24-006540,CUST01436,P0010,East,0.14,243.29,65.05,2024-11-17,3,94.3
O24-002789,CUST00245,P0036,North,0.08,19.69,3.68,2024-01-06,1,21.4
O24-009098,CUST01161,P0003,South,0.4,4180.86,388.86,2024-09-19,5,1393.62
O24-004769,CUST00158,P0034,East,0.05,39.25,9.6,2024-01-05,4,10.33
O24-004862,CUST01106,P0041,South,0.19,27.1,2.35,2024-03-07,1,33.46
O24-009141,CUST00688,P0048,West,0.05,7.94,1.35,2024-04-11,4,2.09
O24-000506,CUST00542,P0006,North,0.2,3265.68,604.37,2024-02-25,10,408.21
O24-001794,CUST01166,  P0021,North,0.04,882.66,138.38,2024-11-11,4,229.86
O24-009772,CUST00392,P0022,West,0.12,2428.8,302.03,2024-06-13,4,690
O24-006177,CUST00649,P0027,East,0.08,229.69,37.13,2024-05-28,2,124.83
O24-001543,CUST00133,P0044,East,0.08,41.9,7.89,2024-03-10,3,15.18
O24-007064,CUST01424,P0011,East,0.09,81.82,20.19,2024-11-04,1,89.91
O24-004209,CUST00906,P0025,South,0.24,1188.24,41.37,2024-02-20,3,521.16
O24-004922,CUST00125,P0030,East,0.07,91.49,13.47,2024-03-12,1,98.38
O24-006949,CUST00992,P0035,West,0.2,26.56,4.41,2024-03-09,8,4.15
O24-002450,CUST01099,P0016,South,0.15,215.36,43.42,2024-11-23,4,63.34
O24-009812,CUST01352,P0047,North,0.06,10.02,1.64,2024-07-16,1,10.66
O24-000299,CUST01318,P0011,South,0.19,144.83,29.03,2024-01-01,2,89.4
O24-006163,CUST00957,P0047,West,0.07,9.56,1.97,2024-06-19,1,10.28
O24-002678,CUST00946,P0005,South,0.2,738.5,137.07,2024-01-18,2,461.56
O24-003844,CUST00977,P0005,South,0.18,378.07,54.73,2024-06-30,1,461.06
O24-004306,CUST01457,P0010,South,0.14,457.12,77.04,2024-03-08,6,88.59
O24-006343,CUST00247,P0034,East,0.08,9.27,1.31,2024-02-06,1,10.08
O24-005531,CUST00574,P0016,North,0.11,226.02,60.47,2024-02-20,4,63.49
O24-005378,CUST01260,P0013,West,0.31,13.91,2.88,2024-08-30,1,20.16
O24-008281,CUST00453,P0035,West,0.04,12.07,1.93,2024-05-26,3,4.19
O24-006271,CUST00183,P0036,North,0.12,17.71,3.83,2024-08-11,1,20.12
O24-000620,CUST00878,P0013,North,0.07,89.79,20.45,2024-10-24,5,19.31
O24-004764,CUST00066,P0008,East,0.15,943.14,182.56,2024-11-28,2,554.79
O24-002977,CUST01237,P0012,North,0.12,36.29,8.5,2024-09-09,2,20.62
O24-009352,CUST00844,P0013,South,0.22,30.22,5.4,2024-11-28,2,19.37
O24-005009,CUST00136,P0007,West,0.11,536.32,148.1,2024-12-19,3,200.87
O24-001360,CUST00534,P0047,South,0.15,26.11,3.23,2024-12-26,3,10.24
O24-006443,CUST00427,P0038,South,0.16,23.79,3.26,2024-12-09,2,14.16
O24-004232,CUST00361,P0008,South,0.38,1091.15,114.47,2024-06-29,3,586.64
O24-006668,CUST00347,P0033,West,0.05,25.57,5.56,2024-01-04,2,13.46
O24-008921,CUST01275,P0026  ,West,0.07,2283.29,355.15,2024-11-30,5,491.03
O24-004004,CUST01252,P0038,North,0.09,99.3,20.13,2024-10-03,8,13.64
O24-001079,CUST00401,P0009,West,0.03,119.12,28.39,2024-06-23,5,24.56
O24-002877,CUST00959,P0042,South,0.22,24.32,3.62,2024-07-05,1,31.18
O24-005845,CUST00584,P0026,North,0.13,1261.75,125.67,2024-07-20,3,483.43
O24-008372,CUST01435,P0044,East,0.12,41.82,7.06,2024-12-02,3,15.84
O24-003496,CUST00075,P0014,East,0.11,74.37,17.22,2024-03-21,2,41.78
O24-006792,CUST00446,P0033,East,0.06,24.5,4,2024-10-05,2,13.03191489
O24-007908,CUST01023,P0022,South,0.3,500.91,15.24,2024-02-24,1,715.58
O24-008568,CUST00879,P0012,East,0.12,89.76,24.65,2024-06-08,5,20.4
O24-005962,CUST01326,P0004,North,0.04,2626.53,606.72,2024-11-18,3,911.99
O24-003249,CUST01247,P0010,North,0.11,328.16,84.48,2024-11-05,4,92.18
O24-003641,CUST01083,P0007,East,0.1,178.64,49.12,2024-11-08,1,198.49
O24-002477,CUST01493,P0029,South,0.23,228.03,15.44,2024-03-19,1,296.14
O24-003427,CUST00241,P0014,West,0.01,82.61,19.76,2024-10-24,2,41.72
O24-009652,CUST01375,P0007,North,0.06,192.97,41.76,2024-03-29,1,205.29
O24-006011,CUST00365,P0043,West,0.1,69.44,13.69,2024-08-18,2,38.58
O24-001187,CUST00539,P0011,North,0.03,416.23,103.37,2024-08-01,5,85.82
O24-008797,CUST00148,P0011,West,0.17,68.9,16.59,2024-06-07,1,83.01
O24-005342,CUST01246,P0026,West,0.06,465.88,68.35,2024-06-15,1,495.62
O24-000768,CUST00984,P0002,North,0.31,1110.89,200.22,2024-04-03,3,536.66
O24-007372,CUST00210,P0013,South,0.33,13.16,1.51,2024-10-06,1,19.64
O24-008510,CUST01007,P0014,East,0.17,33.29,7.08,2024-04-20,1,40.11
O24-000521,CUST01134,P0026,South,0.19,400.94,7.73,2024-01-18,1,494.99
O24-004103,CUST00307,P0040,West,0.17,38.69,4.96,2024-09-06,3,15.54
O24-007821,CUST01012,P0013,North,0.1,36.32,7.86,2024-02-18,2,20.18
O24-001521,CUST01444,P0015,North,0.15,273.21,63.24,2024-06-15,6,53.57
O24-005852,CUST00579,P0039,North,0.05,50.96,12.34,2024-07-07,4,13.41
O24-001302,CUST00829,P0004,West,0.11,4017.68,989.64,2024-07-02,5,902.85
O24-003796,CUST00382,P0008,East,0.04,2752.22,733.47,2024-03-10,5,573.38
O24-000282,CUST00082,P0039,East,0.02,40.04,8.68,2024-11-19,3,13.62
O24-004546,CUST00109,P0014,West,0,167.36,41.24,2024-07-10,4,41.84
O24-009782,CUST00932,P0046,West,0.12,2.67,0.47,2024-09-04,1,3.03
O24-005703,CUST01015,P0045,North,0.06,7.5,1.14,2024-06-13,3,2.66
O24-001015,CUST00142,P0012,East,0,18.56,4.32,2024-04-11,1,21.09
O24-007475,CUST01361,P0003,East,0,4250.07,1087.43,2024-11-21,3,1416.69
O24-008152,CUST00857, P0006 ,East,0.09,326.41,75.13,2024-02-13,1,358.69
O24-008454,CUST00078,P0033,East,0.01,150.28,30.19,2024-12-13,11,13.8
O24-006026,CUST00245,P0025,South,0.09,949.64,87.81,2024-12-29,2,521.78
O24-008883,CUST01260,P0045,East,0.05,14.88,3.09,2024-03-12,6,2.61
O24-009967,CUST00194,P0004,East,0.05,2629.75,764.62,2024-07-29,3,922.72
O24-002643,CUST00390,P0040,East,0.03,15.05,2.65,2024-12-29,1,15.52
O24-009929,CUST00248,P0012,West,0,37.52,9.35,2024-10-13,2,20.39
O24-003029,CUST00642,P0046,South,0.13,7.86,1.13,2024-01-09,3,3.01
O24-008744,CUST00644,P0012,East,0.06,36.27,9.23,2024-02-11,2,19.29
O24-006104,CUST00696,P0001,East,0.04,2378.86,667.62,2024-12-23,2,1238.99
O24-005067,CUST00709,P0016,North,0.08,590,141.47,2024-07-17,10,64.13
O24-002177,CUST00241,P0039,West,0,39.3,8.58,2024-09-26,3,13.1
O24-007689,CUST01130,P0026,West,0.15,2981.9,332.41,2024-07-04,7,501.16
O24-002864,CUST00265,P0014,West,0.12,67.95,16.07,2024-10-11,2,38.60795455
O24-009051,CUST00009,P0041,West,0.05,61.41,13.92,2024-09-11,2,32.32
O24-007279,CUST00093,P0030,East,0,203.46,32.15,2024-09-14,2,101.73
O24-007074,CUST00346,P0044,North,0.06,14.56,3.01,2024-05-28,1,15.49
O24-008952,CUST01359,P0044,East,0.1,57.46,10.46,2024-01-17,4,15.96
O24-009768,CUST01037,P0040,North,0.12,28,4.77,2024-03-05,2,15.91
O24-007342,CUST00108,P0007,South,0.17,502.01,97.07,2024-02-02,3,201.61
O24-001492,CUST00917,P0025,North,0.16,863.07,141.3,2024-06-29,2,513.73
O24-003613,CUST00279,P0043,North,0.06,72.02,11.78,2024-10-07,2,38.31
O24-003409,CUST01365,P0042,North,0.09,26.42,4.94,2024-12-23,1,29.03
O24-008522,CUST00351,P0008,West,0.06,562.23,129.3,2024-12-01,1,598.12
O24-006061,CUST01058,P0023,East,0.11,487.1,58.63,2024-05-03,2,273.65
O24-002932,CUST00540,P0040,South,0.12,107.15,14.61,2024-03-29,8,15.22
O24-009970,CUST01374,P0040,West,0.13,13.12,1.86,2024-10-27,1,15.08
O24-009679,CUST00420,P0019,North,0.09,375.78,39.82,2024-09-20,1,412.94
O24-003250,CUST01265,P0045,North,0.1,15.88,3.17,2024-03-10,7,2.52
O24-005499,CUST01022,P0047,West,0.29,7.12,0.83,2024-04-21,1,10.03
O24-007573,CUST00288,P0032,East,0.04,2726.5,453.98,2024-05-10,6,473.35
O24-004252,CUST01421,P0009,East,0.33,134.75,27.59,2024-09-21,8,25.14
O24-003126,CUST00090,P0003,South,0.14,1137.49,241.66,2024-11-07,1,1322.66
O24-001095,CUST00625,P0039,East,0.02,65.37,12.81,2024-10-31,5,13.34
O24-002433,CUST00544,P0025,West,0.31,385.59,38.9,2024-11-11,1,558.83
O24-005545,CUST01187,P0045,North,0.15,8.77,1.23,2024-01-22,4,2.58
O24-003779,CUST01244,P0002,South,0.22,1288.5,251.66,2024-07-31,3,550.64
O24-006415,CUST01138,P0009,South,0.14,83.87,19.12,2024-10-03,4,24.38
O24-002453,CUST00092,P0039,North,0.08,39.25,9.81,2024-07-14,3,14.22
O24-001285,CUST00351,P0007,East,0.06,2012.92,448.96,2024-01-16,10,214.1404255
O24-002384,CUST00946,P0012,North,0.1,35.62,8.81,2024-08-22,2,19.79
O24-004809,CUST01463,P0045,South,0.11,4.72,0.55,2024-06-06,2,2.65
O24-006078,CUST00056,P0006,South,0.12,2785.16,558.56,2024-12-31,8,395.62
O24-005250,CUST00465,P0007,East,0.08,385.57,96.8,2024-09-24,2,209.55
O24-001226,CUST00274,P0036,South,0.2,136.26,14.56,2024-07-25,8,21.29
O24-003756,CUST01412,P0003,North,0.06,1342.2,305.82,2024-05-01,1,1427.87
O24-002938,CUST01047,P0001,South,0.27,842.28,126.69,2024-09-13,1,1153.81
O24-008807,CUST01075,P0016,North,0.07,118.43,33.8,2024-09-26,2,63.67
O24-009651,CUST00647,P0038,East,0.13,36.54,5.9,2024-12-05,3,14
O24-004941,CUST00977,P0028,South,0.12,1179.87,184.37,2024-03-04,3,446.92
O24-002925,CUST00734,P0035,East,0.17,6.67,1.12,2024-12-04,2,4.02
O24-000524,CUST00926,P0032,South,0.25,2109.64,133.54,2024-10-16,6,468.81
O24-006845,CUST00060,P0017,North,0.12,1192.7,110.82,2024-03-18,6,225.89
O24-002769,CUST00277,P0016,East,0,376.19,69.16,2024-05-18,8,66.23
O24-003676,CUST01242,P0018,West,0,1775.24,438.23,2024-10-27,4,443.81
O24-006466,CUST00650,P0042,North,0.15,72.9,12.46,2024-11-25,3,28.59
O24-009407,CUST00928,P0007,East,0.13,519.99,122.77,2024-12-20,3,199.2298851
O24-004070,CUST01250,P0007,West,0.16,1042.02,197.88,2024-07-07,6,206.75
O24-004238,CUST01065,P0038,South,0.04,93.48,16.42,2024-03-28,7,13.91
O24-005039,CUST01358,P0016,East,0,65.59,16.89,2024-12-14,1,65.59
O24-001878,CUST00345,P0019,West,0.12,349.77,50.92,2024-01-05,1,397.47
O24-009333,CUST01094,P0024,North,0.12,1079.76,147.96,2024-09-25,2,613.5
O24-001424,CUST01491,P0046,East,0.11,2.72,0.5,2024-01-24,1,3.06
O24-008573,CUST01411,P0003,East,0.06,2563.49,584.5,2024-12-16,2,1363.56
O24-007865,CUST00777,P0011,South,0.19,413.88,81.4,2024-11-02,6,85.16
O24-006383,CUST00084,P0026,North,0.04,2056.9,275.95,2024-12-10,4,535.65
O24-000073,CUST01204,P0043,East,0.1,34.57,6.61,2024-07-16,1,38.41
O24-000345,CUST00873,P0012,East,0.05,56.74,15.13,2024-11-22,3,19.90877193
O24-001528,CUST00599,P0016,East,0.11,298.28,71.89,2024-10-10,5,67.03
O24-008757,CUST00184,P0021,West,0.15,547.94,69.61,2024-12-05,3,214.88
O24-004786,CUST00167,P0005,West,0.01,978.65,222.63,2024-03-15,2,494.27
O24-007704,CUST00048,P0040,North,0.08,14.27,2.51,2024-12-11,1,15.51
O24-004056,CUST00796,P0011,North,0.14,70.69,16.77,2024-07-27,1,82.2
O24-003567,CUST00389,P0038,North,0.02,144.24,26.27,2024-12-24,11,13.38
O24-005198,CUST00846,P0042,East,0.03,85.96,11.89,2024-09-20,3,29.54
O24-004089,CUST00056,P0046,North,0.09,14.01,1.96,2024-03-24,5,3.08
O24-005554,CUST00016,P0030,East,0.04,494.64,70.6,2024-04-15,5,103.05
O24-003021,CUST01296,P0031,West,0.04,1028.2,183.76,2024-02-07,4,267.76
O24-002784,CUST00973,P0011,South,0.26,60.07,8.22,2024-08-12,1,81.18
O24-002440,CUST00971,P0019,West,0.17,1000.43,90.48,2024-10-29,3,401.78
O24-002388,CUST01431,P0025,North,0.07,453.7,70.45,2024-04-25,1,487.85
O24-000612,CUST01456,P0048,South,0.22,1.71,0.28,2024-12-07,1,2.19
O24-002815,CUST00817,P0002,North,0.06,514.53,115.28,2024-12-05,1,547.37
O24-001709,CUST01011,P0026,North,0.07,446.2,94.31,2024-09-24,1,479.78
O24-004170,CUST00860,P0019,West,0.07,1186.42,157.37,2024-02-08,3,425.24
O24-009631,CUST00196,P0034,North,0.08,46.18,8.14,2024-08-10,5,10.04
O24-006962,CUST00550,P0039,North,0.07,52.86,11.72,2024-02-02,4,14.21
O24-007034,CUST00888,P0009,East,0.14,39.96,10.59,2024-12-18,2,23.23
O24-003493,CUST01072,P0003,West,0.02,2638.02,768.21,2024-06-12,2,1345.93
O24-003519,CUST01324,P0014,South,0.12,35.16,6.22,2024-01-15,1,39.96
O24-009700,CUST00458,P0041,East,0.06,61.76,11.72,2024-11-03,2,32.85
O24-001365,CUST01050,P0040,South,0.1,54.94,5.56,2024-02-01,4,15.26
O24-009739,CUST01381,P0007,East,0.12,190.76,44.76,2024-12-20,1,216.77
O24-006582,CUST00508,P0011,North,0.07,414.04,91.3,2024-06-03,5,89.04
O24-001267,CUST01474,P0010,West,0.07,177.95,35.73,2024-03-06,2,95.67
O24-000819,CUST00822,P0041,East,0.2,50.9,4.94,2024-04-08,2,31.81
O24-005412,CUST00575,P0031,East,0.12,232.83,34.82,2024-04-08,1,264.58
O24-004217,CUST00873,P0007,South,0.24,807.04,123.52,2024-08-17,5,212.3789474
O24-007843,CUST01194,P0034,East,0.07,9.65,1.62,2024-01-29,1,10.38
O24-005373,CUST00725,P0018,South,0.1,403.37,46.08,2024-09-06,1,448.1888889
O24-003824,CUST01309,P0040,East,0.05,30.25,5.87,2024-11-28,2,15.92
O24-004093,CUST00304,P0046,South,0.14,2.59,0.31,2024-04-19,1,3.01
O24-001691,CUST00755,P0035,North,0.09,3.56,0.55,2024-11-15,1,3.91
O24-002875,CUST01460,P0031,East,0.02,784.27,118.3,2024-03-14,3,266.76
O24-002728,CUST00460,P0003,West,0.2,9294.21,2204.22,2024-03-05,8,1452.22
O24-005707,CUST01046,P0016,North,0.03,183.53,52.51,2024-10-07,3,63.07
O24-004773,CUST01158,P0033,East,0.08,50.12,8.66,2024-10-14,4,13.62
O24-006873,CUST00629,P0017,South,0.27,158.9,5.09,2024-12-30,1,217.67
O24-003402,CUST00374,P0012,East,0.08,35.07,8.04,2024-09-03,2,19.06
O24-001367,CUST01370,P0021,North,0.18,385.89,43.27,2024-05-23,2,235.3
O24-008574,CUST00550,P0045,South,0.31,5.4,0.54,2024-10-11,3,2.61
O24-000636,CUST00195,P0004,North,0.1,1683.58,384.61,2024-03-31,2,935.32
O24-007990,CUST00424,P0023  ,South,0.14,943.94,90.07,2024-09-06,4,274.4
O24-008213,CUST00882,P0021,East,0.13,190.78,31.61,2024-01-28,1,219.29
O24-000923,CUST00842,P0006,West,0.04,1453.29,351.45,2024-09-21,4,378.46
O24-001020,CUST01347,  P0011,West,0.04,162.11,39.51,2024-03-18,2,84.43
O24-002888,CUST00708,P0004,North,0.06,1640.56,456.91,2024-09-07,2,872.64
O24-001894,CUST00737,P0030,West,0.04,101.95,17.21,2024-10-14,1,106.1979167
O24-009069,CUST00051,P0001,East,0.07,2222.01,527.08,2024-08-24,2,1194.63
O24-006090,CUST01219, P0025 ,West,0.2,781.2,63.84,2024-11-24,2,488.25
O24-006835,CUST00512,P0029,East,0.08,275.93,50.33,2024-07-14,1,299.92
O24-003270,CUST01297,P0023,South,0.16,453.01,30.74,2024-06-10,2,269.65
O24-007874,CUST01280,P0015,North,0.32,143.75,27.66,2024-04-01,4,52.85
O24-009848,CUST00789,P0047,North,0.12,9.31,1.86,2024-11-15,1,10.58
O24-002222,CUST01071,P0016,East,0.2,309.5,79.39,2024-09-12,6,64.48
O24-002597,CUST01047,P0001,South,0.15,1999.66,247.1,2024-05-15,2,1176.270588
O24-007996,CUST00900,P0040,West,0.22,71.51,10.23,2024-05-27,6,15.28
O24-000089,CUST01074,P0043,West,0.09,68.74,13.72,2024-12-10,2,37.77
O24-001880,CUST01163,P0010,West,0.06,424.17,94.93,2024-05-15,5,90.25
O24-003746,CUST01035,P0023,East,0.15,677.48,61,2024-01-02,3,265.68
O24-007340,CUST01300,P0038,East,0.08,24.97,4.69,2024-10-05,2,13.57
O24-005885,CUST01488,P0025,South,0.1,2561.22,181.39,2024-01-10,6,474.3
O24-001812,CUST01207,P0008,North,0.12,2610.04,706.51,2024-10-22,5,593.19
O24-004072,CUST00639,P0041,North,0.14,222.36,43.68,2024-07-21,8,32.32
O24-006836,CUST01386,P0003,North,0.22,1098.59,230.21,2024-04-08,1,1408.45
O24-002914,CUST00794,P0037,West,0.05,53.31,8.84,2024-07-03,4,14.03
O24-005399,CUST00645,P0011,East,0.08,312.43,74.66,2024-09-12,4,84.9
O24-007702,CUST00881,P0001,East,0.13,5059.14,1048.17,2024-03-23,5,1163.02
O24-005564,CUST01031,P0015,South,0.27,117.6,12.13,2024-01-17,3,53.7
O24-000066,CUST00346,P0001,East,0.3,7255.02,1323.62,2024-07-19,9,1151.59
O24-005084,CUST00129,P0044,South,0.32,20.47,1.53,2024-03-26,2,15.05
O24-005925,CUST01181,P0005,South,0.17,1892.11,389.6,2024-04-09,5,455.93
O24-007798,CUST00021,P0025,West,0.08,464.45,73.47,2024-05-26,1,504.84
O24-002879,CUST01138,P0005,West,0.06,884.3,230.44,2024-12-08,2,470.37
O24-007711,CUST00440,P0044,North,0.11,13.73,2.12,2024-07-13,1,15.43
O24-002126,CUST00603,P0005,South,0.25,1046.18,167.28,2024-06-01,3,464.97
O24-003851,CUST00011,P0004,South,0.16,748.65,147.96,2024-06-14,1,891.25
O24-007952,CUST00303,P0001,East,0,7136.64,1522.51,2024-08-14,6,1189.44
O24-007002,CUST01061,P0007,South,0.26,154.48,26.6,2024-01-23,1,208.76
O24-008663,CUST01492,P0011,West,0.07,398.41,101.02,2024-08-15,5,85.68
O24-003129,CUST00870,P0012,West,0.16,81.61,17.93,2024-09-16,5,19.43
O24-009881,CUST00069,P0002,West,0.04,522.58,119.84,2024-10-07,1,544.35
O24-004973,CUST00885,P0011,West,0.04,161.32,45.21,2024-02-06,2,84.02083333
O24-008551,CUST00655,P0044,North,0.13,39.75,6.09,2024-11-01,3,15.23
O24-008236,CUST01215,P0021,East,0.37,422.55,26.42,2024-10-17,3,223.5714286
O24-006746,CUST00177,P0008,East,0.07,1118.31,320.47,2024-05-27,2,601.24
O24-002650,CUST00560,P0002,North,0.11,475.93,96.1,2024-05-17,1,534.75
O24-008395,CUST00943,P0024,North,0.34,820.95,69.71,2024-06-16,2,621.93
O24-005302,CUST00298,P0002,West,0.11,505.91,97.74,2024-03-25,1,568.44
O24-005884,CUST01410,P0020,East,0.16,1724.55,187.14,2024-11-26,8,256.63
O24-002771,CUST01250,P0027,West,0.11,424.53,38.61,2024-11-04,4,119.25
O24-000199,CUST01063,P0036,East,0.12,35.92,4.82,2024-11-19,2,20.40909091
O24-003063,CUST01413, P0048 ,North,0.09,3.82,0.71,2024-05-10,2,2.1
O24-002603,CUST00443,P0010,East,0.16,1012.72,218.87,2024-09-06,13,92.74
O24-001992,CUST01245,P0004,North,0.2,5845.89,1290.04,2024-01-28,8,913.42
O24-007516,CUST00542,P0029,South,0.2,224.82,8.15,2024-07-11,1,281.02
O24-006979,CUST01424,P0005,East,0.12,1763.63,443.66,2024-09-26,4,501.03
O24-004709,CUST01163,P0033,West,0.28,28.04,4.07,2024-01-12,3,12.98
O24-003688,CUST01394,P0028,East,0.06,428.62,67.48,2024-04-18,1,455.98
O24-002628,CUST01451,P0028,East,0.33,295.95,14.23,2024-02-10,1,441.71
O24-002576,CUST00280,P0026,South,0.14,909.69,92.07,2024-04-14,2,528.8895349
O24-000720,CUST01346,P0017,North,0.11,1127.91,139.34,2024-03-18,6,211.22
O24-000549,CUST00861,P0009,East,0.14,20,5.09,2024-05-14,1,23.25
O24-007588,CUST01062,P0001,West,0.1,1063.16,278.19,2024-12-20,1,1181.29
O24-002240,CUST00357,P0014,East,0.1,34.98,8.11,2024-12-17,1,38.87
O24-002736,CUST01385,P0026,West,0.09,2750.69,420.07,2024-03-17,6,503.79
O24-008447,CUST01429,P0005,South,0.19,1124.97,185.22,2024-06-09,3,462.95
O24-002350,CUST00960,P0023,East,0.06,492.56,78.43,2024-09-26,2,262
O24-002078,CUST01147,P0037,West,0.15,23.07,3.84,2024-07-13,2,13.57
O24-006194,CUST00654,P0017,North,0.16,1075.28,132.1,2024-11-24,6,213.35
O24-008756,CUST00307,P0034,North,0.09,37.56,6.42,2024-11-07,4,10.32
O24-009136,CUST00782,P0016,North,0,63.81,16.28,2024-05-15,1,63.81
O24-002704,CUST00667,P0003,North,0.02,1354.59,406.38,2024-08-21,1,1382.23
O24-001402,CUST00493,P0014,North,0.08,73.84,18.66,2024-07-14,2,40.13
O24-005449,CUST00359,P0048,South,0.16,9.07,1.19,2024-11-26,5,2.16
O24-009565,CUST00978,P0008,South,0.25,444.43,66.75,2024-01-01,1,592.57
O24-002660,CUST00715,P0012,South,0.13,69.77,12.26,2024-10-17,4,20.05
O24-006016,CUST01413,P0030,East,0.08,260.38,45.25,2024-12-28,3,94.34
O24-002305,CUST00376,P0004,North,0.17,3871.66,793.21,2024-12-07,5,932.93
O24-001645,CUST00842,P0014,West,0.08,182.34,39.41,2024-04-29,5,39.64
O24-001490,CUST00948,P0008,East,0.08,3282.85,863.97,2024-03-09,6,594.72
O24-004814,CUST00735,P0037,East,0.04,12.73,2.81,2024-09-12,1,13.26
O24-009124,CUST01283,P0038,East,0.11,121.75,26.01,2024-02-27,10,13.68
O24-000196,CUST00465,P0012,South,0.11,36.33,9.14,2024-09-19,2,20.41
O24-005256,CUST01445,P0017,North,0.09,391.15,47.78,2024-07-22,2,214.92
O24-006662,CUST00700,P0006,East,0.08,1439.87,341.06,2024-08-07,4,391.27
O24-009840,CUST00709,P0009,North,0.16,19.69,3.7,2024-10-25,1,23.44
O24-006153,CUST01212,P0011,East,0.06,406.88,96.34,2024-11-01,5,86.57
O24-007741,CUST01350,P0019,North,0.14,337.68,47.55,2024-01-29,1,392.65
O24-009393,CUST01013,P0032,South,0.16,776.63,47.45,2024-03-27,2,462.28
O24-006554,CUST01353,P0030,West,0.07,385.54,42.06,2024-01-15,4,103.64
O24-009436,CUST00904,P0045,East,0.07,4.76,0.74,2024-03-17,2,2.56
O24-001786,CUST00622,P0032,South,0.39,1170.22,35.16,2024-05-25,4,479.6
O24-007643,CUST00200,P0007,East,0.11,741.51,146.32,2024-04-21,4,208.29
O24-004511,CUST00220,P0029,East,0.23,1121.08,119.69,2024-06-11,5,291.19
O24-001316,CUST00905,P0016,East,0.14,56.14,11.04,2024-03-06,1,65.28
O24-002281,CUST01347,P0043,West,0.05,38.43,6.59,2024-11-24,1,40.45
O24-000072,CUST01289,P0010,East,0.16,596.4,125.89,2024-06-04,8,88.75
O24-006334,CUST01127,P0025,North,0.24,783.06,114.28,2024-03-20,2,515.17
O24-009876,CUST00691,P0039,West,0,27.96,5.63,2024-08-08,2,13.98
O24-008469,CUST00094,P0008,South,0.07,2663.43,492,2024-11-08,5,572.78
O24-004869,CUST00815,P0018,South,0.07,5597.43,631.63,2024-07-09,14,429.9101382
O24-002805,CUST00825,P0014,East,0.12,72.21,18.46,2024-10-24,2,41.03
O24-007835,CUST00189,P0039,North,0.08,35.41,9.07,2024-04-18,3,12.83
O24-000246,CUST00231,P0014,North,0,165.04,35.91,2024-09-05,4,41.26
O24-000796,CUST01444,P0002,North,0,1088.4,294.91,2024-10-06,2,544.2
O24-009912,CUST00184,P0009,East,0.11,21.43,4.41,2024-01-05,1,24.08
O24-005483,CUST00646,P0016,North,0.07,173.06,46.59,2024-01-10,3,62.03
O24-000986,CUST00368,P0002,South,0.29,1182.96,223.78,2024-12-18,3,555.38
O24-004504,CUST00803,P0024,South,0.29,467.11,19.39,2024-04-02,1,657.9
O24-004347,CUST01313,P0007,East,0.32,554.55,108.48,2024-12-02,4,203.88
O24-007393,CUST01192,P0013,North,0.11,16.12,3.63,2024-06-29,1,18.11
O24-003951,CUST00819,P0019,West,0.17,1350.18,200.42,2024-10-30,4,406.68
O24-002622,CUST00598,P0023,West,0.08,507.31,89.05,2024-10-16,2,275.71
O24-002315,CUST01362,P0045,South,0.18,2.28,0.29,2024-01-17,1,2.78
O24-001905,CUST00646,P0031,South,0.16,883.68,85.02,2024-07-04,4,263
O24-006542,CUST00601,P0031,East,0.09,234.72,31.44,2024-10-19,1,257.93
O24-000029,CUST00028,P0018,South,0.24,337.06,14.23,2024-04-17,1,443.5
O24-000585,CUST01195,P0046,West,0.18,9.77,1.19,2024-01-01,4,2.98
O24-006414,CUST00398,P0040,North,0.15,130.82,22.62,2024-01-05,10,15.39
O24-002270,CUST00341,P0006,East,0.23,603.77,95.86,2024-11-20,2,392.06
O24-004648,CUST01407,P0006,West,0.32,1299.34,241.39,2024-07-30,5,382.16
O24-000851,CUST01387,P0047,South,0.12,53.38,7.68,2024-11-01,6,10.11
O24-009053,CUST00066,P0022,East,0.18,579.59,65.97,2024-05-17,1,706.82
O24-007597,CUST00359,P0005,North,0.05,3589.1,1034.6,2024-06-10,8,472.25
O24-004121,CUST01479,P0012,North,0.12,66.74,14.08,2024-03-30,4,18.96
O24-000034,CUST01374,P0013,East,0.11,72.98,18.34,2024-03-20,4,20.5
O24-009431,CUST00074,P0008,North,0.04,1115.16,273.87,2024-12-10,2,580.81
O24-005756,CUST00867,P0026  ,North,0.11,1414.17,134.8,2024-01-12,3,529.65
O24-002669,CUST01252,P0012,South,0.18,78.52,14.5,2024-09-20,5,19.15
O24-007567,CUST01377,P0001,South,0.26,870.38,95.62,2024-11-10,1,1176.19
O24-003856,CUST01468,P0008,South,0.08,3370.07,790.29,2024-03-07,6,610.52
O24-000281,CUST01380,P0014,East,0.06,108.77,29.94,2024-01-07,3,38.57
O24-005570,CUST00871,P0043,East,0.07,104.46,15.49,2024-09-01,3,37.44
O24-004422,CUST00291,P0019,North,0.08,2950.77,345.78,2024-06-07,8,400.92
O24-001244,CUST00277,  P0045,West,0.18,6.67,0.67,2024-02-26,3,2.71
O24-003687,CUST01310,P0043,South,0.09,283.48,31.07,2024-06-29,8,38.93956044
O24-007217,CUST00230,P0041,North,0.16,185.34,34.17,2024-08-26,7,31.52040816
O24-006701,CUST01026,P0034,West,0.12,35.45,5.14,2024-02-16,4,10.07
O24-001054,CUST01218,P0047,East,0.12,52.43,6.95,2024-06-19,6,9.93
O24-006111,CUST00477,P0047,North,0.16,17.12,2.92,2024-08-24,2,10.19
O24-001753,CUST01011,P0032,West,0.04,2715.84,387.52,2024-12-23,6,471.5
O24-000518,CUST01476,P0001,West,0.05,6888.68,1800.86,2024-10-25,6,1208.54
O24-007479,CUST01023,P0040,North,0.22,24.62,4.53,2024-10-18,2,15.78
O24-009748,CUST00600,P0035,South,0.1,19.08,2.8,2024-12-08,5,4.24
O24-001893,CUST00755,P0042,South,0.19,47.37,6.37,2024-07-03,2,29.24
O24-000175,CUST01233,P0041,South,0.17,82.05,12.66,2024-06-22,3,32.95
O24-009925,CUST00803,P0045,East,0.09,2.41,0.48,2024-01-25,1,2.65
O24-005651,CUST00827,P0046,West,0.04,5.86,1.2,2024-10-06,2,3.05
O24-000881,CUST00389,P0038,East,0.01,39.95,7.48,2024-12-09,3,13.45
O24-001728,CUST00932,P0025,East,0.09,1498.69,267.77,2024-11-24,3,548.97
O24-003157,CUST00719,P0006,West,0.1,1073.47,278.49,2024-01-24,3,397.58
O24-006847,CUST00702,P0047,North,0.14,43.69,8.86,2024-09-13,5,10.16
O24-003629,CUST01313,P0009,North,0.13,21.26,4.13,2024-05-19,1,24.44
O24-004430,CUST00690,P0018,East,0.11,395.5,45.62,2024-09-05,1,444.38
O24-006777,CUST00277,P0041,East,0.08,90.94,16.68,2024-02-28,3,32.95
O24-004160,CUST01493,P0010,North,0.2,143.34,26.63,2024-01-24,2,89.59
O24-003159,CUST01303,P0002,East,0.11,3765.63,856.25,2024-02-03,8,528.88
O24-000227,CUST01205,P0017,South,0.13,925.03,80.17,2024-12-10,5,212.65
O24-008896,CUST00698,P0026,South,0.09,1322.6,175.78,2024-03-26,3,484.47
O24-002923,CUST01008,P0034,North,0.05,40.89,8.5,2024-12-16,4,10.76
O24-007227,CUST00579,P0044,North,0.02,28.81,5.89,2024-06-10,2,14.7
O24-008795,CUST00541,P0005,North,0.13,1662.92,407.57,2024-04-07,4,477.85
O24-006940,CUST00935,P0006,East,0.06,1727.2,439.44,2024-09-08,5,367.49
O24-002750,CUST00624,P0038,West,0.07,24.18,4.19,2024-08-30,2,13
O24-001432,CUST00702,P0022,West,0,1754.04,156.27,2024-12-10,3,679.86
O24-003026,CUST00849,P0012,East,0.13,17.49,4.01,2024-12-01,1,20.1
O24-002470,CUST00394,P0020,West,0.12,479.12,77.86,2024-03-07,2,272.23
O24-004045,CUST00008,P0019,South,0.24,1190.13,74.3,2024-11-16,4,391.49
O24-008338,CUST01080,P0044,West,0.07,14.76,2.26,2024-07-14,1,15.87
O24-000252,CUST00908,P0009,North,0.09,83.94,18.43,2024-10-12,4,23.06
O24-000075,CUST00675,P0009,North,0.07,68.63,16.18,2024-11-04,3,24.6
O24-008429,CUST01333,P0023  ,West,0.33,373.63,35.96,2024-05-13,2,278.83
O24-003162,CUST01487,P0031,East,0.1,716.01,119.15,2024-07-14,3,265.19
O24-005221,CUST00407,P0046,South,0.38,1.88,0.16,2024-11-06,1,3.04
O24-004027,CUST01372,P0029,East,0.04,819.94,104.98,2024-09-03,3,284.7
O24-009584,CUST00132,P0039,West,0.25,31.1,3.64,2024-03-09,3,13.82
O24-008106,CUST00158,P0004,North,0.05,2484.06,530.57,2024-10-19,3,871.6
O24-007353,CUST00867,P0044,North,0.24,11.75,1.44,2024-05-03,1,15.46
O24-009510,CUST00823,P0033,East,0.18,10.51,1.56,2024-07-28,1,12.82
O24-002663,CUST00737,P0036,North,0.06,56.17,8.53,2024-05-13,3,19.92
O24-002529,CUST00208,P0025,East,0.1,3780.58,670.37,2024-03-22,8,525.08
O24-001660,CUST00204,P0038,East,0.17,22.81,2.77,2024-11-12,2,13.74
O24-006553,CUST01351,P0019,North,0.1,1478.3,214.86,2024-04-11,4,410.64
O24-003203,CUST01452,P0037,East,0.06,13.13,2.63,2024-11-07,1,13.97
O24-004057,CUST00430,P0001,North,0.11,1066.23,220.94,2024-12-13,1,1198.01
O24-005397,CUST00220,P0001,West,0.06,4529.03,1189,2024-06-26,4,1204.53
O24-004656,CUST00540,P0011,East,0.03,82.81,23.16,2024-07-11,1,85.37
O24-009894,CUST01035,P0002,West,0.06,1053.4,303.62,2024-08-10,2,560.32
O24-007471,CUST01383,P0013,West,0.11,33.94,7.06,2024-10-08,2,19.07
O24-009610,CUST00690,P0048,East,0.04,2.11,0.42,2024-10-06,1,2.2
O24-007212,CUST01186,P0048,North,0.13,3.88,0.64,2024-01-12,2,2.23
O24-002140,CUST00086,P0030,North,0.31,70.28,6.64,2024-02-16,1,101.85
O24-005355,CUST01119,P0024,West,0.08,2335.07,336.15,2024-01-31,4,634.53
O24-007950,CUST01024,  P0001,North,0.05,2110.33,493.94,2024-09-10,2,1110.7
O24-003827,CUST01177,P0027,North,0.09,445.43,58.42,2024-11-15,4,122.3708791
O24-009942,CUST00336,  P0017,West,0.15,181.43,22.78,2024-10-25,1,213.45
O24-004697,CUST00616,P0025,North,0.04,1964.24,300.02,2024-10-15,4,511.52
O24-009434,CUST01011,P0006,North,0.21,311.9,58.57,2024-06-16,1,394.81
O24-007520,CUST00720,P0048,South,0.21,5.21,0.52,2024-09-25,3,2.2
O24-003105,CUST01350,P0010,East,0.18,146.06,33.88,2024-08-15,2,89.06
O24-003017,CUST00380,P0002,South,0.31,1407.74,180.72,2024-10-01,4,510.05
O24-004797,CUST00590,P0025  ,East,0.2,2067.12,182.57,2024-09-02,5,516.78
O24-007211,CUST01367,P0036,North,0.08,39.12,6.07,2024-02-18,2,21.26
O24-008241,CUST01051,P0034,South,0.06,36.74,3.91,2024-03-08,4,9.77
O24-006899,CUST00574,P0015,South,0.2,259.3,53.54,2024-03-17,6,54.02
O24-009641,CUST00548,P0016,East,0.09,178.41,44.78,2024-11-14,3,65.35
O24-000632,CUST01194,P0040,West,0.09,27.57,4.62,2024-10-29,2,15.15
O24-003038,CUST00240,P0046,East,0.17,7.89,1.38,2024-04-04,3,3.17
O24-002541,CUST00207,P0030,North,0.19,496.5,45.75,2024-05-10,6,102.16
O24-005678,CUST01419,P0040,South,0.09,27.15,4.13,2024-12-04,2,14.92
O24-004282,CUST01440,P0007,North,0,833.32,231.05,2024-07-22,4,208.33
O24-002434,CUST00353,P0008,South,0.32,2376.97,335.73,2024-01-14,6,582.59
O24-006505,CUST00522,P0026,North,0.11,3640.74,604.55,2024-10-25,8,511.34
O24-005389,CUST00437,P0027,East,0.24,185.49,19.31,2024-08-09,2,122.03
O24-006661,CUST01445,P0039,West,0.03,27.33,4.2,2024-04-16,2,14.09
O24-002894,CUST00040,P0019,South,0.12,686.36,72.01,2024-12-25,2,389.98
O24-006442,CUST00852,P0041,West,0.07,29.07,6.92,2024-02-26,1,31.25806452
O24-003149,CUST01276,P0038,East,0.08,36.93,7.85,2024-10-30,3,13.38
O24-007568,CUST01198,P0045,West,0.1,7.4,1.38,2024-12-01,3,2.74
O24-008238,CUST01429,P0001,East,0.08,3207.75,788.47,2024-07-16,3,1162.23
O24-008782,CUST00263,P0033,West,0.02,23.91,4.57,2024-03-14,2,12.2
O24-004360,CUST00238,P0042,West,0.08,102.3,17.99,2024-07-26,4,27.8
O24-004123,CUST00938,P0046,South,0.23,4.79,0.6,2024-04-16,2,3.11
O24-009338,CUST01203,P0003,East,0.11,2516.83,633.67,2024-11-02,2,1413.95
O24-008266,CUST00615,P0031,North,0.27,193.13,9.34,2024-04-11,1,264.56
O24-001136,CUST01340,P0015,North,0.07,48.35,12.44,2024-11-29,1,51.99
O24-008417,CUST00717,P0003,West,0.18,5744.72,1001.63,2024-05-14,5,1401.15
O24-008099,CUST01472,P0015,North,0.18,124.53,28.14,2024-09-04,3,50.62
O24-000962,CUST00394,P0006,West,0.18,633.37,126.91,2024-12-04,2,386.2
O24-007871,CUST00164,P0009,North,0.04,42.99,11.53,2024-04-26,2,22.39
O24-004947,CUST00364,P0012,West,0.1,17.33,4.42,2024-09-19,1,19.26
O24-000902,CUST00290,P0015,South,0.11,92.04,21.91,2024-05-23,2,51.71
O24-008421,CUST00095,P0032,North,0.08,1367.14,134.59,2024-02-02,3,495.34
O24-002834,CUST00311,P0027,West,0.35,79.15,1.78,2024-10-18,1,121.7692308
O24-005737,CUST00353,P0010,West,0.25,70.2,13.28,2024-07-12,1,93.6
O24-005496,CUST01124,P0034,West,0.08,19.25,3.21,2024-08-05,2,10.46
O24-000168,CUST00188,P0011,South,0.2,139.62,23.44,2024-01-02,2,87.26
O24-004965,CUST01168,P0022,East,0.13,599.92,100.06,2024-06-01,1,689.56
O24-008701,CUST00198,P0015,North,0.05,196.61,49.91,2024-04-05,4,51.74
O24-002265,CUST00573,P0047,North,0.23,24.21,1.83,2024-05-30,3,10.48
O24-008974,CUST00837,P0039,East,0.26,43.6,7.82,2024-10-29,4,14.73
O24-001932,CUST00484,P0009,North,0.06,128.7,32.19,2024-11-18,6,22.82
O24-008564,CUST00595,P0034,East,0.13,53.19,7.77,2024-10-31,6,10.19
O24-004382,CUST00927,P0006,South,0.15,334.46,58.9,2024-03-12,1,393.48
O24-000948,CUST00242,P0001,West,0.07,4486.43,1171.54,2024-05-21,4,1206.03
O24-008715,CUST00502,P0040  ,North,0.08,43.77,5.69,2024-07-26,3,15.86
O24-005352,CUST01157,  P0045,South,0.11,2.39,0.36,2024-09-08,1,2.68
O24-005605,CUST01006,P0011,South,0.13,356.13,59.99,2024-01-13,5,81.87
O24-007505,CUST00344,P0035,North,0.13,18.01,3.05,2024-10-29,5,4.14
O24-007137,CUST01461,P0018,South,0.24,668.39,63.24,2024-10-28,2,439.73
O24-005650,CUST01228,  P0032,East,0.2,1193.69,51.81,2024-08-23,3,497.37
O24-002327,CUST01335,P0041,East,0.12,28.79,5.23,2024-12-01,1,32.72
O24-006367,CUST00035,P0035,South,0.18,13.48,1.62,2024-06-08,4,4.11
O24-004073,CUST01330,P0022,East,0.12,1756.47,215.59,2024-11-06,3,665.33
O24-004487,CUST01483,P0047,East,0.09,47.05,7.56,2024-06-04,5,10.34
O24-004042,CUST01306,P0043,East,0.24,117.16,18.46,2024-05-14,4,38.54
O24-005416,CUST01220,P0046,East,0,9.3,1.79,2024-11-20,3,3.1
O24-001357,CUST01255,P0029,North,0.03,277.91,52.69,2024-10-13,1,286.51
O24-005761,CUST00226,P0015,East,0.22,42.5,8.36,2024-12-17,1,54.49
O24-008215,CUST01067,P0022,East,0.11,2368.43,455.53,2024-10-08,4,665.29
O24-002858,CUST01354,P0018,West,0.04,2205.79,344.82,2024-09-26,5,459.5395833
O24-008211,CUST01055,P0016,North,0.25,99.28,22.92,2024-12-28,2,66.19
O24-005686,CUST01221,P0042,South,0.24,183.13,16.85,2024-11-24,8,30.12
O24-005210,CUST00909,P0016,West,0.06,340.09,86.58,2024-05-06,6,60.3
O24-007422,CUST00366,P0040,East,0.1,79.22,13.19,2024-07-24,6,14.67
O24-002413,CUST01247,P0035,South,0.22,18.81,2.77,2024-01-02,6,4.02
O24-007918,CUST00774,P0043,South,0.34,26.06,1.05,2024-04-25,1,39.49
O24-007748,CUST00280,P0006,East,0.06,360.63,107.46,2024-11-19,1,383.65
O24-003813,CUST00798,P0019,East,0.07,1071.86,120.7,2024-09-10,3,384.18
O24-007924,CUST00743,P0002,North,0.17,2727.45,542.95,2024-12-13,6,547.68
O24-000153,CUST00655,P0040,East,0.19,12.34,1.67,2024-03-15,1,15.23
O24-009931,CUST00476,P0028,West,0.05,832.5,103.67,2024-03-06,2,438.16
O24-006931,CUST00808,P0021,North,0.1,200.21,29.63,2024-06-15,1,222.46
O24-000152,CUST00769,P0015,East,0.2,173.98,35.05,2024-04-20,4,54.37
O24-001535,CUST00411,P0005,West,0.24,2838.81,566.12,2024-02-17,8,466.91
O24-003275,CUST00904,P0011,West,0.13,144.61,29.59,2024-08-15,2,83.11
O24-003681,CUST01457,P0047,North,0.16,8.21,1.17,2024-09-04,1,9.77
O24-000543,CUST01463,P0001,East,0.07,2212.66,583.12,2024-09-21,2,1189.6
O24-009592,CUST00774,P0036,North,0,39.64,7.19,2024-03-28,2,19.82
O24-008004,CUST01259,P0037,South,0.19,11.49,0.92,2024-08-25,1,14.19
O24-006033,CUST00643,P0001,West,0.2,1892.18,425.99,2024-07-05,2,1182.61
O24-002343,CUST01475,P0016,North,0.08,347.93,77.55,2024-01-12,6,63.03
O24-005435,CUST00105,P0041,East,0.08,57.48,10.07,2024-07-18,2,31.24
O24-008706,CUST01190,P0013,North,0.08,36.76,8.86,2024-11-17,2,19.98
O24-008173,CUST00582,P0007,North,0.1,365.36,82.24,2024-08-01,2,202.98
O24-000160,CUST00760,P0039,West,0.08,104.22,20.43,2024-10-22,8,14.16
O24-004236,CUST00402,P0011,East,0.2,334.24,72.83,2024-06-08,5,83.56
O24-001533,CUST00044,P0035,East,0.14,7.14,1.03,2024-12-16,2,4.15
O24-007512,CUST00111,P0044,West,0.09,28.32,4.2,2024-06-16,2,15.56
O24-001116,CUST00586,P0046,North,0.03,2.94,0.61,2024-07-01,1,3.030927835
O24-007122,CUST00219,P0025,South,0.17,898.11,15.66,2024-09-14,2,541.03
O24-001417,CUST00420,P0009,North,0.07,43.36,12.14,2024-07-14,2,23.31
O24-008880,CUST00135,P0030,East,0.07,94.02,11.5,2024-03-31,1,101.1
O24-004156,CUST00869,P0017,North,0.17,922.79,100.08,2024-09-08,5,222.36
O24-008793,CUST00609,P0035  ,West,0.13,6.99,0.88,2024-08-18,2,4.02
O24-001516,CUST00172,P0014,West,0.16,35.63,7.84,2024-11-28,1,42.42
O24-001190,CUST00096,P0007,West,0.13,744.48,167.55,2024-07-07,4,213.93
O24-005704,CUST00570,P0004,North,0.12,3072.08,722.33,2024-06-05,4,872.75
O24-007154,CUST00307,P0039,East,0.15,60.9,8.34,2024-11-30,5,14.33
O24-001121,CUST00680,P0003,North,0.1,1245.57,313.55,2024-04-12,1,1383.97
O24-000499,CUST00031,P0010,North,0.16,156.21,32.67,2024-09-21,2,92.98
O24-002893,CUST01048,P0028,West,0.03,1248.42,194.84,2024-12-04,3,429.01
O24-004339,CUST00730,P0012,West,0.18,65.27,13.16,2024-08-09,4,19.9
O24-003525,CUST00734,P0017,West,0.07,397.87,50.09,2024-03-29,2,213.91
O24-006081,CUST01242,P0007,West,0.06,593.58,163.54,2024-04-01,3,210.49
O24-001080,CUST00589,P0003,West,0.08,2675.45,655.47,2024-11-11,2,1454.05
O24-002845,CUST01147,P0016,North,0.14,230.41,58.54,2024-10-23,4,66.98
O24-001754,CUST00844,P0012,South,0.11,18.32,4.27,2024-07-22,1,20.58
O24-008397,CUST01189,P0035,South,0.14,21.26,3.05,2024-12-15,6,4.12
O24-008614,CUST01441,P0035,West,0.07,7.59,1.4,2024-06-28,2,4.08
O24-004902,CUST00893,P0003,West,0,1413.48,369.35,2024-10-06,1,1413.48
O24-007763,CUST00563,P0007,East,0.08,550.98,140.06,2024-09-01,3,199.63
O24-006596,CUST01085,P0004,East,0.1,11620.73,3364.16,2024-07-11,14,922.28
O24-005556,CUST01455,P0002  ,North,0.11,1890.79,399.85,2024-10-29,4,531.12
O24-002813,CUST00562,P0033,East,0.32,8.25,0.67,2024-07-24,1,12.13
O24-007392,CUST00674,P0041,North,0.12,112.29,20.69,2024-02-29,4,31.9
O24-008216,CUST00973,P0003,North,0.16,2273.48,499.53,2024-01-08,2,1353.26
O24-008554,CUST00384,P0023,North,0.12,729.83,74.49,2024-09-05,3,276.45
O24-009708,CUST01480,P0020,East,0.29,1593.07,185.92,2024-10-26,8,280.47
O24-009935,CUST00107,P0046,West,0.16,4.94,0.96,2024-08-19,2,2.94
O24-000965,CUST01224,P0020,West,0.32,925.07,79.49,2024-10-24,5,272.08
O24-002521,CUST00825,P0021,South,0.1,196.26,23.27,2024-10-22,1,218.07
O24-008402,CUST00369,P0042,East,0.04,111.97,19.57,2024-08-14,4,29.16
O24-000266,CUST00843,P0025,South,0.14,1346.3,109.17,2024-08-26,3,521.82
O24-008058,CUST00390,P0032,North,0.07,434.88,44.42,2024-04-07,1,467.61
O24-005228,CUST00704,P0018,East,0.08,1921.7,226.18,2024-03-23,5,417.76
O24-007721,CUST00350,P0042,East,0,84.01,14.71,2024-01-15,3,30.44
O24-007423,CUST00480,P0039,West,0.03,110.19,24.32,2024-11-28,8,14.2
O24-002210,CUST00687,P0012,North,0.06,264.78,76.45,2024-06-21,14,20.12
O24-004874,CUST00716,P0033,South,0.15,44.34,5.25,2024-06-01,4,13.04
O24-009453,CUST00713,P0038,North,0.2,11.3,2.24,2024-09-01,1,14.13
O24-001022,CUST00437,P0016,West,0.21,301.89,66.37,2024-12-21,6,63.69
O24-009808,CUST00200,P0037,East,0.11,60.65,9.62,2024-08-13,5,13.63
O24-003324,CUST00209,P0046,West,0.1,16.79,2.39,2024-01-31,6,3.11
O24-006715,CUST00610,P0043,South,0.23,31.62,2.45,2024-07-08,1,41.06
O24-002070,CUST00309,P0045,North,0.08,2.39,0.4,2024-06-15,1,2.6
O24-002147,CUST00214,P0009,South,0.23,114.99,19.25,2024-10-14,6,24.89
O24-005188,CUST01109,P0032,North,0.09,1288.15,194.61,2024-12-13,3,471.85
O24-004661,CUST00705,P0005,East,0.02,1333.91,330.58,2024-10-17,3,453.71
O24-003441,CUST00935,P0006,East,0.12,700.57,159.7,2024-07-25,2,398.05
O24-001596,CUST01345,P0015,East,0.14,45.47,11.41,2024-08-05,1,52.87
O24-002689,CUST00536,P0012,North,0.1,19.64,4.91,2024-09-25,1,21.82
O24-006775,CUST00350,P0016,South,0.19,50.88,9.63,2024-03-21,1,62.81
O24-000924,CUST00884,P0035,South,0.16,22.18,1.96,2024-11-28,6,4.4
O24-006215,CUST00574,P0040,West,0.11,68.71,11.21,2024-05-14,5,15.44
O24-005332,CUST00192,P0038,West,0.14,35.53,6.97,2024-11-21,3,13.77
O24-004856,CUST00870,P0007,North,0.21,676.4,149.19,2024-06-05,4,214.05
O24-001686,CUST00152,P0038,North,0.07,50.48,10.73,2024-03-11,4,13.57
O24-007282,CUST00133,P0042,West,0.06,27.25,6.16,2024-11-06,1,28.99
O24-006160,CUST00787,P0048,North,0.07,7.55,1.54,2024-01-06,4,2.03
O24-005944,CUST00826,P0015,West,0.15,139.89,32.66,2024-05-05,3,54.86
O24-005542,CUST00321,P0012,East,0.08,36.4,9.17,2024-10-21,2,19.78
O24-006128,CUST00713,P0010,North,0.24,68.28,14.11,2024-11-03,1,89.84
O24-001002,CUST01000,P0032,West,0.12,830.46,93.95,2024-08-12,2,471.85
O24-002354,CUST00161,P0020,West,0.02,1575.13,234.61,2024-08-22,6,267.88
O24-007492,CUST00805,P0005,East,0.21,1130.92,219.3,2024-08-19,3,477.18
O24-004580,CUST01463,P0024,North,0.01,1324.4,229.05,2024-06-18,2,668.89
O24-003921,CUST00198,P0027,East,0.02,116.41,18.04,2024-04-01,1,118.79
O24-006808,CUST00280,P0005,South,0.27,1014.04,168.92,2024-01-27,3,463.03
O24-004105,CUST01164,P0045,West,0.03,10.71,1.73,2024-04-29,4,2.76
O24-008212,CUST01226,P0036,North,0.3,15.1,2.58,2024-05-21,1,21.57
O24-001300,CUST00571,P0032  ,North,0.2,378.54,36.43,2024-10-10,1,473.18
O24-008133,CUST00897,P0014,East,0.01,80.86,22.28,2024-01-12,2,40.84
O24-006341,CUST00866,P0034,West,0.09,35.82,5.93,2024-11-09,4,9.84
O24-004461,CUST00211,P0020,North,0.18,654.66,61.58,2024-03-18,3,266.12
O24-008436,CUST00014,P0043,South,0.2,161.72,13.95,2024-06-08,5,40.43
O24-001839,CUST01042,P0042,East,0.25,22.26,3.22,2024-01-06,1,29.68
O24-001434,CUST00219,P0012,West,0.06,57.56,13.92,2024-04-05,3,20.41
O24-008785,CUST00929,P0014,North,0.2,33.9,4.9,2024-03-01,1,42.37
O24-008616,CUST00581,P0021,South,0,551.51,45.79,2024-04-22,3,235.69
O24-001018,CUST00489,P0036,East,0.3,60.7,6.7,2024-07-15,4,21.68
O24-007833,CUST00461,P0027,South,0.13,867.7,49.32,2024-10-06,8,124.67
O24-008741,CUST01205,P0034,West,0,141.68,29.19,2024-01-12,14,10.12
O24-003784,CUST01313,P0017,West,0.06,408.81,75.82,2024-12-07,2,217.45
O24-002593,CUST00589,P0015,East,0,48.92,13.56,2024-07-01,1,54.36
O24-003347,CUST00686,P0012,West,0.1,18.6,4.21,2024-04-23,1,20.67
O24-004314,CUST00042,P0014,South,0.19,32.41,6.33,2024-09-10,1,40.01
O24-004145,CUST00560,P0004,East,0.07,3169.77,769.9,2024-04-15,4,852.09
O24-000272,CUST01184,P0045,North,0.1,4.54,0.55,2024-04-10,2,2.52
O24-003532,CUST00731,P0007,West,0.07,190.93,38.59,2024-12-12,1,205.3
O24-009251,CUST00533,P0017,North,0.14,189.57,23.61,2024-05-08,1,220.43
O24-005179,CUST01244, P0002 ,East,0.23,835.87,170.14,2024-11-12,2,542.77
O24-003755,CUST01293,P0020,West,0.19,1029.63,131.98,2024-04-13,5,254.23
O24-008874,CUST01137,P0048,West,0.14,3.72,0.61,2024-07-08,2,2.16
O24-007882,CUST00196,P0010,North,0,274.56,70.71,2024-07-26,3,91.52
O24-005697,CUST00469,P0031,North,0.11,966.86,152.29,2024-12-20,4,271.59
O24-009821,CUST00275,P0048,North,0.15,9.01,1.45,2024-12-30,5,2.12
O24-008840,CUST00733,P0020,South,0.21,221.42,15.81,2024-10-04,1,280.28
O24-000510,CUST00747,P0007,North,0.14,349.88,80.4,2024-02-03,2,203.42
O24-009295,CUST00294,P0048,West,0,4.42,0.91,2024-08-18,2,2.21
O24-005016,CUST00413,P0013,East,0.12,50.19,11.05,2024-02-14,3,19.01
O24-009754,CUST00758,P0001,North,0.08,2186.45,616.01,2024-10-28,2,1188.29
O24-003445,CUST01050,P0033,North,0.17,10.45,2.23,2024-03-24,1,12.59
O24-003612,CUST00461,P0032,West,0.2,2313.17,326.14,2024-04-02,6,481.91
O24-009195,CUST00775,P0024,East,0.11,582.25,91.12,2024-07-25,1,654.21
O24-005536,CUST00139,P0015,West,0.14,278.33,53.21,2024-07-27,6,53.94
O24-003282,CUST01327,P0007,East,0.08,200.86,45.59,2024-12-22,1,218.33
O24-005713,CUST00499,P0038,East,0.15,57.54,9.88,2024-03-10,5,13.54
O24-007849,CUST01162,P0005,North,0.06,1308.11,311.76,2024-02-17,3,463.87
O24-008641,CUST01192,  P0046,North,0.07,5.64,1.17,2024-05-19,2,3.03
O24-008438,CUST01312,P0038,South,0.3,48.44,6.09,2024-06-01,5,13.84
O24-000372,CUST00457,P0029,North,0.06,278.15,52.36,2024-11-22,1,295.9
O24-001949,CUST00617,P0014,North,0.08,151.73,36.91,2024-12-09,4,41.23
O24-003526,CUST00111,P0024,North,0.22,2057.02,188.78,2024-06-23,4,659.3
O24-007590,CUST01492,P0017,North,0.23,1683.84,177.08,2024-02-06,10,218.68
O24-004207,CUST00742,P0007,North,0.15,183.58,36.81,2024-03-02,1,215.98
O24-000365,CUST00054,P0006,East,0.12,1033.3,256.34,2024-07-23,3,391.4
O24-003658,CUST01030,P0025,East,0.13,470.71,54.14,2024-03-08,1,541.05
O24-007028,CUST00554,P0010,North,0.01,90.07,27.02,2024-11-12,1,90.98
O24-003156,CUST00725,P0006,East,0.11,2084.15,476.93,2024-12-04,6,390.29
O24-003994,CUST00964,P0008,North,0.13,2495.12,506.73,2024-12-01,5,573.59
O24-009187,CUST00400,P0009,North,0.07,129.23,33.27,2024-01-06,6,23.16
O24-001093,CUST00784,P0013,West,0.15,33.17,8.34,2024-11-09,2,19.51
O24-005876,CUST01414,P0011,West,0.22,69.23,11.98,2024-10-01,1,88.75
O24-002837,CUST00619,P0036,West,0.21,48.82,6.76,2024-10-31,3,20.6
O24-007654,CUST00295,P0001,East,0.16,1022.18,246.53,2024-12-23,1,1216.88
O24-003371,CUST00194,P0034,West,0.03,29.57,4.27,2024-05-03,3,10.16
O24-006169,CUST01049,P0038,West,0.08,65.55,9.54,2024-06-13,5,14.25
O24-002599,CUST00800,P0004,South,0.17,761.17,115.22,2024-08-07,1,917.07
O24-002084,CUST01398,P0005,East,0.04,1383.44,415.03,2024-12-17,3,480.3611111
O24-005471,CUST00766,P0014,North,0.12,145.24,33.2,2024-04-05,4,41.26
O24-005081,CUST00761,P0005,East,0.04,1821.81,457.15,2024-12-03,4,474.4296875
O24-005534,CUST01085,P0017,East,0.11,201.89,26.16,2024-03-23,1,226.84
O24-006092,CUST01385,P0045,North,0.22,12.03,1.01,2024-10-02,6,2.57
O24-005014,CUST00976,P0003,East,0.22,2165.95,486.8,2024-05-28,2,1388.43
O24-001579,CUST00933,P0022,East,0.17,1638.05,155.13,2024-06-05,3,657.85
O24-006347,CUST00645,P0015,North,0.11,139.53,28.85,2024-11-02,3,52.26
O24-005051,CUST01072,P0016,East,0.1,59.09,14.71,2024-11-12,1,65.66
O24-000946,CUST01394,P0018,West,0.11,1092.24,167.31,2024-03-31,3,409.08
O24-003312,CUST01045,P0029,West,0.13,1562.87,169.91,2024-03-17,6,299.4
O24-002627,CUST00808,P0033,South,0.17,57.31,8.36,2024-02-16,5,13.81
O24-008451,CUST00506,P0019,West,0.35,253.66,25.85,2024-05-09,1,390.25
O24-007417,CUST01189,P0015,North,0.05,52.84,13.59,2024-07-27,1,55.62
O24-004840,CUST01093,P0015,South,0.4,125.71,14.03,2024-04-20,4,52.38
O24-002861,CUST00958,P0019,North,0.06,758.97,110.19,2024-08-13,2,403.71
O24-006435,CUST00641,P0046,North,0.13,5.12,0.87,2024-12-09,2,2.94
O24-001876,CUST00415,P0027,South,0.1,111.69,13.28,2024-11-07,1,124.1
O24-002105,CUST00169,P0028,North,0.15,1495.83,143.44,2024-07-25,4,439.95
O24-006108,CUST00914,P0033,North,0.11,47.31,9.11,2024-05-12,4,13.29
O24-004002,CUST01207,P0042,North,0.17,48.11,7.42,2024-04-23,2,28.98
O24-003410,CUST00602,P0024,North,0.14,1159.83,105.37,2024-02-18,2,674.32
O24-005526,CUST00990,P0046,East,0.14,5.07,1.14,2024-07-26,2,2.95
O24-004069,CUST01199,P0002,East,0,2214.96,628.44,2024-02-19,4,553.74
O24-003009,CUST01364,P0027,West,0.1,108.11,15.15,2024-09-27,1,120.12
O24-003918,CUST00928,P0048,North,0.07,6.14,1.15,2024-04-22,3,2.2
O24-004848,CUST01016,P0008,South,0.11,1056.34,188.03,2024-05-10,2,593.45
O24-002719,CUST01021,P0014,East,0.05,40.06,9.26,2024-08-20,1,42.17
O24-003014,CUST00389,P0002,North,0.01,1033.64,288.48,2024-08-16,2,522.04
O24-004991,CUST00636,P0047,East,0.05,49.26,11.82,2024-11-20,5,10.37
O24-002703,CUST01168,P0003,West,0.16,2340,600.88,2024-02-11,2,1392.86
O24-002616,CUST00968,P0002,North,0.13,439.78,100.75,2024-03-02,1,505.49
O24-004374,CUST00409,P0011,East,0.19,208.23,40.57,2024-08-18,3,85.69135802
O24-006732,CUST00136,P0005,West,0.36,1491.07,207.51,2024-08-09,5,465.96
O24-001690,CUST00150,P0030,West,0.12,347.99,47.02,2024-12-06,4,98.86
O24-000384,CUST00463,  P0024,West,0.17,1079.48,143.52,2024-08-05,2,650.29
O24-005038,CUST00758,P0001,South,0,4950.66,778.05,2024-08-16,5,990.132
O24-001189,CUST00385,P0002,West,0.23,2083.66,440.03,2024-10-02,5,541.21
O24-000021,CUST00630,P0001,North,0.04,5375.9,1425.97,2024-08-02,5,1119.98
O24-001790,CUST01257,P0004,East,0.12,3241.78,837.78,2024-07-30,4,920.96
O24-006405,CUST01156,P0005,North,0,3683.12,860.09,2024-05-23,8,460.39
O24-008415,CUST00884,P0018,East,0.23,644.41,75.17,2024-11-02,2,418.45
O24-008657,CUST00126,P0047,West,0.08,37.46,4.66,2024-08-28,4,10.18
O24-006518,CUST00575,P0006,West,0.05,734.33,182.75,2024-12-24,2,386.49
O24-000292,CUST01195,P0002,East,0.08,1483.47,391.01,2024-10-13,3,537.49
O24-009828,CUST00706,P0005,East,0.09,3292.16,847.04,2024-05-30,8,452.22
O24-009081,CUST01263,P0041,West,0.11,403.95,62.57,2024-09-28,14,32.42
O24-006862,CUST00326,P0026,North,0.07,1489.64,184.31,2024-07-13,3,533.92
O24-000560,CUST00448,P0002,East,0.09,987.88,229.38,2024-10-20,2,542.79
O24-009152,CUST00863,P0028,East,0.06,1625.56,242.9,2024-08-15,4,432.33
O24-004181,CUST00242,P0026,West,0.15,892.82,157.81,2024-09-21,2,525.19
O24-009866,CUST00093,P0003,East,0.05,5369.67,1572.66,2024-05-15,4,1413.07
O24-001623,CUST00404,P0022,West,0.05,660.64,95.58,2024-02-24,1,695.41
O24-002487,CUST01387,P0030,North,0.2,248.74,28.59,2024-09-14,3,103.64
O24-009657,CUST01206,P0043,East,0.12,33.9,5.62,2024-01-23,1,38.52
O24-005993,CUST01153,P0045,West,0.07,2.44,0.57,2024-03-10,1,2.62
O24-007697,CUST00446,P0040,East,0.26,12.08,1.77,2024-10-03,1,16.32
O24-008700,CUST01385,P0021,North,0.09,605.16,72.71,2024-08-09,3,221.67
O24-000641,CUST00425,P0016,West,0.1,119.16,32.46,2024-02-13,2,66.2
O24-006494,CUST00042,P0011,East,0.04,334.81,90.94,2024-05-24,4,87.19
O24-000250,CUST00250,P0044,East,0.07,14.91,3.02,2024-08-12,1,16.03
O24-009538,CUST00174,P0029,North,0.1,527.8,72.06,2024-10-03,2,293.22
O24-005726,CUST00638,P0003,North,0.06,4136.88,1028.92,2024-09-10,3,1466.98
O24-006297,CUST01320,P0027,South,0.24,98.12,7.57,2024-02-29,1,129.1
O24-003173,CUST01442,P0001,South,0.16,2992,536.51,2024-04-26,3,1187.3
O24-000330,CUST00659,P0031,South,0.4,301.19,3.82,2024-12-16,2,250.99
O24-004548,CUST01497,P0046,East,0.04,2.89,0.52,2024-11-18,1,3.01
O24-006477,CUST00792,P0035,West,0.17,3.31,0.71,2024-12-20,1,3.99
O24-005561,CUST01121,P0025,North,0.05,3916.2,620.56,2024-09-20,8,515.29
O24-001589,CUST01099,P0008,East,0.32,3323.19,483.19,2024-07-14,8,610.88
O24-004839,CUST00014,P0023,South,0.23,207.79,15.74,2024-05-29,1,269.86
O24-008328,CUST01337,P0005,East,0.12,2348.23,541.16,2024-08-22,6,444.74
O24-004507,CUST00627,P0041,North,0.05,28.55,5.35,2024-04-11,1,30.05
O24-001524,CUST00373,P0024,South,0.14,3443.16,402.06,2024-02-04,6,667.28
O24-002373,CUST00590,P0045,North,0.08,5.04,0.96,2024-02-05,2,2.739130435
O24-008611,CUST00260,P0048,North,0.13,1.88,0.41,2024-11-05,1,2.16
O24-007104,CUST00607,P0043,East,0.05,294.73,52.89,2024-10-26,8,38.78
O24-009238,CUST00484,P0034,North,0.05,19.3,3.52,2024-12-27,2,10.16
O24-008590,CUST01253,P0015,South,0.16,137.64,28.68,2024-05-10,3,54.62
O24-007180,CUST00519,P0039,West,0.19,21.9,3.06,2024-08-12,2,13.52
O24-007299,CUST00724,P0029,South,0.13,252.81,23.02,2024-01-17,1,290.59
O24-007853,CUST00879,P0016,East,0.08,226.21,53.38,2024-12-04,4,61.47
O24-001151,CUST00879,P0033,West,0.07,36.6,6.38,2024-10-02,3,13.12
O24-008433,CUST00621,P0033,South,0.17,53.95,6.53,2024-02-26,5,13
O24-004479,CUST00878,P0038,North,0.1,76.57,15.29,2024-01-22,6,14.18
O24-009534,CUST01391,P0041,East,0.2,54.88,6.62,2024-04-18,2,34.3
O24-004464,CUST00250,P0037,South,0.1,12.48,1.75,2024-11-17,1,13.87
O24-001269,CUST00177,P0046,East,0.08,2.72,0.47,2024-06-03,1,2.96
O24-006913,CUST00273,P0009,West,0.17,76.16,18.83,2024-12-14,4,22.94
O24-004914,CUST01488,P0001,North,0.04,6452.87,1608.27,2024-08-06,6,1120.29
O24-003707,CUST00171,P0014,West,0.21,31.03,6.23,2024-12-11,1,39.28
O24-004323,CUST00925,P0003,West,0.15,6875.11,1514.19,2024-04-07,6,1348.06
O24-006528,CUST00744,P0035,North,0.11,22.21,2.85,2024-11-16,6,4.16
O24-003212,CUST00331,P0031,East,0.2,842.85,135.47,2024-08-11,4,263.39
O24-006977,CUST00597,P0013,East,0.09,18.1,5.2,2024-12-06,1,19.89
O24-004804,CUST01475,P0042,North,0.18,76.11,10.5,2024-07-20,3,30.94
O24-005354,CUST01407,P0037,North,0.1,47.74,4.2,2024-09-02,4,13.26
O24-008107,CUST01500,P0027,South,0.11,114.04,8.46,2024-11-29,1,128.14
O24-003095,CUST00778,P0011,East,0.11,462.76,108.06,2024-05-21,6,86.66
O24-004549,CUST01072,P0015,South,0.15,88.64,17.19,2024-11-27,2,52.14
O24-003487,CUST00728,P0034,South,0.11,17.07,2.35,2024-04-05,2,9.59
O24-007009,CUST01309,P0009,North,0.12,63.2,15.89,2024-04-23,3,23.94
O24-000800,CUST00112,P0033,North,0.05,12.6,2.29,2024-04-01,1,13.26
O24-007887,CUST00011,P0045,East,0.14,4.3,0.68,2024-10-23,2,2.5
O24-006186,CUST00865,P0013,East,0.08,17.77,4.16,2024-03-23,1,19.32
O24-003424,CUST01146,P0027,East,0.14,110.11,7.65,2024-04-05,1,128.0348837
O24-001574,CUST00763,P0002,East,0.3,1962.62,347.35,2024-07-12,5,560.75
O24-005851,CUST01420,P0010,East,0.1,82.5,23.28,2024-09-04,1,91.67
O24-006725,CUST01162,P0010,South,0.17,476.49,79.24,2024-06-26,6,95.68
O24-009465,CUST00718,P0027,North,0.01,372.32,65.71,2024-02-01,3,125.3602694
O24-008906,CUST00412,P0003,East,0.09,6445.98,1858.52,2024-06-25,5,1416.7
O24-002112,CUST00449,P0046,West,0.09,28.48,6.25,2024-11-08,10,3.13
O24-001323,CUST01150,P0028,West,0.09,797.34,143.62,2024-03-01,2,438.1
O24-007483,CUST01239,P0004,North,0.04,1619.02,448.39,2024-12-24,2,843.24
O24-009695,CUST00253,P0026,East,0.18,424.9,23.92,2024-06-30,1,518.17
O24-009876,CUST00691,P0039,West,0,27.96,5.63,2024-08-08,2,13.98
O24-006413,CUST00544,P0003,South,0.14,7589.02,1442.28,2024-02-18,6,1470.74
O24-003817,CUST00481,P0004,North,0.13,2319.32,414.62,2024-05-14,3,888.63
O24-008727,CUST01099,P0028,North,0.11,3163.49,484.67,2024-06-28,8,444.31
O24-002422,CUST00380,P0047,East,0.01,81.42,18.98,2024-03-22,8,10.28
O24-004639,CUST00845,P0042,East,0.04,27.72,6.67,2024-02-10,1,28.87
O24-001560,CUST00762,P0010,East,0.04,681.6,196.03,2024-11-10,8,88.75
O24-002656,CUST00529,P0022,East,0.03,623.76,97.72,2024-07-02,1,643.05
O24-007318,CUST00990,P0039,East,0.14,11.93,1.79,2024-08-24,1,13.87
O24-000631,CUST00909,P0006,East,0.09,1389.79,378.71,2024-06-12,4,381.81
O24-004619,CUST00634,P0043,West,0.16,133.12,22.28,2024-01-10,4,39.62
O24-008367,CUST01028,P0044,East,0,16.34,2.93,2024-10-29,1,16.34
O24-002454,CUST00193,P0005,East,0.16,3937.25,797.16,2024-02-18,10,468.72
O24-001098,CUST00818,P0047,North,0.06,19.21,4.16,2024-02-23,2,10.22
O24-008863,CUST01113,P0021,North,0.03,910.29,135.01,2024-04-03,4,234.61
O24-002950,CUST01003,P0042,South,0.14,99.07,10.89,2024-01-05,4,28.8
O24-006098,CUST00468,P0011,South,0.18,72.92,15.4,2024-08-17,1,88.93
O24-006953,CUST00900,P0013  ,South,0.1,33.86,6.06,2024-04-07,2,18.81
O24-001760,CUST00810,P0047,North,0.07,18.86,3.32,2024-12-25,2,10.14
O24-002749,CUST00661, P0045 ,North,0.05,2.59,0.55,2024-09-27,1,2.73
O24-001984,CUST00994,P0045,North,0.15,11.18,1.37,2024-07-10,5,2.63
O24-001405,CUST01034,P0040,North,0.04,77.71,16.21,2024-08-03,5,16.19
O24-002079,CUST00927,P0010,South,0.11,158.58,36.63,2024-05-27,2,89.09
O24-005860,CUST00202,P0033,North,0.03,50.6,11.81,2024-12-22,4,13.04
O24-001199,CUST00489,P0038,East,0.08,77.45,16.17,2024-12-17,6,14.03
O24-000218,CUST00771,P0035,North,0.1,7.49,1.48,2024-12-20,2,4.16
O24-008258,CUST00740,P0014,North,0.35,27.27,4.7,2024-05-03,1,41.96
O24-009658,CUST00387,P0041,North,0.11,296.46,53.97,2024-10-15,10,33.31
O24-005524,CUST00375,P0001,South,0.16,1940.33,315.17,2024-05-04,2,1154.96
O24-000602,CUST00301,P0020,West,0.02,263.26,45.02,2024-10-16,1,268.63
O24-001825,CUST01163,P0021,South,0.16,725.89,66.22,2024-11-02,4,216.04
O24-007793,CUST00232,P0035,North,0.2,19.63,2.83,2024-08-21,6,4.09
O24-003858,CUST00260,P0034,North,0.1,27.27,6.66,2024-09-04,3,10.1
O24-005804,CUST00034,P0016,West,0.06,125.04,30.45,2024-01-07,2,66.51
O24-000893,CUST00012,P0035,West,0.08,3.73,0.68,2024-08-14,1,4.05
O24-005042,CUST01381,P0027,East,0.18,310.28,41.5,2024-01-14,3,126.13
O24-009562,CUST00903,P0017,South,0.09,1468.35,186.29,2024-05-01,7,230.51
O24-004578,CUST00752,P0027,South,0.1,113.66,9.86,2024-06-27,1,126.29
O24-002406,CUST01490,P0001,West,0.07,2092.02,509.64,2024-05-02,2,1124.74
O24-003068,CUST00305,P0039,North,0.13,58.12,12.13,2024-02-06,5,13.36
O24-001633,CUST00610,P0045,West,0.15,4.32,0.6,2024-10-09,2,2.54
O24-004686,CUST01358,P0008,South,0.16,2407.1,439.69,2024-04-20,5,573.12
O24-002347,CUST01037,P0027,West,0.15,497.16,47.75,2024-04-17,5,116.98
O24-004012,CUST01166,P0044,North,0,46.44,10.6,2024-07-16,3,15.48
O24-008961,CUST01302,P0004,South,0.22,2749.31,296.12,2024-12-19,4,881.19
O24-003815,CUST01104,P0017,South,0.23,1335.67,129.39,2024-03-15,8,216.83
O24-002387,CUST00853,P0010,North,0.08,84.19,20.6,2024-04-20,1,91.51
O24-007159,CUST00118,P0021,East,0.12,187.71,29.75,2024-12-17,1,213.31
O24-008422,CUST01359,P0019,North,0.12,2798.33,342.65,2024-02-06,8,397.49
O24-006481,CUST01456,P0013,North,0.17,64.71,13.28,2024-04-09,4,19.49
O24-002890,CUST00764,P0043,East,0.14,33.57,7.16,2024-05-14,1,39.03
O24-002811,CUST00247,P0032,East,0.12,1272.9,156.3,2024-12-09,3,482.16
O24-007823,CUST00534,P0016  ,East,0.12,58.15,12.8,2024-03-08,1,66.08
O24-004420,CUST00085,P0002,West,0.3,727.47,136.23,2024-05-10,2,519.62
O24-001476,CUST01310,P0029,North,0.02,1360.19,247.11,2024-05-21,5,277.59
O24-003341,CUST01374,P0040,North,0.05,60.53,12.78,2024-12-24,4,15.93
O24-003400,CUST00278,P0036,East,0.08,58.24,10.76,2024-02-19,3,21.1
O24-007008,CUST00544,P0016,South,0.22,51.69,9.4,2024-12-06,1,66.26923077
O24-005120,CUST00468,P0036,West,0.06,91.13,16.75,2024-05-08,5,19.39
O24-002927,CUST01298,P0011,West,0.22,139.03,39.13,2024-04-06,2,89.12179487
O24-003846,CUST00799,P0046,East,0.06,2.83,0.59,2024-12-24,1,3.01
O24-003268,CUST00196,P0003,West,0.04,2642.67,739.28,2024-05-06,2,1376.39
O24-004345,CUST01353,P0009,North,0.13,41.71,10.03,2024-10-26,2,23.97
O24-004722,CUST00506,P0006,North,0,705.82,147.01,2024-10-24,2,392.12
O24-009364,CUST00723,P0006,West,0.12,355.78,74.34,2024-08-24,1,404.3
O24-002948,CUST00234,P0006,East,0.1,364.52,89.01,2024-09-24,1,405.02
O24-002644,CUST00997,P0010,North,0.18,76.49,17.09,2024-06-16,1,93.28
O24-000540,CUST00363,P0004,West,0.04,1693.73,432.29,2024-10-19,2,882.15
O24-003989,CUST00411,P0024,South,0.19,3310.78,110.46,2024-05-16,6,681.23
O24-003256,CUST00797,P0029,North,0.08,971.48,196.28,2024-01-06,4,263.99
O24-002269,CUST00299,P0011,West,0.02,430.86,105.53,2024-04-20,5,87.93
O24-008876,CUST00021,P0046,South,0.14,10.7,1.18,2024-09-23,4,3.11
O24-000687,CUST00987,P0032,West,0.02,1412.82,240.8,2024-03-30,3,480.55
O24-003953,CUST00586,P0009,South,0.09,84.96,13.74,2024-05-04,4,23.34
O24-002680,CUST00256,P0001,North,0.1,2102.09,538.49,2024-09-19,2,1167.83
O24-000856,CUST01297,P0045,West,0.06,5.13,1.08,2024-05-30,2,2.73
O24-008143,CUST01302,P0011,West,0.11,79.43,19.27,2024-02-01,1,89.25
O24-007037,CUST00588,P0038,North,0.04,80.87,15.3,2024-08-12,6,14.04
O24-003754,CUST01096,P0005,West,0.1,1194.45,295.45,2024-12-08,3,442.39
O24-006168,CUST01094,P0044,East,0.22,98.09,16.37,2024-11-29,8,15.72
O24-003360,CUST01041,P0001,West,0.08,2102.53,516.48,2024-01-13,2,1142.68
O24-004036,CUST00021,P0005,West,0.08,898.78,227.63,2024-02-08,2,488.47
O24-004275,CUST01366,P0014,North,0.08,37.45,9.95,2024-05-12,1,40.71
O24-006354,CUST00050,P0042,South,0.18,115.54,20.68,2024-04-28,5,28.18
O24-001188,CUST01477,P0007,West,0.05,815.59,226.38,2024-11-16,4,214.63
O24-003541,CUST00761,P0022,North,0.07,5041.2,861.74,2024-06-18,8,677.58
O24-009713,CUST00700,P0039,East,0.09,64.97,15.65,2024-09-21,5,14.28
O24-003003,CUST01169,P0017  ,East,0.06,597.9,69.4,2024-06-29,3,212.02
O24-008000,CUST00565,P0001,North,0.24,5553.62,1232.42,2024-07-30,6,1217.9
O24-001807,CUST01364,P0002,East,0.08,2900.54,773.64,2024-05-05,6,525.46
O24-007039,CUST00651,P0004,West,0.14,762.6,199.99,2024-03-18,1,886.75
O24-007909,CUST00382,P0031,West,0.1,994.72,151.51,2024-03-19,4,276.31
O24-003503,CUST00794,P0028,North,0.1,405.71,63.64,2024-11-13,1,450.79
O24-000608,CUST00083,P0039,West,0.2,11.25,1.04,2024-11-05,1,14.06
O24-008848,CUST01286,P0001,North,0.06,2258.95,580.92,2024-01-15,2,1201.57
O24-002551,CUST01446,P0031,South,0.22,1213.71,101.1,2024-08-19,6,259.34
O24-004779,CUST00884,P0025,East,0.16,4644.44,458.49,2024-09-15,10,552.91
O24-003453,CUST00678,P0016,East,0.23,236.78,45.46,2024-03-08,5,61.5
O24-008314,CUST00515,P0017,South,0.21,504.24,34.76,2024-01-14,3,212.76
O24-000533,CUST00560,P0013,West,0.1,17.64,4.5,2024-02-15,1,19.6
O24-009497,CUST00970,P0033,North,0.31,18.24,3.04,2024-07-30,2,13.22
O24-002143,CUST00805,P0026,North,0.09,470.93,73.83,2024-11-14,1,517.51
O24-002448,CUST01347,P0017,South,0.12,191.51,9.59,2024-05-23,1,217.63
O24-002499,CUST00914,P0029,West,0.16,1244.96,100.1,2024-05-01,5,296.42
O24-001392,CUST00085,P0018,East,0.05,2463.31,452.95,2024-08-13,6,432.16
O24-002766,CUST00261, P0048 ,South,0.13,1.87,0.22,2024-08-24,1,2.15
O24-008830,CUST00750,P0018,East,0.17,2171.73,294.77,2024-09-02,6,436.09
O24-008895,CUST01206,P0025,North,0.12,1817.8,218.85,2024-10-31,4,516.42
O24-005217,CUST00806,P0022,East,0.13,582.04,83.83,2024-12-02,1,669.01
O24-006774,CUST00237,P0001,North,0.14,965.27,199.44,2024-01-23,1,1122.41
O24-004522,CUST00334,P0027,South,0.29,259.07,7.44,2024-11-22,3,121.63
O24-002612,CUST00002,P0046,East,0.12,5.23,0.87,2024-01-30,2,2.97
O24-001553,CUST00351,P0013,North,0.21,97.12,22.88,2024-08-25,6,20.49
O24-007877,CUST00110,P0009,North,0.12,63.47,11.76,2024-12-07,3,24.04
O24-009296,CUST00791,P0033,North,0.1,24.39,4.76,2024-01-03,2,13.55
O24-002964,CUST01204,P0006,West,0.15,338.26,66.96,2024-06-19,1,397.95
O24-003280,CUST01025,P0018,North,0.37,1617.31,105.37,2024-04-16,6,427.86
O24-006328,CUST00171,P0036,East,0.15,88.06,14.8,2024-02-28,5,20.72
O24-003729,CUST01150,P0017,East,0.03,1006.57,124.45,2024-09-01,5,207.54
O24-009737,CUST00917,P0003,North,0.01,2879.89,732.55,2024-05-07,2,1454.49
O24-003702,CUST01154,P0038,East,0.15,46.38,8.81,2024-12-15,4,13.64
O24-000264,CUST00701,P0005,East,0.14,1199.08,279.47,2024-11-03,3,464.76
O24-005866,CUST00255,P0040,West,0.1,13.32,2.33,2024-07-26,1,14.8
O24-002639,CUST01348,P0042,North,0.13,123.8,23.03,2024-02-13,5,28.46
O24-007401,CUST00349,P0007,East,0.05,186.62,46.46,2024-04-23,1,196.44
O24-009880,CUST01026,P0042,West,0.09,78.79,17.78,2024-12-26,3,28.86
O24-003429,CUST00757,P0027,East,0.08,559.96,80.18,2024-05-28,5,121.73
O24-002765,CUST01389,P0025,East,0.05,1010.86,114.63,2024-12-20,2,532.03
O24-009673,CUST00411,P0017,North,0.13,391.64,47.12,2024-04-07,2,225.08
O24-000652,CUST00317,P0047,South,0.16,51.06,7.31,2024-11-27,6,10.13
O24-009396,CUST00356,P0013,South,0.14,35.19,7.16,2024-10-05,2,20.46
O24-001634,CUST00488,P0005,North,0.04,1808.72,410.99,2024-04-08,4,471.02
O24-007864,CUST00844,P0032,North,0.05,451.05,72.11,2024-03-10,1,474.79
O24-003488,CUST00648,P0024,West,0.08,1200.71,132.01,2024-12-09,2,652.56
O24-001563,CUST01251,P0040,South,0.16,36.31,4.4,2024-06-17,3,14.41
O24-001534,CUST00563,P0010,North,0.12,406.91,112.85,2024-12-19,5,92.48
O24-002368,CUST00607,P0012,South,0.17,82.71,13.5,2024-10-21,5,19.93
O24-002060,CUST00375,P0034,North,0.11,44.23,7.84,2024-07-07,5,9.94
O24-006229,CUST00551,P0003,North,0.08,4149.74,972.84,2024-10-04,3,1503.53
O24-002051,CUST00707,P0013,North,0.1,17.14,4.18,2024-01-07,1,19.04
O24-001937,CUST00353,P0036,North,0.1,35.73,6.34,2024-08-08,2,19.85
O24-008298,CUST00710,P0012,North,0,19.08,5.72,2024-03-26,1,19.08
O24-007194,CUST00461,P0048,North,0.19,3.71,0.62,2024-09-29,2,2.29
O24-003283,CUST01102,P0007,South,0.06,824.12,159.68,2024-05-15,4,219.18
O24-008408,CUST00168,  P0010,North,0.06,86.36,20.21,2024-02-18,1,91.87
O24-004989,CUST00341,P0016,West,0.16,532.31,120.47,2024-12-01,10,63.37
O24-003674,CUST00224,P0001,South,0.26,830.31,175.01,2024-07-31,1,1122.04
O24-003437,CUST01041,P0040,South,0.12,13.2,2.08,2024-03-20,1,15
O24-007988,CUST01175,P0039,North,0.06,51.29,11.37,2024-07-31,4,13.64
O24-004900,CUST00498,P0034,East,0.04,38.67,9.6,2024-09-01,4,10.07
O24-002945,CUST01051,P0004,North,0.11,3908.21,1065.35,2024-12-10,5,878.25
O24-004752,CUST00280,P0046,West,0.04,5.84,1.03,2024-03-15,2,3.04
O24-000867,CUST00987,P0034,South,0.1,37.58,7.15,2024-02-11,4,10.44
O24-005057,CUST00239,P0022,East,0.1,1124.96,237.69,2024-01-24,2,624.98
O24-009112,CUST00634,P0025,West,0.03,1572.45,199.79,2024-07-22,3,540.36
O24-006110,CUST00476,P0047,East,0.03,57.79,10.58,2024-11-08,6,9.93
O24-007466,CUST01260,P0039,North,0.19,35.36,5.16,2024-06-06,3,14.55
O24-002705,CUST00777,P0029,South,0.19,1783.1,151.01,2024-04-21,8,275.17
O24-007774,CUST00188,P0037,North,0.17,58.56,12.28,2024-08-22,5,14.11
O24-002831,CUST00142,P0034,West,0.28,29.09,3.18,2024-11-21,4,10.1
O24-002489,CUST00424,P0039,North,0.11,36.53,6.08,2024-07-01,3,13.68
O24-003767,CUST00253,P0026,South,0.15,437.83,30.84,2024-01-16,1,515.09
O24-002542,CUST00715,P0047,East,0.18,24.33,4.59,2024-03-02,3,9.89
O24-003452,CUST01274,P0048,North,0.12,3.82,0.6,2024-12-13,2,2.17
O24-000979,CUST00181,P0001,East,0.13,3834.68,883.92,2024-01-07,4,1101.92
O24-006955,CUST00024,P0011,West,0.1,154.55,46.36,2024-05-13,2,85.86
O24-005597,CUST00850,P0045,North,0.08,4.8,0.69,2024-12-11,2,2.61
O24-007688,CUST01212,P0047,South,0.13,35.88,4.6,2024-07-21,4,10.31
O24-007355,CUST00010,P0016,South,0.25,238.8,49.44,2024-01-19,5,63.68
O24-003150,CUST01317,P0041,West,0.04,155.76,27.28,2024-12-24,5,32.45
O24-002236,CUST00972,P0037,East,0.08,12.49,2.12,2024-02-14,1,13.58
O24-006681,CUST00248,P0047,North,0.04,20.16,3.98,2024-11-17,2,10.5
O24-002015,CUST00261,P0036,North,0.14,35.23,5.65,2024-11-22,2,20.48255814
O24-007249,CUST00020,P0031,South,0.18,1805.84,139.11,2024-12-18,8,275.28
O24-005171,CUST01313,P0013,West,0.1,35.84,9.33,2024-12-08,2,19.91
O24-003889,CUST01073,P0011,West,0.11,77.73,19.16,2024-12-22,1,87.34
O24-003776,CUST00145,P0035,South,0.1,11.42,1.02,2024-04-15,3,4.23
O24-000444,CUST01277,P0007,North,0.33,541.36,100.04,2024-09-02,4,202
O24-009250,CUST00865,P0003,North,0.1,5263.02,1383.15,2024-11-24,4,1461.95
O24-002176,CUST00191,P0010,West,0.14,330.89,70.85,2024-08-17,4,96.19
O24-002065,CUST00607,P0013,West,0.02,154.92,41.42,2024-09-25,8,19.76
O24-007233,CUST00261,P0033,East,0.1,23.45,3.75,2024-10-21,2,13.03
O24-002243,CUST01239,P0042,North,0.1,207,42.43,2024-04-09,8,28.75
O24-001545,CUST01399,P0033,West,0.34,72.6,6.6,2024-05-29,8,13.75
O24-004556,CUST01458,P0044,North,0.16,39.79,7.34,2024-06-02,3,15.79
O24-009482,CUST00769,P0036,East,0.31,193.03,32.33,2024-04-30,13,21.52
O24-008862,CUST01133,P0027,West,0.1,342.14,43.12,2024-05-07,3,126.72
O24-000843,CUST00773,P0022,East,0,2620.75,297.79,2024-11-12,5,689.67
O24-002193,CUST00722,P0016,East,0.12,160.59,36.78,2024-03-10,3,60.83
O24-006648,CUST01114,P0003,North,0.08,3642.57,853.66,2024-06-10,3,1319.77
O24-009983,CUST00629,P0015,West,0.05,255.84,56.79,2024-04-13,5,53.86
O24-008815,CUST00695,P0006,North,0.1,1067.42,250.87,2024-05-25,3,395.34
O24-008248,CUST01492,P0040,North,0.07,29.15,5.35,2024-07-06,2,15.67
O24-007118,CUST00063,P0017,North,0.17,354.94,52.26,2024-04-04,2,213.82
O24-000400,CUST00977,P0002,East,0.1,958.27,263.03,2024-04-06,2,532.37
O24-001416,CUST00758,P0027,South,0.19,842.01,53.43,2024-01-03,8,129.94
O24-003153,CUST00508,P0043,North,0,153.12,30.74,2024-09-15,4,38.28
O24-006559,CUST00595,P0041,West,0.19,54.32,9.37,2024-12-14,2,33.53
O24-002474,CUST00137,P0020,North,0.08,2625.5,377.16,2024-10-10,10,285.38
O24-004175,CUST01208,P0026,West,0.06,1847.14,209.47,2024-03-11,4,491.26
O24-006719,CUST01475,P0029,North,0.31,554.72,56.84,2024-12-25,3,267.98
O24-006364,CUST00743,P0032,South,0.11,858.73,74.02,2024-10-31,2,482.43
O24-004943,CUST00883,P0011,East,0.13,75.39,14.73,2024-07-10,1,86.66
O24-007102,CUST01073,P0006,West,0.08,340.18,86.87,2024-11-28,1,369.76
O24-004388,CUST00620,P0036,North,0.29,58.62,7.35,2024-08-05,4,20.64
O24-009150,CUST00969,P0016,East,0.19,210.18,47.81,2024-09-07,4,64.87
O24-004701,CUST00313,P0027,West,0.14,223.15,25.78,2024-09-18,2,129.74
O24-000945,CUST01191,P0005,East,0.19,782.67,186.06,2024-11-23,2,483.13
O24-007310,CUST00046,P0035,South,0.17,3.45,0.49,2024-07-27,1,4.16
O24-005107,CUST00569,P0037,West,0,28.3,6.16,2024-01-09,2,14.15
O24-001783,CUST01500,P0006,South,0.4,1100.91,119.95,2024-06-25,5,366.97
O24-001180,CUST00717,P0031,East,0,223.15,37.4,2024-04-14,1,259.48
O24-006710,CUST01036,P0023,East,0.12,954.31,88,2024-10-23,4,271.11
O24-008948,CUST00928,P0036,North,0.13,35.88,6.44,2024-09-14,2,20.62
O24-001202,CUST00089,P0036,North,0.12,52.91,6.29,2024-09-09,3,20.04
O24-002803,CUST00381,P0028,East,0.07,408.29,71.73,2024-10-10,1,439.02
O24-008970,CUST00942,P0016,West,0.08,124.55,32.82,2024-07-16,2,67.69
O24-007564,CUST01199,P0022,North,0.1,3110.67,716.04,2024-02-19,5,691.26
O24-005823,CUST01414,P0014,West,0.15,132.46,27.81,2024-08-11,4,38.96
O24-006304,CUST00205,P0033,South,0.16,131.21,18.43,2024-08-05,11,14.2
O24-004211,CUST00602,P0045,East,0.22,7.92,1.2,2024-04-06,4,2.54
O24-009877,CUST01193,P0041,West,0.11,30.66,5.87,2024-09-17,1,34.45
O24-003763,CUST00534,P0006,East,0.05,703.99,171.19,2024-07-27,2,370.52
O24-007168,CUST01258,P0006,East,0.06,2113.76,586.37,2024-03-29,6,374.78
O24-002458,CUST01035,P0016,North,0.33,131.13,25.73,2024-07-01,3,65.24
O24-005594,CUST00356,P0010,East,0.1,168.84,39.74,2024-04-29,2,93.8
O24-005073,CUST01060,P0036,North,0.06,37.71,5.74,2024-11-03,2,20.06
O24-004472,CUST01316,P0038,West,0.16,23.25,4.21,2024-08-04,2,13.84
O24-005566,CUST00830,P0028,North,0.21,345.22,33.81,2024-05-12,1,436.99
O24-001888,CUST00534,P0001,East,0.11,3099.34,890.77,2024-06-15,3,1160.8
O24-006560,CUST01372,P0008,North,0.19,2318.18,502.99,2024-09-15,5,572.39
O24-008270,CUST00491,P0018,North,0.33,1170.25,104.45,2024-07-03,4,436.66
O24-004933,CUST00137,P0009,South,0.17,56.85,11.08,2024-11-08,3,22.83
O24-009012,CUST00584,P0017,North,0.29,157.95,14.16,2024-07-07,1,222.46
O24-000810,CUST00788,P0046,South,0.16,4.86,0.66,2024-08-04,2,2.89
O24-004166,CUST01255,P0032,West,0.06,1385.64,193.11,2024-06-11,3,491.36
O24-001309,CUST00368,P0039,West,0.14,24.37,3.08,2024-12-29,2,14.17
O24-007065,CUST00278,P0041,North,0.11,85.81,15.01,2024-01-16,3,32.13857678
O24-002093,CUST00860,P0047,West,0.08,45.77,7.89,2024-05-07,5,9.95
O24-006590,CUST01396,P0016,North,0.03,179.72,45.95,2024-03-16,3,61.76
O24-007873,CUST00250,P0001,North,0.13,968.38,236.88,2024-11-20,1,1113.08
O24-006003,CUST01189,P0014,North,0.12,71.6,17.25,2024-06-04,2,40.68
O24-001624,CUST00344,P0006,South,0.08,1479.58,348.09,2024-11-27,4,402.06
O24-001297,CUST00173,P0034,West,0.17,8.18,1.28,2024-07-29,1,9.86
O24-002405,CUST01228,P0030,West,0.22,155.39,11.23,2024-04-21,2,99.61
O24-000143,CUST00434,P0008,South,0.14,2428.94,460.57,2024-01-15,5,564.87
O24-006925,CUST00759,P0010,North,0.08,262.14,68.22,2024-01-18,3,94.98
O24-009638,CUST00408,P0007,South,0.12,361.84,80.15,2024-01-24,2,205.59
O24-004523,CUST00607,P0026,North,0.04,493.11,58.23,2024-11-13,1,513.66
O24-004247,CUST00251,P0048,North,0.04,9.98,2.28,2024-11-22,5,2.08
O24-007637,CUST00762,P0023,East,0.01,784.38,119.31,2024-06-29,3,264.1
O24-003902,CUST00491,P0044,South,0.21,12.43,1.38,2024-03-10,1,15.74
O24-005721,CUST01355,P0022,West,0.08,3020.27,475.44,2024-08-11,5,656.58
O24-000750,CUST00679,P0008,North,0.08,540.29,135.7,2024-03-19,1,587.27
O24-002741,CUST01191,P0045,South,0.17,2.14,0.3,2024-12-11,1,2.58
O24-004781,CUST00775,P0004,North,0.08,2660.83,563.89,2024-06-25,3,964.07
O24-006509,CUST00572,P0044,North,0.08,14.28,2.96,2024-10-17,1,15.52
O24-002712,CUST01284,P0001,North,0.1,1092.71,271.49,2024-06-29,1,1214.12
O24-002856,CUST01211,P0012,East,0.35,12.53,2.42,2024-07-08,1,19.27
O24-001669,CUST00958,P0029,North,0.12,501.49,50.52,2024-12-15,2,284.94
O24-004328,CUST01061,P0011,East,0.16,154.48,39.47,2024-05-18,2,91.95
O24-002231,CUST00402,P0011,North,0.09,309.4,74.09,2024-10-20,4,85
O24-001810,CUST00206,P0030,North,0.16,177.79,22.62,2024-06-05,2,105.83
O24-002094,CUST00071,P0047,East,0.04,57.83,11.82,2024-05-27,6,10.04
O24-008259,CUST00450,P0028,North,0.06,1754.79,325.49,2024-04-29,4,466.7
O24-005833,CUST00746,P0013,North,0.18,48.88,10.56,2024-01-18,3,19.87
O24-002675,CUST00441,P0037,East,0.1,61.7,9.41,2024-04-02,5,13.71
O24-005075,CUST01231,P0042,South,0.17,47.58,4.92,2024-01-23,2,28.66
O24-007824,CUST01399,P0003,West,0.14,3780.09,775.66,2024-10-17,3,1465.15
O24-009207,CUST00753,P0007,North,0.04,824.72,203.98,2024-05-19,4,214.77
O24-009515,CUST00523,P0026,West,0.02,3340.13,505.74,2024-08-14,7,486.9
O24-000682,CUST01264,P0020,North,0.11,1004.7,160.48,2024-02-13,4,282.22
O24-002191,CUST00495,P0033,North,0.29,18.53,1.87,2024-09-27,2,13.05
O24-006816,CUST01500,P0039,East,0.07,12.9,2.42,2024-01-10,1,13.87
O24-004210,CUST00323,P0034,East,0.04,100.32,18.4,2024-07-06,10,10.45
O24-003878,CUST00341,P0012,West,0.09,17.24,4.33,2024-03-14,1,18.94
O24-008210,CUST00266,P0022,West,0.1,1853.2,258.74,2024-11-07,3,686.37
O24-007023,CUST01157,P0045,East,0,2.71,0.64,2024-10-12,1,2.71
O24-001201,CUST01298,P0004,West,0.18,2119.19,431.29,2024-12-20,3,861.46
O24-000253,CUST01354,P0041,West,0.05,94.65,16.59,2024-03-09,3,33.21
O24-009157,CUST00634,P0041,East,0.1,28.99,5.39,2024-03-26,1,32.21
O24-007207,CUST01206,P0015,North,0.08,148.82,32.52,2024-02-15,3,53.92
O24-005632,CUST00530,P0008,East,0.08,550.79,135.48,2024-05-21,1,598.68
O24-003977,CUST00875,P0034,North,0.19,7.75,0.82,2024-10-22,1,9.57
O24-007705,CUST00222,P0006,West,0.1,1029.05,252.56,2024-09-16,3,381.13
O24-008890,CUST00059,P0013,South,0.14,88.28,15.84,2024-05-02,5,20.53
O24-006057,CUST00225,  P0001,East,0.07,1106.77,277.62,2024-06-28,1,1190.08
O24-005540,CUST00622,P0025,North,0.11,476,81.61,2024-01-08,1,534.83
O24-008083,CUST00287,P0015,South,0.15,89.91,13.6,2024-06-01,2,52.88823529
O24-004810,CUST00262,P0022,West,0.05,1900.1,253.26,2024-09-15,3,666.7
O24-001688,CUST01316,P0047,North,0.32,35.19,3.79,2024-07-10,5,10.35
O24-009977,CUST01277,P0019,West,0.2,1289.25,160.08,2024-11-11,4,402.89
O24-004808,CUST00171,P0015,North,0.3,37.73,6.2,2024-09-19,1,53.9
O24-000002,CUST00827,P0043,North,0.06,152.54,35.12,2024-06-14,4,40.57
O24-005006,CUST01287,P0026,North,0.09,1395.44,205.64,2024-05-29,3,511.15
O24-000497,CUST00371,P0007,North,0,159.15,35.51,2024-12-05,1,201.46
O24-004904,CUST00598,P0035,East,0.27,5.97,0.59,2024-06-15,2,4.09
O24-002357,CUST00436,P0016,West,0.14,448.03,91.21,2024-04-11,8,65.12
O24-007747,CUST00962,P0016,East,0.07,60.52,17.68,2024-08-20,1,65.08
O24-005914,CUST01351,P0048,West,0.13,5.66,1.07,2024-10-26,3,2.17
O24-003818,CUST01289,P0025,North,0.14,886.44,92.7,2024-09-21,2,515.37
O24-009820,CUST01413,P0029,East,0.06,820.65,115.5,2024-10-18,3,291.01
O24-008085,CUST00604,P0032,North,0.06,1315.11,195.48,2024-03-12,3,466.35
O24-004453,CUST01349,P0035,North,0.2,19.34,3.13,2024-03-02,6,4.03
O24-004955,CUST00705,  P0014,East,0.11,34.64,7.28,2024-03-11,1,38.92
O24-000743,CUST00172,P0003,East,0.33,2911.46,508.74,2024-12-08,3,1448.49
O24-004167,CUST00046,P0014,East,0.07,108.73,31.74,2024-09-02,3,38.97
O24-009625,CUST00261,P0006,North,0.21,1759.87,298.81,2024-03-08,6,371.28
O24-002534,CUST00662,P0028,North,0.29,321.99,37.7,2024-02-20,1,453.51
O24-009730,CUST00011,P0019,West,0.09,358.94,54.55,2024-06-07,1,394.44
O24-003949,CUST00956,P0005,North,0.11,823.11,166.89,2024-08-10,2,462.42
O24-002264,CUST00288,P0039,East,0.11,24.42,4.67,2024-08-12,2,13.72
O24-006394,CUST00790,P0024,East,0.07,590.45,83.2,2024-06-21,1,634.89
O24-000464,CUST01435,P0014,North,0.37,74.66,12.59,2024-06-30,3,39.5
O24-006624,CUST01365,P0002,East,0.04,2086.43,410.58,2024-11-26,4,543.34
O24-006929,CUST00701,P0010,North,0.1,243.24,56.47,2024-11-20,3,90.09
O24-006698,CUST01274,P0022,East,0.28,2435.29,285.09,2024-05-14,5,676.4694444
O24-000437,CUST01362,P0011,East,0.1,78.92,19.42,2024-11-21,1,87.69
O24-001789,CUST01143,P0022,East,0.04,3311.38,530.61,2024-12-14,5,689.8708333
O24-004108,CUST00036,P0033,North,0.15,33.1,5.64,2024-06-29,3,12.98
O24-009736,CUST00249,P0006,East,0.07,2120.46,576.89,2024-01-20,6,380.01
O24-006387,CUST01123,P0027,East,0.16,434.28,52.79,2024-06-17,4,129.25
O24-007896,CUST01055,P0012,West,0.11,18.43,4.01,2024-01-05,1,20.71
O24-000352,CUST00920,P0006,North,0.05,723.98,195.54,2024-09-27,2,381.04
O24-003510,CUST00035,P0009,South,0.17,77.39,16.29,2024-08-03,4,23.31
O24-008674,CUST01467,P0001,East,0.18,2821.42,511.69,2024-03-03,3,1146.92
O24-005830,CUST00042,P0021,North,0.19,926.15,115.07,2024-10-31,5,228.68
O24-002114,CUST00364,P0039,West,0,54.8,10.87,2024-11-27,4,13.7
O24-000758,CUST01368,P0046,North,0.17,7.72,1.07,2024-09-14,3,3.1
O24-003576,CUST01263,P0034,North,0.08,9.25,2.2,2024-05-19,1,10.05
O24-004807,CUST00247,P0040,West,0.16,25.42,4.36,2024-06-30,2,15.13
O24-009346,CUST00849,P0044,North,0.17,12.52,2,2024-04-20,1,15.09
O24-009449,CUST00321,P0011,West,0.16,68.73,15.28,2024-07-12,1,81.82
O24-001073,CUST00531,P0005,North,0.07,880.56,239.68,2024-10-23,2,473.42
O24-003733,CUST00778,P0037,West,0.14,91.85,11.91,2024-10-01,8,13.35
O24-005186,CUST01270,P0007,West,0.19,338.16,87.53,2024-09-28,2,208.74
O24-008249,CUST00699,P0041,North,0.04,120.27,25.01,2024-08-03,4,31.32
O24-005383,CUST00128,P0018,South,0.1,1554.16,165.02,2024-10-08,4,431.71
O24-003606,CUST00574,P0039,West,0.07,12.61,2.09,2024-12-31,1,13.56
O24-008487,CUST01150,P0032,East,0.04,1780.26,256.73,2024-08-21,4,463.61
O24-002217,CUST00051,P0036,East,0.09,18.75,3.46,2024-07-05,1,20.6
O24-008379,CUST00294,P0046,West,0.01,14.85,2.78,2024-10-19,5,3
O24-006968,CUST00831,P0035,East,0.06,7.75,1.48,2024-12-04,2,4.12
O24-007848,CUST00440,P0013,West,0.06,93.48,25.75,2024-11-18,5,19.8893617
O24-009759,CUST00248,P0047,South,0.08,9.72,1.15,2024-12-31,1,10.56
O24-000198,CUST00424,P0044,West,0.12,64.42,12.53,2024-11-06,5,14.64
O24-009667,CUST00490,P0034,East,0.16,43.01,7.69,2024-11-11,5,10.24
O24-009283,CUST00797,P0002,West,0.07,1946.49,457.39,2024-12-22,4,523.25
O24-000172,CUST00588,P0003,North,0,17670.38,3577.3,2024-03-26,13,1359.26
O24-002613,CUST01153,P0024,East,0.18,3170.64,393.93,2024-10-28,6,644.44
O24-003988,CUST00717,P0003,West,0.19,3356.49,630.39,2024-11-02,3,1381.27
O24-007622,CUST00506,P0043,South,0.22,300.14,38.56,2024-06-10,10,38.48
O24-007562,CUST01244,P0029,East,0.1,1254.51,160.9,2024-04-04,5,278.78
O24-008652,CUST00111,P0044,North,0.1,42.82,7.47,2024-03-16,3,15.86
O24-000001,CUST01221,P0015,North,0.1,98.14,23.33,2024-11-26,2,54.52
O24-009278,CUST01173,P0010,North,0.15,402.39,94.92,2024-01-01,5,94.68
O24-005743,CUST00471,P0032,North,0.04,2367.79,457.71,2024-10-21,5,493.29
O24-002640,CUST01270,P0008,West,0.13,2568.94,567.13,2024-09-24,5,590.56
O24-003454,CUST00640,P0008,North,0.1,1035.86,254.9,2024-06-14,2,575.48
O24-009656,CUST00786,P0036,East,0.14,36.55,7,2024-12-29,2,21.25
O24-005750,CUST01104,P0014,West,0.07,76.11,16.85,2024-08-29,2,40.92
O24-002545,CUST01008,P0027,West,0.07,236.29,37.71,2024-11-19,2,127.04
O24-005261,CUST00957,P0024,East,0.07,3143.26,456.81,2024-06-10,5,675.97
O24-003388,CUST01298,P0009,North,0.14,82.08,17.76,2024-09-27,4,23.86
O24-003033,CUST01467,P0013,South,0.14,67.94,12.9,2024-06-14,4,19.75
O24-000083,CUST01439,P0016,South,0.18,270.44,55.34,2024-12-22,5,65.96
O24-003835,CUST01418,P0013,South,0.12,33.88,5.27,2024-03-27,2,19.25
O24-009664,CUST00879,P0013,South,0.14,34.06,6,2024-07-26,2,19.8
O24-007333,CUST00097,P0004,South,0.18,3727.84,581.46,2024-07-07,5,909.23
O24-008718,CUST00663,P0048,South,0.18,14.17,1.47,2024-11-29,8,2.16
O24-003647,CUST01137,P0009,West,0.22,19.16,3.93,2024-02-23,1,24.56
O24-005904,CUST00744,P0004,West,0.12,1583.75,340.48,2024-03-14,2,899.86
O24-009897,CUST00957,P0006,South,0.25,1113.96,211.51,2024-10-16,4,371.32
O24-009160,CUST01201,P0038,East,0.14,34.98,5.7,2024-04-08,3,13.56
O24-002822,CUST00715,P0023,North,0.08,1506.19,262.05,2024-07-28,6,272.86
O24-006846,CUST01348,P0001,West,0.06,5663.69,1543.85,2024-07-15,5,1205.04
O24-001933,CUST00233,P0046,North,0.2,4.75,0.73,2024-12-06,2,2.97
O24-001954,CUST00749,P0036,West,0.12,72.34,10.74,2024-02-07,4,20.55
O24-005391,CUST01089,P0035,West,0.15,22.03,4.11,2024-09-10,6,4.32
O24-003345,CUST01278,P0030,West,0.06,382.05,60.81,2024-04-06,4,101.61
O24-004983,CUST00706,P0006,East,0.11,677.01,149.96,2024-11-13,2,380.34
O24-009922,CUST01053,P0022,North,0.09,1225.22,166.95,2024-05-26,2,673.2
O24-004419,CUST00664,P0001,South,0.15,3880.56,753.8,2024-11-23,4,1141.34
O24-007728,CUST00414,P0009,East,0.07,43.34,12.31,2024-08-15,2,23.3
O24-002756,CUST00798,P0025,West,0,2146.56,268.54,2024-12-14,5,499.2
O24-006543,CUST00424,P0013,North,0,15.05,3.22,2024-03-14,1,19.54
O24-006197,CUST00315,P0015,West,0,157.05,47.12,2024-02-04,3,52.35
O24-003743,CUST00029,P0002,North,0.24,400.79,91.28,2024-08-05,1,527.36
O24-002973,CUST00195,P0029,West,0.04,269.14,44.37,2024-02-24,1,280.35
O24-006472,CUST00195,P0014,North,0.13,143.17,34.98,2024-09-22,4,41.14
O24-006635,CUST01316,P0006,North,0.36,1171.74,187.54,2024-12-18,5,366.17
O24-001884,CUST00276,P0040,East,0.32,10.61,1.5,2024-05-06,1,15.61
O24-006012,CUST00083,P0011,East,0.2,284.35,63.31,2024-10-09,4,88.86
O24-009558,CUST00479,P0023,West,0.31,188.94,14.73,2024-04-01,1,273.82
O24-002777,CUST00946,P0016,South,0.23,187.88,32.37,2024-09-13,4,61
O24-008005,CUST00111,P0011,West,0.15,76.12,12.71,2024-05-13,1,89.55
O24-006376,CUST00068,P0008,North,0.12,1059.52,226.64,2024-12-16,2,602
O24-007179,CUST00713,P0036,East,0.09,60.03,10.11,2024-09-03,3,21.99
O24-004396,CUST01424,P0008,North,0.33,3106.07,433.39,2024-01-07,8,579.49
O24-002010,CUST00253,P0016,North,0.27,99.46,22.58,2024-03-24,2,68.12
O24-001198,CUST00108,P0016,South,0.11,116.09,22.77,2024-09-03,2,65.22
O24-007077,CUST00891,P0023,East,0.22,210.72,28.06,2024-04-07,1,270.15
O24-000846,CUST00772,P0009,East,0.07,21.74,5.16,2024-08-06,1,23.38
O24-002698,CUST00658,P0011,West,0.28,130.74,26.14,2024-09-18,2,90.79
O24-003269,CUST00844,P0011,East,0.38,162.34,23.87,2024-02-18,3,87.28
O24-007856,CUST00201,P0007,North,0.17,344.13,86.89,2024-04-26,2,207.31
O24-007260,CUST01008,P0008,East,0.12,503.49,113.15,2024-11-06,1,572.15
O24-001144,CUST00497,P0025,East,0.01,2554.6,324.76,2024-01-08,5,516.08
O24-001250,CUST00562,P0039,West,0.11,11.84,2.56,2024-06-17,1,13.3
O24-000757,CUST00783,P0010,North,0.27,194.17,39.85,2024-11-13,3,88.66
O24-006407,CUST00398,P0038,East,0.08,25.63,4.99,2024-12-28,2,13.93
O24-006119,CUST00387,P0033,East,0.12,11.33,1.66,2024-03-11,1,12.87
O24-002013,CUST00214,P0019,East,0.18,301.41,43.52,2024-10-18,1,367.57
O24-009831,CUST01104,P0006  ,East,0.12,662.45,141.2,2024-12-29,2,376.39
O24-003581,CUST00111,P0002,North,0.03,1028.94,244.33,2024-01-17,2,530.38
O24-003444,CUST01204,P0037,North,0.08,51.04,10.66,2024-11-26,4,13.87
O24-003058,CUST01303,P0006,West,0.08,350.84,97.52,2024-05-14,1,381.35
O24-007292,CUST01247,P0007,East,0.17,323.47,79.31,2024-11-28,2,194.86
O24-003579,CUST00216,P0015,South,0.18,42.48,8.48,2024-06-28,1,51.8
O24-002774,CUST01275,P0029,East,0.18,246.93,36.28,2024-08-10,1,301.14
O24-003056,CUST00876,P0048,West,0.06,4.12,0.62,2024-07-29,2,2.19
O24-006244,CUST00397,P0032,West,0.12,1626.17,216.79,2024-08-27,4,461.98
O24-004363,CUST01494,P0048,East,0.16,1.85,0.36,2024-01-29,1,2.2
O24-001561,CUST00628,P0030,East,0.04,98.1,13.49,2024-11-29,1,102.19
O24-006469,CUST01204,P0047,West,0.19,33.37,5.57,2024-03-08,4,10.3
O24-002385,CUST00326,P0005,West,0.08,1755.32,486.21,2024-03-27,4,476.99
O24-008854,CUST01336,P0020,South,0.2,410.77,32.68,2024-05-18,2,256.73
O24-003759,CUST00874,P0007,South,0.29,144.58,24.95,2024-02-22,1,203.63
O24-009033,CUST00506,P0026,West,0.07,1429.51,166.58,2024-08-18,3,512.37
O24-002912,CUST00140,P0036,West,0.09,19.19,3.99,2024-11-21,1,21.09
O24-008507,CUST00544,P0046,West,0.06,5.9,0.97,2024-11-24,2,3.14
O24-008837,CUST00575,P0042,North,0.15,50.05,8.86,2024-04-24,2,29.44
O24-005532,CUST00725,P0036,North,0.04,82.6,14.47,2024-07-23,4,21.51
O24-002835,CUST00981,P0039,East,0.1,104.69,16.99,2024-10-09,8,14.54
O24-006479,CUST00892,P0027,East,0.06,336.12,38.85,2024-08-24,3,119.19
O24-009781,CUST00813,P0001,East,0.21,1913.24,423.95,2024-12-08,2,1210.91
O24-006930,CUST00096,P0033,West,0.07,12.21,2.18,2024-10-11,1,13.13
O24-000044,CUST00178,P0011,South,0.14,463.78,77.53,2024-01-02,6,89.88
O24-009198,CUST00766,P0035,West,0.08,14.65,2.64,2024-06-15,4,3.98
O24-008414,CUST00033,P0035,South,0.2,6.37,0.58,2024-03-11,2,3.98
O24-006561,CUST01251,P0020,East,0.03,777.38,84.5,2024-03-28,3,267.14
O24-003145,CUST01242,P0028,West,0.02,3449.52,484.63,2024-12-31,8,439.99
O24-002460,CUST00724,P0003,East,0.05,1285.53,316.71,2024-08-06,1,1353.19
O24-000242,CUST00055,P0005,North,0.1,402.17,86.33,2024-03-07,1,446.86
O24-008222,CUST00586,P0035,South,0.21,19.01,2.22,2024-02-15,6,4.01
O24-006253,CUST00520,P0037,North,0.11,24.31,4.35,2024-02-29,2,13.65730337
O24-008460,CUST00062,P0011,North,0.05,255.62,56.67,2024-12-07,3,89.69
O24-008334,CUST01340,P0014,West,0.04,111.46,25.92,2024-04-10,3,38.7
O24-001373,CUST00450,P0007,South,0.26,298.29,41.28,2024-04-21,2,201.55
O24-004448,CUST01388,P0016,North,0.17,108.6,23.17,2024-01-04,2,65.42
O24-000056,CUST01046,P0047,South,0.18,32.05,3.64,2024-04-16,4,9.77
O24-001639,CUST01132,P0012,East,0.15,17.23,3.4,2024-07-29,1,20.27
O24-001571,CUST00946,P0013,West,0.08,36.67,9.77,2024-05-24,2,19.93
O24-005900,CUST00913,P0014,West,0.12,70.03,15.01,2024-08-24,2,39.79
O24-000623,CUST01454,P0009,East,0.15,202.64,44.93,2024-10-23,10,23.84
O24-008601,CUST00907,P0028,South,0.18,2292.82,164.35,2024-02-11,6,466.02
O24-003919,CUST00787,P0040,West,0.1,27.56,5.62,2024-06-30,2,15.31
O24-008398,CUST01484,P0040,East,0.32,21.32,1.66,2024-10-20,2,15.68
O24-007214,CUST00910,P0016,West,0.11,326.65,74.11,2024-11-05,6,61.17
O24-007785,CUST01007,P0027,South,0.23,479.29,32.32,2024-01-01,5,124.49
O24-003335,CUST01090,P0016,South,0.08,353,75.68,2024-07-17,6,63.95
O24-009767,CUST01232,P0026,East,0.01,1056.25,189.65,2024-05-06,2,533.46
O24-004443,CUST00673,P0043,South,0.07,111.66,11.42,2024-04-07,3,40.02
O24-007281,CUST00953,P0045,North,0.12,11.57,1.88,2024-06-12,5,2.63
O24-000121,CUST00559,P0042,South,0.19,23.09,3.04,2024-10-08,1,28.51
O24-009597,CUST00575,P0041,West,0.09,29.87,4.45,2024-06-13,1,32.82
O24-005348,CUST00885,P0029,North,0.1,1540.03,193.94,2024-12-17,6,285.19
O24-009755,CUST01047,P0014,South,0.18,68.21,12.87,2024-01-14,2,41.59
O24-001827,CUST00087,P0021,North,0.12,604.38,90.49,2024-08-23,3,228.93
O24-000294,CUST01323,P0038,South,0.17,22.54,2.74,2024-04-29,2,13.58
O24-001138,CUST00791,P0015,North,0.1,195.12,46.83,2024-03-05,4,54.2
O24-006484,CUST01432,P0019,East,0.05,765.95,86.82,2024-03-26,2,403.13
O24-007287,CUST01479,P0003,North,0.2,3313.92,700.43,2024-09-15,3,1380.8
O24-003877,CUST01096,P0026,West,0.24,380.52,41.94,2024-12-18,1,500.68
O24-008603,CUST01488,P0014,South,0.14,199.64,36.61,2024-03-07,6,38.69
O24-006162,CUST01407,P0008,North,0,2537.67,636.91,2024-05-24,5,507.534
O24-001682,CUST00069,P0009,West,0.05,46.36,11.88,2024-12-28,2,24.4
O24-008154,CUST00251,P0036,West,0.11,36.76,7.05,2024-03-31,2,20.65
O24-008541,CUST00546,P0005,South,0.19,1531.45,244.61,2024-12-26,4,472.67
O24-001956,CUST00972,P0012,East,0.07,130.33,37.93,2024-04-21,7,20.02
O24-000046,CUST00639,P0033,East,0.1,71.66,11.51,2024-01-13,6,13.27
O24-005932,CUST00385,P0011,West,0.15,146.86,34.9,2024-01-25,2,86.38823529
O24-008194,CUST00928,P0011,North,0.09,155.14,38.67,2024-03-14,2,85.24
O24-009027,CUST01344,P0011,North,0.12,151.34,29.96,2024-07-19,2,85.98863636
O24-001312,CUST00786,P0016,North,0.09,109.29,27.82,2024-03-11,2,60.05
O24-001514,CUST01239,P0038,North,0.06,52.98,11.12,2024-08-26,4,14.09
O24-008730,CUST01416,P0042,West,0.06,111.86,20.31,2024-12-25,4,29.75
O24-005746,CUST01127,P0022,North,0.13,1156.13,134.13,2024-11-02,2,664.44
O24-008978,CUST00742,P0036,East,0.15,35.07,4.85,2024-04-13,2,20.63
O24-007091,CUST00875,P0005,South,0.28,1365.98,206.89,2024-12-28,4,474.3
O24-003195,CUST00504,P0042,South,0.4,51.97,3.45,2024-09-07,3,28.87
O24-009016,CUST00304,P0003,South,0.32,1889.77,171.44,2024-05-19,2,1389.54
O24-006139,CUST01268,P0007,North,0.06,190.2,46.94,2024-07-29,1,202.34
O24-000371,CUST00192,P0022,East,0.14,1799.14,206.27,2024-09-21,3,697.34
O24-007054,CUST00307,P0045,North,0.11,7.08,1.49,2024-01-26,3,2.65
O24-006799,CUST00632,P0026,East,0.16,414.67,49.06,2024-03-29,1,493.66
O24-007185,CUST01004,P0004,South,0.14,2314.34,370.21,2024-05-27,3,897.03
O24-001252,CUST00993,P0005,East,0.15,1504.94,312.33,2024-07-13,4,442.63
O24-005550,CUST00955,P0004,South,0.1,3990.87,547.32,2024-06-29,5,886.86
O24-006761,CUST00985,P0027,North,0.2,317.11,40.03,2024-04-25,3,132.13
O24-006686,CUST01493,P0013,East,0.08,110.51,31.26,2024-11-17,6,20.02
O24-005110,CUST01331,P0023,East,0.06,258.49,45.24,2024-12-06,1,274.99
O24-002507,CUST00415,P0025,East,0.01,1499.4,208.82,2024-03-17,3,504.85
O24-002982,CUST01118,P0039,East,0.02,39.93,8.54,2024-01-05,3,13.58
O24-001763,CUST00771,P0005,South,0.14,412.71,83.91,2024-12-01,1,479.9
O24-009939,CUST00897,P0031,North,0.06,1712.25,251.82,2024-02-05,7,260.22
O24-002824,CUST01030,P0004,North,0.02,3408.68,722.19,2024-10-09,4,869.56
O24-009845,CUST00192,P0018,East,0.13,732.4,60.53,2024-03-06,2,420.92
O24-005307,CUST00324,P0003,South,0.17,1129.34,222.47,2024-07-07,1,1360.65
O24-003349,CUST01432,P0025,South,0.29,1105.15,85.33,2024-12-11,3,518.85
O24-007712,CUST00771,P0001,North,0.1,1029.63,254,2024-12-26,1,1144.03
O24-006247,CUST00909,P0008,East,0.05,521.57,119.35,2024-11-27,1,549.02
O24-004440,CUST00236,P0024,South,0.4,1188.43,13.34,2024-07-15,3,660.24
O24-001299,CUST01064,P0014,North,0.02,120.54,30.33,2024-02-13,3,41
O24-004229,CUST00080,  P0007,East,0.14,182.1,48.93,2024-09-10,1,211.75
O24-005424,CUST00045,P0047,West,0.08,132.92,21.48,2024-11-16,14,10.32
O24-000842,CUST01129,P0036,South,0.1,54.86,8.1,2024-04-22,3,20.32
O24-009719,CUST00600,P0039,East,0.12,60.63,9.47,2024-12-07,5,13.78
O24-006609,CUST01176,P0045,West,0.08,2.38,0.4,2024-01-31,1,2.59
O24-002896,CUST00357,P0034,East,0.04,19.64,3.45,2024-11-02,2,10.23
O24-000968,CUST00538,P0036,South,0.2,85.32,8.73,2024-11-28,5,21.33
O24-003795,CUST00217,P0033,East,0.09,45.5,6.17,2024-10-17,4,12.5
O24-001380,CUST01371,P0017,South,0.18,886.87,50.82,2024-02-20,5,216.31
O24-000113,CUST00866,P0045,West,0.14,8.91,1.74,2024-04-24,4,2.59
O24-005419,CUST00782,P0007,West,0.14,353.63,69.68,2024-10-11,2,205.6
O24-001019,CUST00452,P0020,North,0.04,1040.83,154.74,2024-03-17,4,271.05
O24-005611,CUST00925,P0011,South,0.17,72.47,12.47,2024-10-15,1,87.31
O24-009289,CUST01432,P0044,North,0.12,13.31,1.98,2024-05-26,1,15.13
O24-002314,CUST00409,P0032,East,0.23,1823.55,232.56,2024-12-09,5,473.65
O24-001117,CUST00579,P0045,North,0,13.4,2.41,2024-09-13,5,2.68
O24-000203,CUST00667,P0014,North,0.11,36.92,9,2024-11-05,1,41.48
O24-008550,CUST00072,P0030,East,0.1,385.6,56.3,2024-09-23,4,107.11
O24-008644,CUST00657,P0040,West,0.08,28.78,5.18,2024-09-04,2,15.64
O24-000354,CUST01488,P0042,North,0.04,27.73,4.49,2024-11-02,1,28.89
O24-000093,CUST00824,P0003,West,0.16,5815.78,1020.98,2024-11-05,5,1384.71
O24-009757,CUST00800,P0038,East,0.11,12.46,2.55,2024-11-08,1,14
O24-006176,CUST01032,P0023,East,0.06,1972.42,311.39,2024-07-01,8,262.29
O24-000520,CUST00124,P0004,East,0.01,2645.88,697.19,2024-08-16,3,890.87
O24-002292,CUST00772,P0035,West,0.13,3.49,0.49,2024-10-15,1,4.01
O24-007618,CUST00425,P0028,North,0.16,1137.6,101.94,2024-04-13,3,451.43
O24-002130,CUST01019,P0021,South,0.18,368.61,21.13,2024-02-17,2,224.76
O24-003907,CUST01348,P0003,North,0.17,6853.08,1466.35,2024-03-10,6,1376.12
O24-006288,CUST00999,P0017,South,0.11,374.16,47.89,2024-11-10,2,210.2
O24-001086,CUST00110,P0013,East,0.09,56.16,12.87,2024-12-10,3,20.57142857
O24-006841,CUST00540,P0029,North,0.1,771.44,116.65,2024-05-10,3,285.72
O24-000911,CUST00490,P0018,North,0.12,1530.57,234.75,2024-10-12,4,434.82
O24-005705,CUST01440,P0001,South,0.11,3270.46,775.36,2024-12-09,3,1224.89
O24-001083,CUST00769,P0038,South,0.13,22.97,3.19,2024-12-21,2,13.2
O24-002260,CUST00263,P0012,West,0,40.9,11.12,2024-07-11,2,20.45
O24-001072,CUST01040,P0046,North,0.1,5.47,1.08,2024-01-17,2,3.04
O24-001657,CUST00498,P0046,West,0.15,10.06,1.4,2024-11-03,4,2.96
O24-001111,CUST00170,P0029,North,0.13,249.55,30.39,2024-05-02,1,286.84
O24-001364,CUST00091,P0041,North,0.11,116.27,16.57,2024-07-16,4,32.66
O24-007722,CUST00182,P0010,North,0.08,80.66,19.86,2024-11-19,1,87.67
O24-002319,CUST00734,P0032,North,0.18,1564.56,234.02,2024-12-29,4,477
O24-004800,CUST00891,P0031,North,0.09,938.14,157.45,2024-03-08,4,257.7307692
O24-004404,CUST00415,P0012,North,0.04,76.72,19.73,2024-05-05,4,19.98
O24-007246,CUST00741,P0008,South,0.15,520.06,80.68,2024-07-14,1,611.83
O24-001123,CUST00985,P0002,North,0.01,1630.95,489.28,2024-09-26,3,549.14
O24-004742,CUST00985,P0007,East,0.19,518.03,103.31,2024-07-07,3,213.18
O24-005106,CUST01332,P0042,North,0.11,26.26,5.55,2024-06-08,1,29.5
O24-003803,CUST01105,P0044,North,0.12,13.75,2.81,2024-10-05,1,15.63
O24-001304,CUST00446,P0020,West,0.1,972.97,118.47,2024-01-14,4,270.27
O24-009424,CUST00842,P0011,West,0.14,75.98,15.05,2024-11-02,1,88.35
O24-001289,CUST00062,P0040,North,0.15,13.33,2.34,2024-10-18,1,15.68
O24-000393,CUST00304,P0006,North,0.08,703.3,142.66,2024-01-04,2,382.23
O24-008297,CUST00289,P0036,North,0.15,37.5,4.79,2024-06-12,2,22.06
O24-004240,CUST01017,P0045  ,North,0.17,4.6,0.77,2024-09-05,2,2.77
O24-003628,CUST00941,P0022,East,0.06,1283.87,181.32,2024-08-28,2,682.91
O24-008387,CUST00737,P0048,North,0.03,10.48,2.42,2024-10-10,5,2.16
O24-004111,CUST00476,P0010,West,0.13,407.07,111.75,2024-10-23,5,93.58
O24-003508,CUST01337,P0034,West,0.15,26.34,3.77,2024-06-23,3,10.33
O24-007349,CUST00281,P0026,West,0.28,1084.6,115.28,2024-10-29,3,502.13
O24-001358,CUST01058,P0040,South,0.16,66.02,6.16,2024-03-23,5,15.72
O24-005251,CUST00739,P0035,East,0.05,3.87,0.62,2024-09-20,1,4.07
O24-000691,CUST01139,P0048,North,0.12,5.6,1.02,2024-12-09,3,2.12
O24-003067,CUST00335,P0038,East,0.19,58.2,8.1,2024-09-10,5,14.37
O24-008638,CUST00139,P0019,North,0.09,747.58,116.86,2024-07-24,2,410.76
O24-008337,CUST01345,P0044,North,0.15,51.31,8.8,2024-02-09,4,15.09
O24-006418,CUST01346,P0036,West,0.16,17.54,3.16,2024-10-07,1,20.88
O24-009049,CUST01077,P0044,West,0.06,55.87,10.94,2024-11-04,4,14.86
O24-002135,CUST01390, P0039 ,South,0.18,35.18,4.17,2024-03-23,3,14.3
O24-006809,CUST00711,P0016,South,0.23,49.53,7.92,2024-09-04,1,64.33
O24-002970,CUST01133,P0041,North,0.16,54.95,10.39,2024-08-17,2,32.71
O24-009785,CUST00054,P0043,West,0.01,38.58,7.26,2024-04-12,1,38.97
O24-008444,CUST00015,P0029,East,0.09,515.08,72.36,2024-04-20,2,283.01
O24-004293,CUST00760,P0002,South,0.12,471.2,80.95,2024-10-10,1,535.45
O24-002219,CUST00010,P0010,South,0.18,446.83,86.02,2024-03-29,6,90.82
O24-008039,CUST00106,P0035,West,0.13,35.5,4.38,2024-08-28,10,4.08
O24-009385,CUST00929,P0045,North,0.07,14.79,2.32,2024-10-08,6,2.65
O24-003995,CUST00849,P0044,West,0.18,13.2,2.23,2024-10-02,1,16.1
O24-003051,CUST00048,P0033,North,0.05,38.25,8.05,2024-06-09,3,13.42
O24-004091,CUST01336,P0005,South,0.15,3108.28,555.09,2024-04-07,8,457.1
O24-001104,CUST00677,P0002,North,0,965.38,239.69,2024-10-30,2,536.32
O24-002159,CUST01375,P0045,North,0.2,10.8,1.54,2024-12-30,5,2.7
O24-006519,CUST01019,P0004,East,0.05,1760.62,414.7,2024-06-12,2,926.64
O24-002836,CUST01044, P0002 ,North,0.16,1788.6,373.55,2024-05-27,4,532.32
O24-008309,CUST00315,P0015,East,0,107.16,30.13,2024-09-11,2,53.58
O24-008472,CUST00247,P0026,West,0.12,865.71,109.48,2024-01-01,2,491.88
O24-005409,CUST00330,P0043,North,0.04,146.88,24.74,2024-11-06,4,38.25
O24-003659,CUST01123,P0034,North,0.13,8.65,1.38,2024-05-02,1,9.94
O24-002016,CUST00885,P0038,North,0.17,58.6,8.91,2024-12-19,5,14.12
O24-001819,CUST00031,P0012,West,0.09,110.56,24.99,2024-05-18,6,20.25
O24-007083,CUST00391,P0030,East,0.21,254.06,33.82,2024-01-16,3,107.2
O24-000187,CUST01128,P0036,South,0.06,116.58,18.75,2024-05-10,6,20.67
O24-000335,CUST00449,P0008,West,0.09,549.8,126.6,2024-09-01,1,604.18
O24-001325,CUST01500,P0029,South,0,481.74,38.39,2024-07-19,2,286.75
O24-007575,CUST00277,P0003,East,0.1,2360.92,519.08,2024-11-04,2,1311.62
O24-000898,CUST00876,P0012,East,0.1,71.6,19.8,2024-08-23,4,19.89
O24-002681,CUST01056,P0022,East,0.08,1754.61,231.03,2024-03-22,3,635.73
O24-009455,CUST00816,P0004,North,0.14,809.67,219.58,2024-01-02,1,941.48
O24-001295,CUST00317,P0016,West,0.17,172.23,45.22,2024-01-27,3,69.17
O24-004408,CUST00069,P0011,West,0,173.94,47.15,2024-12-14,2,86.97
O24-000350,CUST01225,P0045,North,0.11,6.94,1.38,2024-04-21,3,2.6
O24-009137,CUST00427,P0038,South,0.4,81.18,6.84,2024-12-08,10,13.53
O24-009735,CUST01063,P0040,East,0.12,42.5,8.79,2024-03-20,3,16.1
O24-004631,CUST00420,P0002,North,0.23,413.17,110.32,2024-03-08,1,536.58
O24-005280,CUST00973,P0013,South,0.16,33.65,6.7,2024-12-22,2,20.03
O24-006578,CUST01376,P0005,South,0.15,1566.82,289.2,2024-11-14,4,460.8294118
O24-001658,CUST01427,P0034,East,0.13,8.69,1.73,2024-07-23,1,9.99
O24-003369,CUST00746,P0043,East,0.04,36.5,4.84,2024-05-26,1,38.02
O24-002634,CUST00103,P0028,North,0.07,412.35,60.87,2024-05-30,1,443.39
O24-009927,CUST00603,P0038,North,0.09,25.3,5.21,2024-11-29,2,13.9
O24-009583,CUST01219,P0022,South,0.12,1158.24,148.85,2024-10-21,2,658.09
O24-007733,CUST00131,P0025,West,0.15,448.95,56.31,2024-05-13,1,528.18
O24-005277,CUST01323,P0035,North,0.03,11.79,2.03,2024-01-23,3,4.05
O24-002753,CUST00417,P0019,North,0.05,1886.04,347.33,2024-09-24,5,397.06
O24-009875,CUST01308,P0038,East,0.09,37.87,6.49,2024-11-09,3,13.87
O24-004064,CUST01043,P0028,South,0.14,754.41,50.67,2024-11-24,2,438.61
O24-006316,CUST00336,P0011,West,0.09,236.45,55.92,2024-09-11,3,86.61
O24-009308,CUST00482,P0036,North,0.05,19.14,3.12,2024-12-01,1,20.15
O24-007756,CUST01428,P0014,East,0.05,73.78,19.23,2024-08-31,2,38.83
O24-000792,CUST00661,P0038,North,0.12,12.72,2.29,2024-03-30,1,14.45
O24-008691,CUST01440,P0039,West,0.03,13.73,2.45,2024-11-28,1,14.15
O24-000665,CUST00978,P0006,South,0.08,714.31,159.92,2024-03-15,2,388.21
O24-008558,CUST00663,P0023,East,0.19,411.64,27.18,2024-10-25,2,254.1
O24-005758,CUST00656,P0044,North,0.1,57.67,7.82,2024-03-25,4,16.02
O24-009602,CUST00740,P0020,North,0.09,242.7,44.25,2024-02-21,1,266.7
O24-001900,CUST01189,P0009,West,0.11,85.76,22.1,2024-02-01,4,24.09
O24-001965,CUST00651,P0006,West,0.35,777.27,122.71,2024-01-16,3,398.6
O24-009218,CUST00313,P0012,East,0.13,18.24,4.37,2024-10-18,1,20.97
O24-000197,CUST01495,P0009,North,0.06,45.68,13.01,2024-07-17,2,24.3
O24-008364,CUST00774,P0010,East,0,734.16,213.95,2024-03-20,8,91.77
O24-009715,CUST01383,P0016,East,0.2,259.32,56.08,2024-06-24,5,64.83
O24-000663,CUST00441,P0004,West,0.08,1690.22,443.91,2024-05-18,2,918.5978261
O24-007199,CUST00203,P0045,North,0.18,4.2,0.63,2024-08-08,2,2.56
O24-008219,CUST00749,P0041,South,0.12,28.51,4.22,2024-08-16,1,32.4
O24-001307,CUST01300,P0031,North,0.15,450.55,64.22,2024-03-03,2,265.03
O24-008049,CUST01226,P0004,South,0.14,2213.61,311.52,2024-02-03,3,857.99
O24-001200,CUST01154,P0041,South,0.14,111.52,12.34,2024-08-21,4,32.42
O24-003562,CUST00743,P0006,North,0.17,1648.55,341.75,2024-11-23,5,397.24
O24-001573,CUST00115,P0012,South,0.11,17.78,3.39,2024-12-08,1,19.98
O24-001914,CUST00719,P0041,South,0.1,84.43,14.38,2024-01-19,3,31.27
O24-008479,CUST00367,P0031,North,0.06,265.23,44.06,2024-12-21,1,282.16
O24-007018,CUST01484,P0007,East,0.2,341.81,76.1,2024-04-17,2,213.63
O24-008187,CUST00736,P0028,West,0.09,820.71,94.48,2024-02-09,2,450.94
O24-003515,CUST01367,P0001,North,0.11,1080.29,243.52,2024-03-01,1,1213.81
O24-003230,CUST01088,P0008,South,0.14,1939.95,334.06,2024-03-28,4,563.94
O24-006855,CUST00570,P0018,North,0.01,1694.8,387.68,2024-12-06,4,427.98
O24-009006,CUST00339,P0044,East,0.1,41.44,6.4,2024-06-13,3,15.35
O24-001978,CUST00676,P0044,East,0.16,53.05,8.99,2024-05-05,4,15.79
O24-004150,CUST00767,P0003,East,0.2,8482.5,1910.1,2024-12-28,8,1325.39
O24-008613,CUST00627,P0004,North,0.2,1452.38,224.4,2024-04-06,2,907.74
O24-003838,CUST00700,P0042,East,0.05,141.79,26.91,2024-08-15,5,29.85
O24-007460,CUST00957,P0031,North,0.04,1049.86,174.64,2024-03-11,4,273.4
O24-003154,CUST01370,P0001,East,0.16,4826.39,1182.95,2024-10-13,5,1149.14
O24-000975,CUST01149,P0019,East,0.04,1092.21,217.82,2024-11-08,3,379.24
O24-005432,CUST01135,P0022,North,0.04,1289.97,226.47,2024-06-17,2,671.86
O24-002801,CUST00102,P0003,North,0.02,2796.18,581.68,2024-08-04,2,1426.62
O24-000010,CUST00965,P0043,South,0.11,108.51,12.44,2024-02-24,3,40.64
O24-002352,CUST00332,P0012,South,0.25,14.76,2.34,2024-01-16,1,19.68
O24-007802,CUST00887,P0006,South,0.12,334.07,59.86,2024-09-26,1,379.62
O24-000808,CUST00826,P0023,North,0.09,251.63,31.8,2024-05-06,1,276.52
O24-000588,CUST00534,P0020,East,0.04,1273.63,230.88,2024-08-24,5,265.34
O24-007811,CUST00915,P0014,North,0.21,64.83,13.97,2024-10-04,2,41.03
O24-008527,CUST00900,P0033,East,0.18,21.16,2.61,2024-08-13,2,12.9
O24-008413,CUST00022,P0012,North,0.13,183.94,46.7,2024-08-21,11,19.22
O24-004177,CUST00658,  P0002,North,0.01,3619.82,684.17,2024-04-04,7,522.34
O24-007250,CUST01495,P0027,East,0.17,616.32,69.34,2024-07-18,6,123.76
O24-008656,CUST00033,P0023,East,0.14,463.97,55.78,2024-04-24,2,269.75
O24-006037,CUST01204,P0025,South,0.14,1734,87.89,2024-10-09,4,504.07
O24-004757,CUST00557,P0025,North,0.22,405.69,24.89,2024-05-25,1,520.1153846
O24-002735,CUST00046,P0035,West,0.36,5.59,0.56,2024-07-27,2,4.37
O24-004692,CUST00366,P0002,East,0.17,2563.6,567.35,2024-05-17,6,514.78
O24-002131,CUST01411,P0010,South,0.1,644.54,129.32,2024-12-03,8,89.52
O24-002189,CUST01198,P0017,West,0.09,399.13,54.44,2024-12-06,2,219.3
O24-003288,CUST01300,P0018,West,0.16,666.67,76.52,2024-08-27,2,396.83
O24-007629,CUST00068,P0011,West,0.23,130.21,26.56,2024-09-15,2,84.55
O24-000997,CUST00216,P0006,North,0.01,1158.69,343.27,2024-12-09,3,390.13
O24-002501,CUST01417,P0028,East,0.07,413.37,61.44,2024-06-19,1,444.483871
O24-005404,CUST01252,P0040  ,North,0.07,42.83,10.43,2024-03-01,3,15.35
O24-003262,CUST00060,P0038,North,0.1,24.73,4.47,2024-08-09,2,13.74
O24-006209,CUST00958,P0038,East,0.02,39.9,8.89,2024-12-17,3,13.57
O24-001787,CUST01121,P0032,North,0.08,1728.61,192.33,2024-04-19,4,469.73
O24-005192,CUST00801,P0026,North,0.16,896.82,166.16,2024-11-24,2,533.82
O24-005274,CUST01440,P0003,North,0.18,1153.67,212.32,2024-02-02,1,1406.91
O24-004032,CUST01412,P0048,North,0.19,3.5,0.34,2024-08-07,2,2.16
O24-007439,CUST00005,P0026,West,0.14,3002.23,316.42,2024-04-29,7,498.71
O24-007532,CUST00661,P0036,East,0.06,20.16,3.51,2024-09-10,1,21.45
O24-001381,CUST00010,P0008,East,0.22,891.18,163.36,2024-10-22,2,571.27
O24-008272,CUST00890,P0008,East,0.34,1919.02,412.09,2024-06-25,5,581.52
O24-008646,CUST01133,P0030,South,0.16,86.46,8.38,2024-04-06,1,102.93
O24-008294,CUST00623,P0042,North,0.16,72.98,6.08,2024-06-15,3,28.96
O24-000692,CUST01096,P0026,East,0.11,932.9,105.56,2024-07-10,2,524.1
O24-003167,CUST00581,P0020,North,0.38,327.19,31.75,2024-08-21,2,263.86
O24-009501,CUST01499,P0001,West,0.11,4140.14,1168.68,2024-03-22,4,1162.96
O24-008120,CUST00479,P0040,West,0.1,14.13,2.55,2024-12-08,1,15.7
O24-004262,CUST01114,P0033,East,0.06,62.23,13.52,2024-03-28,5,13.24
O24-009883,CUST00804,P0014,West,0.32,52.92,9.83,2024-11-20,2,38.91
O24-007206,CUST01040,P0005,East,0.15,401.28,95.98,2024-04-19,1,472.09
O24-005751,CUST01294,P0015,East,0,52.86,14.91,2024-12-18,1,52.86
O24-005619,CUST00753,P0036,North,0.08,36.91,8.58,2024-11-11,2,20.06
O24-009982,CUST00394,P0018,South,0.1,404.75,30.18,2024-03-13,1,449.72
O24-000103,CUST00083,P0037,West,0.05,39.87,5.54,2024-09-24,3,13.99
O24-003691,CUST01096,P0003,East,0.08,4672.64,1129.6,2024-11-07,4,1269.74
O24-006495,CUST00427,P0007,West,0.2,167.26,27.99,2024-06-21,1,209.075
O24-000479,CUST01185,P0021,East,0.14,1485.67,195.36,2024-06-04,8,215.94
O24-009442,CUST01306,P0011,South,0.29,621.82,85.84,2024-11-28,10,87.58028169
O24-001927,CUST01173,P0015,West,0.28,188.21,34.29,2024-11-22,5,52.28
O24-009088,CUST00293,P0025,West,0.15,1309.09,154.14,2024-07-16,3,513.37
O24-006573,CUST00329,P0005,South,0.21,1773.43,327.01,2024-05-28,5,448.97
O24-005953,CUST00934,P0040,South,0.18,49.63,5.2,2024-06-29,4,15.13
O24-003094,CUST01277,P0045,West,0.12,2.38,0.33,2024-11-25,1,2.71
O24-006728,CUST00239,P0021,South,0.07,1204.95,79.99,2024-06-28,6,215.94
O24-004119,CUST00255,P0031,West,0.08,1034.6,184.14,2024-06-01,4,281.14
O24-004399,CUST00283,P0016,East,0.12,109.45,25.59,2024-08-06,2,62.19
O24-008476,CUST01193,P0022,North,0.06,625.5,97.67,2024-07-11,1,665.43
O24-007930,CUST00486,P0031,South,0.21,413.09,12.78,2024-09-26,2,261.45
O24-006459,CUST00153,P0004,North,0.04,2474.04,742.21,2024-06-18,3,859.04
O24-007696,CUST00830,P0047,North,0.13,34.83,5.54,2024-06-07,4,10.01
O24-004330,CUST01168,P0047,North,0.08,28.1,5.43,2024-11-16,3,10.18
O24-003342,CUST00152,P0040,South,0.14,81.17,9.75,2024-03-07,6,15.73
O24-005939,CUST01035,P0045,West,0.1,11.79,2.12,2024-08-08,5,2.62
O24-009013,CUST00526,P0012,East,0.27,28.91,4.64,2024-11-19,2,19.8
O24-001928,CUST00720,P0043,East,0.18,31.88,5.12,2024-04-17,1,38.88
O24-008938,CUST00234,P0007,South,0.18,648.16,134.65,2024-05-27,4,197.61
O24-004960,CUST00790,P0041,East,0.15,55.3,9.35,2024-04-10,2,32.53
O24-008882,CUST01052,P0031,East,0.16,218.55,21.77,2024-12-26,1,260.18
O24-008032,CUST00162,P0010  ,West,0.06,178.66,41.44,2024-09-07,2,95.03
O24-000988,CUST01389,P0012,North,0.02,41.4,11.89,2024-08-05,2,21.12
O24-009009,CUST00296,P0037,South,0.18,149.24,16.54,2024-10-21,13,14
O24-003043,CUST01223,P0013,North,0,51.79,13.92,2024-03-28,3,19.18
O24-003209,CUST00251,P0038,East,0.13,23.63,3.33,2024-07-04,2,13.58
O24-000600,CUST01258,P0036,East,0.04,60.08,13.23,2024-04-17,3,20.86111111
O24-002729,CUST01441,P0023,South,0.26,588.63,41.79,2024-04-26,3,265.15
O24-005647,CUST00194,P0018,North,0.03,1647.06,311.61,2024-09-16,4,424.5
O24-005484,CUST00670,P0022,East,0.21,4269.16,468.59,2024-08-20,8,675.5
O24-003869,CUST01049,  P0043,West,0.13,33.24,4.73,2024-12-20,1,38.21
O24-007631,CUST00972,P0003,East,0.17,2407.75,634.87,2024-10-26,2,1450.45
O24-009366,CUST01406,P0024,South,0.14,2357.91,246.32,2024-03-08,4,685.44
O24-003083,CUST00634,P0031,North,0.01,1037.8,164.83,2024-09-21,4,262.07
O24-007164,CUST00285,P0036,North,0.06,19.5,3.79,2024-01-22,1,20.75
O24-004599,CUST00588,P0007,East,0.13,177.76,37.46,2024-10-21,1,204.32
O24-007027,CUST00499,P0010,East,0.08,169.17,41.51,2024-12-02,2,91.94
O24-000735,CUST00449,P0033,East,0.08,117.3,17.11,2024-07-01,10,12.75
O24-005538,CUST00183,P0020,East,0.18,637.68,71.41,2024-04-20,3,259.22
O24-009871,CUST00716,P0046,East,0.21,18.9,2.34,2024-02-14,8,2.99
O24-003961,CUST00886,P0028,South,0.09,782.09,42.12,2024-12-07,2,429.72
O24-000229,CUST01049,P0028,South,0.27,977.38,66.65,2024-11-20,3,446.29
O24-004673,CUST01161,P0021,East,0.11,201.1,27.51,2024-10-09,1,225.95
O24-008271,CUST00325,P0039,East,0.12,71.17,12.46,2024-10-28,6,13.48
O24-004733,CUST00884,P0040,North,0.11,27.98,4.7,2024-11-11,2,15.72
O24-003474,CUST00549,P0029,East,0.06,853.02,135.69,2024-01-31,3,302.49
O24-003175,CUST01190,P0038,West,0.07,38.89,7.14,2024-02-06,3,13.94
O24-006287,CUST01007,P0001,South,0.14,1033.94,243.34,2024-03-17,1,1202.25
O24-001330,CUST01172,P0007,North,0.1,1117.04,254.43,2024-08-27,6,206.86
O24-001047,CUST00552,P0031,North,0.25,1036.8,122.59,2024-08-12,5,276.48
O24-009551,CUST01196,P0045,West,0.16,4.65,0.87,2024-04-04,2,2.77
O24-005453,CUST00489,P0006,South,0.4,935.54,106.42,2024-10-09,4,389.81
O24-002635,CUST00761,P0028,West,0.09,403.66,48.67,2024-04-08,1,443.58
O24-004832,CUST00643,P0006,North,0.12,343.42,80.85,2024-08-07,1,390.25
O24-002365,CUST00777,P0018,South,0.26,1000.02,34.39,2024-11-03,3,450.46
O24-005745,CUST00446,P0026,North,0.09,1388.59,214.36,2024-08-23,3,508.64
O24-009118,CUST00385,P0023,North,0.11,255.95,32.42,2024-08-25,1,287.58
O24-000429,CUST01240,P0018,East,0.1,1197.8,134.01,2024-12-27,3,443.63
O24-002674,CUST00997,P0014,East,0.13,144.8,35.38,2024-01-06,4,41.61
O24-009056,CUST00719,P0013,East,0.14,32.71,7.64,2024-10-01,2,19.02
O24-000626,CUST01043,P0026,East,0.2,1277.5,59.71,2024-12-17,3,532.29
O24-000695,CUST00453,P0031,South,0.04,1017.87,162.71,2024-09-20,4,265.07
O24-009531,CUST00559,P0019,West,0.13,1767.4,196.97,2024-06-01,5,406.3
O24-007958,CUST00697,P0033,North,0.15,11.11,2.13,2024-01-04,1,13.07
O24-003566,CUST01227,P0037,North,0.12,12.25,2.3,2024-11-21,1,13.92
O24-007861,CUST00853,P0001,East,0.24,2489.6,518.78,2024-05-10,3,1091.93
O24-007980,CUST00143,P0005,North,0,1861.6,491.12,2024-11-10,4,465.4
O24-007069,CUST00104,P0006,North,0.04,2193.75,553.36,2024-10-20,6,380.859375
O24-005478,CUST00085,P0010,East,0.01,178.87,53.66,2024-04-09,2,90.34
O24-006068,CUST00551,P0039,West,0.09,25.66,5.03,2024-06-07,2,14.1
O24-004938,CUST00499,P0042,South,0.15,258.48,33.64,2024-03-03,10,30.41
O24-000386,CUST00387,P0041,North,0.13,112.93,18.65,2024-11-23,4,32.45114943
O24-001541,CUST00342,P0001,North,0.15,3055.08,730.24,2024-07-08,3,1198.07
O24-008763,CUST00353,P0019,East,0.09,745.34,89.26,2024-03-05,2,409.53
O24-009221,CUST01254,P0003,West,0.06,1291.02,304.13,2024-06-06,1,1373.43
O24-009618,CUST00356,P0003,South,0.15,1192.42,204.72,2024-08-01,1,1402.85
O24-005646,CUST00461,P0032,South,0.26,335.88,14.52,2024-01-14,1,453.89
O24-006281,CUST00764,P0008,North,0.09,1585.97,315.33,2024-08-16,3,580.94
O24-006812,CUST00090,P0020,West,0.38,348.44,23.97,2024-06-03,2,281
O24-008206,CUST00930,P0001,South,0.17,7483.74,1313.72,2024-10-29,8,1127.07
O24-009854,CUST00523,P0046,North,0.07,5.82,1.28,2024-11-22,2,3.13
O24-007085,CUST01451,P0012,North,0.11,18.08,4.43,2024-06-25,1,20.31
O24-001008,CUST00151,P0004,South,0.26,1922.63,293.92,2024-05-20,3,866.05
O24-005132,CUST00880,  P0025,West,0.01,1063.95,195.24,2024-03-01,2,537.35
O24-000064,CUST01176,P0036,South,0.39,25.17,2.81,2024-10-08,2,20.63
O24-009415,CUST01218,P0017,East,0.2,358.02,47.75,2024-11-05,2,223.76
O24-001586,CUST00692,P0013,East,0.17,16.19,4.02,2024-11-29,1,19.51
O24-004524,CUST00189,P0012,West,0.16,48.03,9.86,2024-09-18,3,19.06
O24-002636,CUST00894,  P0033,West,0.06,12.74,2.54,2024-04-16,1,13.55
O24-009230,CUST01436,P0008,East,0.09,2104.21,434.9,2024-06-22,4,578.08
O24-005054,CUST00625,P0010,East,0,90.52,26.19,2024-08-07,1,90.52
O24-008322,CUST00460,P0048,East,0.03,4.09,0.82,2024-11-29,2,2.11
O24-000653,CUST00399,P0028,West,0.17,728.51,76.81,2024-12-22,2,438.86
O24-005683,CUST01450,P0042,West,0.06,56.19,11.87,2024-06-05,2,29.89
O24-004417,CUST00357,P0039,East,0.19,45.3,9.17,2024-09-24,4,13.98
O24-007462,CUST00757,P0020,North,0.04,1583.14,292.04,2024-08-21,6,274.85
O24-000395,CUST00788,P0012,East,0.28,27.69,4.5,2024-01-14,2,19.23
O24-005984,CUST00512,P0025,East,0.05,506.86,59.01,2024-10-06,1,533.54
O24-004088,CUST00521,P0020,East,0.29,1130.6,44.15,2024-10-13,6,265.4
O24-001339,CUST00638,P0036,East,0.03,83.54,15.1,2024-04-07,4,21.53
O24-009569,CUST00404, P0015 ,North,0.05,203.38,52.71,2024-11-12,4,53.52
O24-006178,CUST01071,P0044,North,0.15,13.2,2.33,2024-08-15,1,15.53
O24-008250,CUST00984,P0025,South,0.2,822.18,86.58,2024-06-30,2,513.86
O24-007072,CUST00058,P0038,North,0.08,12.74,2.29,2024-06-01,1,13.85
O24-003696,CUST00387,P0001,East,0.22,903.96,139.44,2024-02-20,1,1158.92
O24-008356,CUST00991,P0033,West,0.3,27.4,3.51,2024-10-25,3,13.05
O24-002194,CUST01040,P0010,East,0.21,150.65,34.84,2024-12-06,2,95.35
O24-003223,CUST01045,P0045,East,0.08,9.38,1.49,2024-12-17,4,2.55
O24-009486,CUST01342,P0010,West,0.13,153.02,36.84,2024-03-03,2,87.94
O24-005012,CUST00025,P0045,South,0.19,6.39,0.98,2024-03-10,3,2.63
O24-004274,CUST01145,P0024,West,0.09,1196.1,164.65,2024-07-30,2,657.1978022
O24-009460,CUST01314,P0016,South,0.17,104.31,22.73,2024-11-27,2,62.84
O24-007042,CUST01443,P0045,South,0.11,17.38,3.62,2024-08-30,7,2.79
O24-000718,CUST01025,P0004,South,0.17,2913.13,331.08,2024-08-11,4,877.45
O24-007998,CUST00132,P0048,East,0.12,3.89,0.63,2024-04-16,2,2.21
O24-002311,CUST00570,P0046,North,0.03,18.16,3.03,2024-10-08,6,3.12
O24-003277,CUST01496,P0013,West,0.08,71.65,17.42,2024-01-16,4,19.47
O24-006280,CUST00949,P0006,North,0.08,355.72,87.32,2024-10-11,1,386.65
O24-005965,CUST01314,P0009,North,0.08,59.7,12.46,2024-10-28,3,21.63
O24-002502,CUST00545,P0038,West,0.16,46.87,7.51,2024-12-25,4,13.95
O24-008261,CUST01104,P0003,West,0.09,2542.85,550.82,2024-06-12,2,1397.17
O24-004803,CUST00195,P0037,East,0.18,43.3,6.95,2024-10-29,4,13.2
O24-005127,CUST00522,P0037,West,0.14,12,1.66,2024-04-01,1,13.95
O24-002216,CUST00477,P0013,East,0.06,54.85,14.09,2024-03-28,3,19.45
O24-007149,CUST00399,P0006,West,0.12,730.35,152.3,2024-02-09,2,414.97
O24-005308,CUST00492,P0023,West,0.09,751.32,123.5,2024-01-31,3,275.21
O24-004148,CUST00348,P0040,West,0.13,13.57,2.28,2024-04-04,1,15.6
O24-008765,CUST01334,P0015,North,0.13,131.28,34.69,2024-08-14,3,50.3
O24-008336,CUST00037,P0013,East,0.22,127.73,31.37,2024-05-30,8,20.47
O24-009666,CUST00413,P0007,West,0.18,172.46,39.63,2024-06-18,1,210.32
O24-002953,CUST00402,P0010,East,0.12,496.48,119.5,2024-03-26,6,94.03
O24-003151,CUST01461,P0011,South,0.23,68.04,12.93,2024-06-21,1,88.36
O24-001882,CUST00649,P0023,East,0.16,873.26,116.79,2024-08-11,4,259.9
O24-007114,CUST00846,P0005,North,0.06,1778.22,389.58,2024-03-27,4,472.93
O24-006323,CUST00326,P0020,West,0.04,516.84,76.59,2024-05-09,2,269.19
O24-008607,CUST01127,P0013,West,0.12,68.08,19.08,2024-02-26,4,19.34
O24-004774,CUST00012,P0038,East,0.1,12.81,2.58,2024-10-26,1,14.23
O24-004250,CUST00094,P0034,North,0.08,36.14,5.96,2024-12-04,4,9.82
O24-001613,CUST00345,P0011,West,0.05,82.3,20.75,2024-11-20,1,86.63
O24-009149,CUST01331,P0047,South,0.13,33.93,5.39,2024-03-12,4,9.75
O24-001378,CUST01362,P0042,South,0.21,71.24,8.64,2024-10-02,3,30.06
O24-007956,CUST01032,P0037,East,0.09,12.89,2.71,2024-05-13,1,14.16
O24-006723,CUST00146,P0011,North,0.09,162.69,35.36,2024-10-19,2,89.39
O24-002830,CUST00359,P0042,North,0.1,25.65,5.1,2024-05-14,1,28.5
O24-007508,CUST00525,P0014,South,0.08,36.31,8.62,2024-07-25,1,39.47
O24-009473,CUST01418,P0041,West,0.1,28.99,5.32,2024-11-14,1,32.21
O24-001185,CUST00397,P0045,North,0.13,4.72,0.86,2024-03-04,2,2.71
O24-006322,CUST00788,P0021,West,0.14,1101.45,184.5,2024-09-04,6,213.46
O24-007208,CUST01320,P0002,South,0.18,4495.9,476.11,2024-05-31,10,548.28
O24-006320,CUST00981,P0006,East,0.12,1051.54,232.74,2024-03-26,3,398.31
O24-006891,CUST01468,P0017,East,0.16,752,80.01,2024-11-26,4,223.81
O24-004516,CUST01368,P0005,West,0.15,793.37,199.92,2024-01-02,2,466.69
O24-008822,CUST01005,P0044,South,0.4,36.82,3.84,2024-12-27,4,15.34
O24-002745,CUST00828,P0046,South,0.18,19.09,1.69,2024-02-08,8,2.91
O24-004331,CUST01120,P0014,South,0.31,113.91,18.73,2024-03-02,4,41.27173913
O24-007119,CUST00666,P0038,East,0.04,26.44,6.06,2024-08-06,2,13.77
O24-002145,CUST01367,P0030,South,0.1,86.63,5.86,2024-07-12,1,96.26
O24-005587,CUST00365,P0047,West,0.04,19.16,4.08,2024-02-25,2,9.98
O24-007201,CUST00372,P0041,West,0.11,180.06,30.13,2024-09-20,6,33.72
O24-001961,CUST00895,P0015,South,0.08,101.75,23.82,2024-11-25,2,55.3
O24-007127,CUST01122,P0001,South,0.11,2051.65,432.36,2024-09-04,2,1152.61
O24-005374,CUST00638,P0033,North,0.05,73.24,14.85,2024-03-19,6,12.85
O24-004194,CUST00027,P0001,East,0.06,4359.49,1307.85,2024-11-21,4,1159.44
O24-002589,CUST01460,P0033,North,0.05,11.8,2.75,2024-05-03,1,12.42
O24-004704,CUST01224,P0024,West,0.13,1720.38,340.83,2024-04-05,3,659.15
O24-001849,CUST00500,P0012,East,0.12,73.85,17.38,2024-05-09,4,20.98
O24-003382,CUST00130,P0039,South,0.12,11.85,1.83,2024-06-05,1,13.47
O24-003236,CUST00749,P0036,West,0.07,57.75,9.24,2024-11-18,3,20.7
O24-008010,CUST00886,P0020,South,0.24,401.48,27.31,2024-10-12,2,264.13
O24-001901,CUST01312,P0017,West,0.18,836.6,99.52,2024-07-09,5,204.05
O24-001861,CUST01285,  P0031,North,0.07,1004.92,115.4,2024-04-03,4,270.14
O24-009543,CUST00758,P0020,South,0.14,707.05,61.87,2024-06-23,3,274.05
O24-001737,CUST01396,P0002,South,0.08,2492.83,443.61,2024-12-03,5,541.92
O24-006493,CUST00670,P0009,West,0.24,18.67,3.53,2024-11-20,1,24.57
O24-005347,CUST01290,P0010,East,0.04,168.69,49.38,2024-10-20,2,87.86
O24-007649,CUST00255,P0029,South,0.14,239.7,13.67,2024-08-16,1,278.72
O24-007123,CUST01089,P0014,West,0.21,317.5,64.68,2024-05-03,10,40.19
O24-003828,CUST00204,P0023,North,0.14,916.42,82.47,2024-04-26,4,266.4
O24-000099,CUST01103,P0001,North,0.12,2032.31,604.1,2024-10-04,2,1154.72
O24-008260,CUST01016,P0003,East,0.06,1395.76,324.95,2024-05-10,1,1484.85
O24-007478,CUST00604,P0043,West,0.25,119.22,17.98,2024-07-17,4,39.74
O24-001667,CUST00870,P0028,East,0.12,386.43,52.73,2024-11-27,1,439.13
O24-001813,CUST00090,P0026,West,0.15,1212.81,210.48,2024-10-01,3,475.61
O24-008655,CUST00836,P0038,North,0.16,34.52,7.35,2024-05-09,3,13.7
O24-008519,CUST00742,P0014,East,0.07,111.66,27.93,2024-07-21,3,40.02
O24-000896,CUST01303,P0040,East,0.23,34.4,4.82,2024-07-23,3,14.89
O24-006548,CUST00306,P0006,East,0.08,727.65,177.15,2024-08-03,2,395.46
O24-006076,CUST01497,P0038,East,0.19,10.56,1.83,2024-12-28,1,13.04
O24-005986,CUST00088,P0037,South,0.26,39.84,3.71,2024-03-10,4,13.46
O24-002768,CUST00905,P0014,North,0.06,36.86,8.75,2024-06-12,1,39.21
O24-006335,CUST00686,P0008,North,0.09,2630.54,648.29,2024-04-07,5,578.14
O24-008028,CUST00574,P0013,North,0.22,16.11,3.06,2024-12-01,1,20.65
O24-002882,CUST00718,P0016,South,0.06,190.46,37.17,2024-12-13,3,67.54
O24-000751,CUST01498,P0029,North,0.19,906.03,137.2,2024-03-18,4,279.64
O24-002763,CUST00623,P0001,West,0.08,3246.45,788.82,2024-11-14,3,1176.25
O24-006974,CUST00724,P0014,North,0.11,68.83,16.36,2024-05-18,2,38.67
O24-006530,CUST01255,P0034,North,0.04,30.33,6.76,2024-05-31,3,10.53
O24-003917,CUST01156,P0006,West,0.01,760,201.39,2024-09-30,2,383.84
O24-008676,CUST00824,P0025,East,0.08,492.03,54.96,2024-08-02,1,534.82
O24-002832,CUST01295,P0003,East,0.14,2421.24,559.73,2024-12-21,2,1407.7
O24-006101,CUST00817,P0042,East,0.09,218.84,36.43,2024-05-04,8,30.06
O24-001311,CUST01050,P0019,South,0.2,1302.98,106.02,2024-02-13,4,407.18
O24-000488,CUST01375,P0002,North,0.05,996.66,294.99,2024-02-04,2,524.56
O24-009274,CUST00652,P0017,West,0.12,180.26,28.65,2024-01-08,1,204.84
O24-004772,CUST00531,P0002,South,0.16,888.72,157.73,2024-11-05,2,529
O24-007459,CUST01109,P0021,West,0.05,613.32,66.97,2024-12-07,3,215.2
O24-000707,CUST01400,P0029,East,0.15,252.44,28.47,2024-01-19,1,296.99
O24-006674,CUST01205,P0008,North,0,587.65,176.2,2024-01-15,1,587.65
O24-001500,CUST00939,P0043,North,0.02,38.42,8.18,2024-10-25,1,39.2
O24-004414,CUST00869,P0039,East,0.14,11.88,2.37,2024-03-31,1,13.81
O24-005616,CUST00993,P0046,East,0.04,3,0.6,2024-12-08,1,3.12
O24-006116,CUST00732,P0019,West,0.09,369.18,58.77,2024-03-21,1,405.69
O24-004858,CUST01311,P0030,East,0.06,585.77,86.97,2024-12-24,6,103.86
O24-006200,CUST00788,P0025,North,0.06,2424.73,268.77,2024-10-26,5,515.9
O24-003662,CUST00886,P0047,East,0.17,16.77,2.77,2024-07-09,2,10.1
O24-009480,CUST01082,P0027,North,0.1,456.12,53.73,2024-01-23,4,126.7
O24-003069,CUST00700,P0029,East,0.07,758.63,104.9,2024-06-01,3,271.91
O24-007191,CUST00743,P0003,North,0.07,5353.75,1346.86,2024-05-13,4,1439.18
O24-008037,CUST00158,P0033,East,0.18,20.99,3.15,2024-09-15,2,12.79878049
O24-009815,CUST00591,P0042,South,0.12,53.57,9.06,2024-01-06,2,30.44
O24-007442,CUST00068,P0004,North,0.1,784.37,147.34,2024-12-16,1,871.52
O24-009650,CUST01369,P0003,East,0.11,1176,261.83,2024-02-13,1,1321.35
O24-003686,CUST00175,P0009,North,0.04,133.8,38.12,2024-07-03,6,23.23
O24-006252,CUST00669,P0039,North,0.11,12.6,2.16,2024-04-18,1,14.16
O24-000523,CUST01471,P0005,North,0.05,914.93,207.91,2024-07-12,2,481.54
O24-005740,CUST00334,P0040,North,0.19,50.32,7.28,2024-07-14,4,15.53
O24-008176,CUST00274,P0048,North,0,31.5,7,2024-02-26,14,2.25
O24-003285,CUST01406,P0016,East,0.06,494.82,112.03,2024-11-16,8,65.8
O24-004307,CUST00009,P0005,West,0.12,774.51,169.07,2024-01-29,2,440.06
O24-008351,CUST00767,P0005,North,0.15,798.66,172.82,2024-06-01,2,469.8
O24-003993,CUST01331,P0009  ,North,0.12,20.98,4.85,2024-11-02,1,23.84
O24-000401,CUST01404,P0032,East,0.03,941.13,176.88,2024-02-23,2,485.12
O24-007308,CUST01294,P0034,North,0.18,16.81,3.15,2024-09-23,2,10.25
O24-008885,CUST01406,P0014,North,0.05,36.76,8,2024-09-15,1,38.69
O24-007494,CUST01450,P0015,West,0.05,293.66,83.44,2024-07-09,6,51.52
O24-000213,CUST00328,P0025,West,0.04,484.35,92.69,2024-06-04,1,504.53
O24-006265,CUST00200,P0034,West,0.22,24.03,3.29,2024-05-29,3,10.27
O24-004040,CUST00875,P0043,East,0.11,278.61,56.01,2024-12-05,8,39.13
O24-006086,CUST00409,P0043,North,0.13,138.02,22.93,2024-12-17,4,39.66
O24-008625,CUST01291,P0005,East,0.18,391.14,84.66,2024-12-21,1,477
O24-007384,CUST01422,P0018,West,0.04,3248.26,388.15,2024-09-22,8,422.95
O24-007502,CUST01110,P0003,South,0.13,4884.98,936.8,2024-02-14,4,1403.73
O24-009780,CUST01151,P0034,West,0.18,39.77,7.85,2024-10-20,5,9.7
O24-005969,CUST01091,P0015,West,0.1,187.42,48.18,2024-12-03,4,52.06
O24-002885,CUST00376,P0011,East,0.13,234.06,53.4,2024-11-01,3,89.68
O24-007710,CUST00865,P0040,North,0.16,25.33,3.49,2024-03-20,2,15.08
O24-007052,CUST00740,P0037,North,0.37,16.93,2.49,2024-08-29,2,13.44
O24-006491,CUST00566,P0010,North,0.07,85.88,24.06,2024-04-04,1,92.34
O24-009217,CUST00902,P0004,North,0.13,785.77,203.27,2024-12-18,1,903.18
O24-003632,CUST00084,P0003,North,0.07,3797.97,1019.56,2024-10-19,3,1361.28
O24-009471,CUST00864,P0011,South,0.22,355.48,38.46,2024-03-05,5,91.15
O24-005887,CUST01228,  P0041,East,0.08,144.16,28.48,2024-12-01,5,31.34
O24-008513,CUST00988,P0015,South,0.1,100.37,18.06,2024-06-14,2,55.76
O24-008776,CUST00771,P0027,West,0.14,112.46,13.97,2024-11-14,1,130.77
O24-008824,CUST01120,P0017,South,0.14,193.53,20.1,2024-04-27,1,225.04
O24-003693,CUST00167,P0044,East,0.06,100.08,18.25,2024-11-27,7,15.21
O24-005123,CUST00424,P0024,East,0.15,564.18,67.09,2024-12-20,1,663.74
O24-007273,CUST00161,P0047,North,0,44.7,9.03,2024-09-13,5,10.16
O24-007782,CUST01234,P0005,South,0.11,835.89,172.99,2024-05-01,2,469.6
O24-006632,CUST00822,P0015,North,0.11,94.73,18.85,2024-05-27,2,53.22
O24-002087,CUST00986,P0015,East,0.09,310.89,86.08,2024-08-23,6,56.94
O24-008775,CUST00163,P0038,West,0.05,133.76,20.13,2024-04-19,10,14.08
O24-006234,CUST00584,P0007,North,0.09,192.58,47.07,2024-06-13,1,211.63
O24-003482,CUST00133,P0040,South,0.15,42.1,6.25,2024-08-01,3,16.51
O24-006100,CUST00462,P0001,West,0.12,2078.81,474.14,2024-03-07,2,1181.14
O24-009660,CUST00813,P0042,North,0.16,50.45,4.54,2024-08-24,2,30.03
O24-002158,CUST01240,P0006,North,0.16,666.98,148.77,2024-12-28,2,397.01
O24-006677,CUST00170,P0007,East,0.06,1275.73,289.42,2024-04-13,7,193.88
O24-003572,CUST00688,P0012,East,0.08,74.59,18.63,2024-06-22,4,20.27
O24-007060,CUST00235,P0035,North,0.33,5.55,0.48,2024-11-14,2,4.14
O24-008345,CUST00391,P0016,North,0.1,115.34,28.48,2024-07-18,2,64.08
O24-005752,CUST00984,P0006,East,0.09,673.49,166.49,2024-08-22,2,370.05
O24-009639,CUST01386,P0037,West,0.08,23.88,5.16,2024-01-24,2,12.98
O24-002575,CUST01485,P0014,West,0.1,367.69,87.78,2024-03-14,11,37.14
O24-009063,CUST01147,P0033,West,0.12,11.72,2.1,2024-05-22,1,13.32
O24-008925,CUST01389,P0014,North,0.01,267.15,80.14,2024-11-21,7,38.55
O24-004138,CUST00608,P0047,North,0.19,66.42,10.9,2024-09-21,8,10.25
O24-001276,CUST00686,P0009,East,0.31,48.31,10.46,2024-03-14,3,23.34
O24-003211,CUST00388,P0013,North,0.03,56.6,11.85,2024-11-20,3,19.45
O24-005853,CUST00960,P0020,North,0.02,775.72,132.07,2024-12-30,3,263.85
O24-005800,CUST00541,P0005,South,0.16,1184.78,212.99,2024-03-26,3,470.15
O24-008503,CUST01120,P0012,South,0.19,16.3,3.65,2024-08-21,1,20.12
O24-009987,CUST01353,P0010,South,0.21,72.39,13.16,2024-02-06,1,91.63
O24-008750,CUST00076,P0009,East,0.32,16.35,2.69,2024-05-03,1,24.04
O24-008732,CUST00651,P0007,North,0.1,1437.77,421.39,2024-05-18,8,199.69
O24-004737,CUST00890,P0001,East,0.11,2072.53,457.41,2024-05-23,2,1164.34
O24-009327,CUST01127,P0002,East,0.06,486.11,123.21,2024-01-07,1,517.14
O24-008253,CUST01074,P0002,North,0.15,910.64,202.86,2024-03-20,2,535.67
O24-005670,CUST00923,P0007,South,0.34,145.99,18.2,2024-02-06,1,221.19
O24-009271,CUST00708,P0021,East,0.15,399.96,56.38,2024-09-20,2,235.27
O24-003082,CUST00038,P0012,North,0.13,17.26,4.12,2024-05-01,1,19.84
O24-003911,CUST01295,P0047,North,0.08,19.76,4.15,2024-01-24,2,10.74
O24-007606,CUST00612,P0006,West,0.35,966.81,157.33,2024-04-13,4,371.85
O24-005390,CUST00943,P0019,North,0.05,1085.59,139.59,2024-08-19,3,380.91
O24-009910,CUST00325,P0020,West,0.28,387.88,38.41,2024-06-06,2,269.36
O24-009952,CUST00952,P0008,West,0.18,3992.42,973.04,2024-11-07,8,608.6
O24-006158,CUST00297,P0040,East,0.1,13.77,1.94,2024-12-13,1,15.3
O24-005765,CUST00079,P0032,East,0.13,1196.4,182.58,2024-06-02,3,458.3908046
O24-005662,CUST00218,P0010,West,0.11,80.11,20.52,2024-07-30,1,90.01
O24-005059,CUST00220,P0017,East,0.15,172.07,20.77,2024-11-03,1,202.4352941
O24-002486,CUST00406,P0030,West,0.14,347.34,37.51,2024-11-24,4,100.97
O24-000043,CUST00177,P0038,South,0.18,34.1,3.25,2024-12-20,3,13.86
O24-005298,CUST01298,P0001,East,0.12,2060.27,567.81,2024-06-16,2,1170.61
O24-002116,CUST00440,P0012,West,0.12,33.02,7.27,2024-08-30,2,18.76
O24-002005,CUST00102,P0005,West,0.29,3046.11,609.84,2024-01-17,9,476.7
O24-001847,CUST00279,P0006,South,0.14,321.59,67.36,2024-08-13,1,373.94
O24-007876,CUST01068,P0005,East,0.37,283.39,39.43,2024-09-09,1,449.83
O24-008868,CUST01330,P0004,North,0.04,6744.58,1667.14,2024-01-16,8,878.2
O24-002048,CUST00602,  P0031,North,0.04,1002.51,171.57,2024-12-23,4,261.07
O24-003732,CUST01434,P0018,East,0.05,1676.56,237.88,2024-11-02,4,441.2
O24-006054,CUST01176,P0001,West,0.11,5265.37,1327.79,2024-01-18,5,1183.23
O24-005229,CUST01174,P0032,East,0.17,838.5,91.97,2024-04-14,2,505.12
O24-004714,CUST00664,P0005,West,0.07,867.58,204.93,2024-05-08,2,466.44
O24-004126,CUST00213,P0046,West,0.1,5.29,0.75,2024-01-26,2,2.94
O24-009156,CUST01259,P0012,North,0.15,50.85,11.95,2024-01-15,3,19.94
O24-005000,CUST00286,P0011,East,0.09,233.58,58.34,2024-06-30,3,85.56
O24-002293,CUST00761,P0038,South,0.24,41.56,4.47,2024-01-01,4,13.67
O24-006450,CUST00628,P0012,East,0.31,27.86,5.17,2024-05-23,2,20.19
O24-006591,CUST00395,P0036,North,0.32,42.7,5.3,2024-01-25,3,20.93
O24-007645,CUST01084,P0014,South,0.18,189.08,26.68,2024-05-13,6,38.43
O24-004844,CUST00124,P0047,North,0.14,8.69,1.45,2024-08-10,1,10.1
O24-002164,CUST01408,P0036,North,0.06,62.18,10.08,2024-12-23,3,22.05
O24-005141,CUST00620,P0005,South,0.17,1148.74,228.53,2024-04-22,3,461.34
O24-005433,CUST00588,P0028,East,0.02,1744.64,331.75,2024-07-03,4,445.06
O24-009617,CUST00590, P0015 ,North,0.36,33,5.36,2024-01-12,1,51.57
O24-000582,CUST01459,P0034,North,0.05,101.27,16.82,2024-03-16,10,10.66
O24-003413,CUST00768,P0026,North,0.07,459.85,62.25,2024-03-23,1,494.46
O24-007692,CUST01365,P0047,East,0.08,48.39,7.98,2024-09-22,5,10.52
O24-003626,CUST00603,P0010,North,0.15,227.79,53.31,2024-10-17,3,89.33
O24-001451,CUST01135,P0005,East,0.12,804.36,157.51,2024-12-18,2,457.02
O24-000830,CUST01294,P0015,East,0.15,133.42,30.15,2024-01-06,3,52.32
O24-001455,CUST00548,P0009,North,0.09,129.68,32.38,2024-08-04,6,23.75091575
O24-009328,CUST01377,P0023,East,0.1,234.34,36.21,2024-05-17,1,260.38
O24-007546,CUST01483,P0008,South,0.13,978.73,182.35,2024-10-08,2,562.49
O24-007341,CUST00784,P0006,North,0.12,654.88,151.06,2024-10-17,2,372.09
O24-009490,CUST01237,P0003,North,0.25,4156.71,927.03,2024-03-28,4,1385.57
O24-007235,CUST00324,P0019,North,0.13,344.65,54.69,2024-07-17,1,396.15
O24-005362,CUST01400,P0038,North,0.1,12.54,2.15,2024-01-27,1,13.93
O24-002527,CUST01107,P0033,East,0.1,34.88,5.74,2024-01-30,3,12.92
O24-002809,CUST01010,P0047,West,0,46.58,8.04,2024-11-17,5,10.35
O24-004731,CUST00681,P0030,North,0.14,89.26,12.74,2024-06-15,1,103.79
O24-005803,CUST01222,P0025,West,0.1,910.64,126.95,2024-09-05,2,505.91
O24-002120,CUST01420,P0016,North,0.17,54.99,11.68,2024-06-02,1,66.25
O24-007609,CUST00362,P0015,North,0.07,383.61,100.52,2024-09-15,8,51.56
O24-003504,CUST01027,P0008  ,West,0.08,3120.57,620.72,2024-08-18,6,565.32
O24-000955,CUST00051,P0024,East,0.35,434.17,30.96,2024-05-30,1,667.95
O24-008832,CUST01287,P0025,West,0.09,1885.56,244.01,2024-01-21,4,518.01
O24-009622,CUST00233,P0032,South,0.23,701.53,27.18,2024-03-25,2,455.54
O24-002979,CUST00255,P0012,West,0.06,18.5,4.6,2024-12-28,1,19.68
O24-004065,CUST01409,P0021,West,0.19,187.73,22.54,2024-08-09,1,231.76
O24-001979,CUST00939,P0043  ,South,0.04,40.36,6.81,2024-11-27,1,42.04166667
O24-002234,CUST00086, P0006 ,West,0.05,739.12,204.57,2024-08-04,2,389.01
O24-007329,CUST00319,P0003,West,0.11,1263.32,225.51,2024-08-27,1,1419.46
O24-006678,CUST00087,P0010,West,0.11,149.34,26.23,2024-11-10,2,83.9
O24-002155,CUST01468,P0010,North,0.01,181.76,49.64,2024-11-14,2,91.8
O24-004685,CUST00087,P0004,South,0.12,6230.68,1052.91,2024-06-12,8,885.04
O24-002684,CUST00596,P0004,East,0.14,3024.93,732.35,2024-06-10,4,879.34
O24-001460,CUST00775,P0009,South,0.13,20.37,2.92,2024-04-30,1,23.4137931
O24-006854,CUST00032,P0041,South,0.06,94.61,13.48,2024-03-30,3,33.55
O24-001820,CUST00607,P0042,West,0,119.68,21.53,2024-09-23,4,29.92
O24-005160,CUST01304,P0040,East,0.11,93.82,15.17,2024-07-18,7,15.06
O24-003542,CUST00828,P0015,North,0.16,89.88,23.7,2024-09-23,2,53.5
O24-004478,CUST00585,P0038,South,0.12,11.99,1.4,2024-12-25,1,13.62
O24-004078,CUST00783,P0028,North,0,3222.88,530.8,2024-08-18,8,402.86
O24-006989,CUST00921,P0016,West,0.15,215.9,43.57,2024-07-16,4,63.5
O24-005145,CUST00143,P0045,North,0.11,2.31,0.28,2024-04-21,1,2.6
O24-005223,CUST00665,P0007,North,0.05,196.51,43.05,2024-12-28,1,206.85
O24-007857,CUST00910,P0026,West,0.14,1314.15,146.65,2024-11-19,3,509.36
O24-006065,CUST01077,P0012,North,0.05,20.08,4.8,2024-11-04,1,21.14
O24-004437,CUST00199,P0015,West,0.04,51.85,14.43,2024-10-08,1,54.01
O24-007498,CUST01235,P0009,South,0.3,47.1,6.28,2024-12-27,3,22.43
O24-000920,CUST01267,P0016,South,0.19,103.83,22.14,2024-04-18,2,64.09
O24-007367,CUST00510,P0041,West,0.09,29.7,5.07,2024-03-25,1,32.64
O24-008188,CUST00422,P0025,North,0.22,408.63,54.62,2024-03-14,1,523.88
O24-008378,CUST00504,P0023,East,0.1,486.5,87.75,2024-07-31,2,270.28
O24-007031,CUST00992,P0026,North,0.07,481.25,78.84,2024-03-05,1,517.47
O24-008026,CUST01463,P0017,South,0.25,663.87,38.45,2024-05-14,4,221.29
O24-007524,CUST00980,P0007,North,0.12,177.4,40.32,2024-12-13,1,201.59
O24-000224,CUST00649,P0001,West,0.28,3341.15,610.36,2024-07-24,4,1160.12
O24-007444,CUST00061,P0003,South,0.19,3201.38,584.44,2024-09-09,3,1317.44
O24-002209,CUST00857,P0023,East,0.14,1138.3,135.47,2024-02-10,5,264.72
O24-009948,CUST01164,P0008,East,0.03,3944.92,796.56,2024-10-10,7,580.9896907
O24-007382,CUST01289,P0011,South,0.26,62.83,10.1,2024-07-30,1,84.9
O24-004834,CUST00121,P0002,West,0.05,502.38,108.39,2024-06-05,1,528.82
O24-005548,CUST00944,P0014,North,0.08,75.38,18.41,2024-12-19,2,40.97
O24-003041,CUST00553,P0028,East,0.04,833.8,143.46,2024-01-26,2,434.27
O24-005980,CUST00784,P0010,North,0.09,86.53,15.63,2024-06-19,1,95.09
O24-005245,CUST00947,P0040,North,0.14,13.01,2.34,2024-06-10,1,15.13
O24-005951,CUST00394,P0046,West,0.1,10.87,2.14,2024-10-05,4,3.02
O24-000860,CUST00779,P0007,North,0.07,747.79,166.97,2024-12-17,4,201.02
O24-001374,CUST01439,P0010,West,0.12,253.2,65.42,2024-06-30,3,95.91
O24-007563,CUST00784,P0030,West,0.15,86.57,11.53,2024-05-25,1,101.85
O24-006456,CUST00643,P0018,East,0.21,337.39,34.49,2024-07-06,1,427.08
O24-003075,CUST00617,P0005,North,0.11,1257.01,338.61,2024-05-31,3,470.79
O24-002969,CUST01039,P0026,West,0.13,432.97,58.24,2024-08-01,1,497.67
O24-006881,CUST00148,P0036,West,0.31,13.78,1.56,2024-09-04,1,19.97
O24-008079,CUST01446,P0030,North,0.14,178.3,27.65,2024-05-26,2,103.66
O24-003849,CUST00797,P0035,West,0.08,7.32,1.1,2024-06-17,2,3.98
O24-002807,CUST00039,P0043,North,0,68.22,12.72,2024-10-22,2,39.66
O24-003216,CUST00500,P0041,West,0.11,57.46,9.43,2024-11-13,2,32.28
O24-001477,CUST00821,P0040,West,0,80.6,16.15,2024-04-17,5,16.12
O24-001457,CUST01452,P0038,North,0.08,26.7,4.7,2024-08-04,2,14.51
O24-002025,CUST00119,P0007,South,0.14,529.42,110.38,2024-02-10,3,205.2
O24-007595,CUST00984,P0035,West,0.16,6.97,0.99,2024-01-10,2,4.15
O24-004954,CUST01116,P0045,East,0.12,2.35,0.4,2024-08-13,1,2.67
O24-001061,CUST01307,P0014,East,0.03,76.53,19.89,2024-12-11,2,39.45
O24-006834,CUST01242,P0007,East,0.09,731.64,201.68,2024-04-16,4,201
O24-000630,CUST00270,P0043,West,0.08,187.54,27.41,2024-09-04,5,40.77
O24-006106,CUST01471,P0016,South,0.21,291.7,45.29,2024-06-11,6,61.54
O24-006496,CUST01326,P0038,East,0.01,146.58,30.23,2024-07-13,11,13.46
O24-001678,CUST00858,P0043,South,0.04,37.09,4.51,2024-08-07,1,38.64
O24-005197,CUST00222,P0039,West,0.09,13.01,1.88,2024-07-21,1,14.3
O24-003895,CUST01355,P0040,East,0.02,14.9,2.21,2024-11-23,1,15.20408163
O24-005439,CUST00140,P0042,South,0.07,27.49,4.57,2024-08-21,1,29.56
O24-004851,CUST00300,P0040,West,0.1,57.2,10.79,2024-08-26,4,15.89
O24-004932,CUST01491,P0013,East,0.12,18.09,3.82,2024-09-17,1,20.56
O24-006508,CUST01434,P0038,West,0.06,39.25,8.45,2024-12-31,3,13.92
O24-009973,CUST00585,P0022,South,0.2,1141.49,72.92,2024-09-05,2,713.43
O24-009903,CUST00024,P0039,East,0.12,24.68,4.54,2024-10-27,2,14.02
O24-001568,CUST01335,P0010,East,0.22,215,48.95,2024-03-20,3,91.88
O24-000648,CUST01307,P0026,East,0.04,457.3,104.06,2024-12-27,1,476.3541667
O24-009844,CUST00036,P0029,East,0.06,545.84,71.91,2024-11-16,2,290.34
O24-005863,CUST01473,P0021,South,0.26,165.15,15.46,2024-01-12,1,223.17
O24-004952,CUST00429,P0048,North,0.11,1.85,0.32,2024-10-04,1,2.08
O24-005048,CUST00752,P0043,South,0.18,32.97,2.98,2024-09-16,1,40.21
O24-006965,CUST01153,P0044,West,0.03,102.94,16.24,2024-05-12,7,15.16053019
O24-007650,CUST00012,P0005,North,0.06,877.73,182.12,2024-04-12,2,466.88
O24-001848,CUST01074,P0034,North,0.19,25.78,3.71,2024-05-18,3,10.61
O24-002583,CUST01049,P0036,West,0.07,58.28,10.77,2024-07-05,3,20.89
O24-009784,CUST00083,P0012,East,0.09,17.89,4.71,2024-07-12,1,19.66
O24-004102,CUST01176,P0030,North,0.1,93.6,12.23,2024-12-27,1,104
O24-000162,CUST01050,P0048,North,0.13,3.67,0.7,2024-03-04,2,2.11
O24-007324,CUST00547,P0010,East,0.1,83.84,17.39,2024-11-28,1,93.15
O24-004879,CUST00279,P0008,East,0.08,557.87,120.63,2024-08-31,1,606.38
O24-005748,CUST01227,P0043,East,0.04,335.75,75.61,2024-11-01,9,38.86
O24-009605,CUST00120,P0011,North,0.06,175.31,46,2024-09-18,2,93.25
O24-004944,CUST00571,P0048,South,0.13,1.9,0.24,2024-09-03,1,2.18
O24-001370,CUST00205,P0012,East,0.02,135.42,40.63,2024-01-09,7,19.74
O24-002553,CUST00347,P0003,West,0.04,6677.86,1853.75,2024-04-14,5,1391.22
O24-005400,CUST01086,P0014,North,0.08,36.97,9.58,2024-11-24,1,40.19
O24-000967,CUST00433,P0045,North,0.11,9.75,1.6,2024-12-17,4,2.74
O24-009048,CUST01190,P0045,East,0.08,2.37,0.46,2024-10-25,1,2.58
O24-000887,CUST00940,P0022,East,0.04,674.84,115.86,2024-04-02,1,702.96
O24-006489,CUST00954,P0042,East,0,55.86,9.65,2024-12-01,2,27.93
O24-005844,CUST00234,P0033,North,0.14,10.85,1.79,2024-08-09,1,12.62
O24-009172,CUST00886,P0013,West,0.07,34.93,9.49,2024-08-01,2,18.78
O24-001661,CUST00173,P0020,North,0.17,457.88,67.31,2024-08-30,2,275.83
O24-003785,CUST00460,P0002,West,0.18,853.18,206.21,2024-05-05,2,520.23
O24-009669,CUST00621,P0034,East,0.15,8.75,1.55,2024-11-02,1,10.29
O24-006062,CUST01008,P0004,South,0.13,1549.33,275.82,2024-06-17,2,890.42
O24-004462,CUST00769,P0014,West,0.04,158.55,40.26,2024-11-01,4,41.29
O24-005384,CUST01319,P0047,North,0.08,9.45,1.7,2024-07-20,1,10.27
O24-002857,CUST00360,P0015,North,0.07,188.9,52.19,2024-04-15,4,50.78
O24-004234,CUST00023,P0026,South,0.08,2331.05,212.63,2024-07-22,5,506.75
O24-006107,CUST00101,P0038,West,0.07,71.03,12.63,2024-02-22,6,12.73
O24-007937,CUST00674,P0027,East,0.19,207.33,32.63,2024-02-15,2,127.98
O24-009751,CUST00860,P0033,East,0,31.58,4.46,2024-09-02,3,13.16
O24-008784,CUST00502,P0023,North,0.26,195.93,16.74,2024-09-08,1,264.77
O24-004589,CUST01028,P0009,South,0.19,19.5,3.57,2024-11-01,1,24.08
O24-007927,CUST00214,P0036,North,0.23,34.33,5.08,2024-02-17,2,22.29
O24-006706,CUST00283,  P0022,West,0.08,621.77,107.15,2024-02-06,1,675.84
O24-001985,CUST00256,P0003,West,0.1,2477.86,652.65,2024-05-25,2,1376.59
O24-002334,CUST01118,P0007,North,0.16,329.6,79.39,2024-12-15,2,196.19
O24-007447,CUST00943,P0033,South,0.13,58.99,8.72,2024-03-13,5,13.56
O24-003859,CUST00325,P0001,East,0.07,3316.11,816.39,2024-12-17,3,1188.57
O24-005908,CUST00653,P0037,East,0.31,37.04,3.76,2024-09-02,4,13.42
O24-007885,CUST01221,P0001,East,0.04,1185.85,323.25,2024-10-17,1,1235.26
O24-006782,CUST00795,P0012,East,0.28,14.05,2.25,2024-05-04,1,19.52
O24-003963,CUST00987,P0014,West,0.06,156.57,39.01,2024-02-12,4,41.64095745
O24-009266,CUST01062,P0015  ,South,0.2,41.8,6.34,2024-04-30,1,52.25
O24-009318,CUST00878,P0028,East,0.16,2351.51,290.61,2024-05-25,6,466.57
O24-004518,CUST00921,P0013,East,0.08,18,4.56,2024-04-05,1,19.56
O24-002180,CUST01346,P0002,North,0.04,1495.56,384.2,2024-08-26,3,519.29
O24-008163,CUST01125,P0038,West,0.21,32.54,5.43,2024-12-24,3,13.73
O24-009299,CUST00186,P0010,South,0.37,60.72,6.62,2024-07-26,1,96.38
O24-000991,CUST00110,P0042,East,0.31,208.38,26.42,2024-10-30,10,30.2
O24-007699,CUST01247,P0036,North,0.16,17.61,2.24,2024-07-30,1,20.96
O24-000194,CUST00934,P0013,West,0.2,94.8,20.46,2024-06-26,6,19.75
O24-001980,CUST00835,P0042,North,0,175.74,36.06,2024-06-04,6,29.29
O24-006575,CUST01239,P0001,North,0.1,2117.12,497.35,2024-10-03,2,1176.18
O24-005241,CUST00763,P0013,West,0.09,17.99,4.27,2024-04-29,1,19.77
O24-009315,CUST01146,P0038,South,0.14,12.03,1.98,2024-04-30,1,13.99
O24-007411,CUST00675,P0001,East,0.05,2170.86,622.38,2024-11-01,2,1142.56
O24-001828,CUST01329,P0023,North,0.11,476.38,73.46,2024-08-16,2,267.63
O24-006797,CUST00752,P0046,East,0.09,5.66,1.37,2024-10-16,2,3.11
O24-008872,CUST00950,P0043,East,0.09,185.5,37.5,2024-12-29,5,40.77
O24-006237,CUST00997,P0038,West,0.14,12.02,2.34,2024-10-08,1,13.98
O24-003378,CUST00411,P0022,North,0.16,1042.37,110.28,2024-12-24,2,620.46
O24-005431,CUST01351,P0003,East,0.13,2430.54,532.4,2024-12-30,2,1396.86
O24-008440,CUST00446,P0036,East,0.04,82.02,18.67,2024-02-01,4,21.36
O24-004475,CUST00831,P0023  ,East,0.05,777.57,113.2,2024-09-09,3,272.83
O24-007993,CUST00277,P0048,South,0.08,15.9,1.98,2024-11-20,8,2.16
O24-002452,CUST01010,P0023,East,0.18,929.98,110.68,2024-11-04,4,283.53
O24-009135,CUST01143,P0026,East,0.13,454.57,41.67,2024-06-14,1,522.49
O24-006370,CUST00415,P0044,West,0.16,38.58,4.95,2024-12-22,3,15.31
O24-006204,CUST00072,P0020,South,0.15,232.12,15.07,2024-12-19,1,273.08
O24-002160,CUST00721,P0005,East,0.09,835.85,207.11,2024-04-13,2,459.2582418
O24-002035,CUST01304,P0009,South,0.2,39.09,6.3,2024-12-12,2,24.43
O24-001931,CUST00139,P0030,West,0.13,91.12,15.54,2024-01-07,1,104.73
O24-002371,CUST00002,P0019,North,0.18,680.04,69.21,2024-05-14,2,414.66
O24-009248,CUST01402,P0014,West,0.24,151.77,31.64,2024-01-27,5,39.94
O24-004429,CUST00800,P0019,North,0.16,1374.11,120.96,2024-05-21,4,408.96
O24-009131,CUST00371,P0031,South,0.15,236.13,23.07,2024-05-24,1,277.8
O24-006807,CUST00593,P0038,South,0.28,40.18,3.51,2024-12-10,4,13.95
O24-001996,CUST00252,P0027,East,0,632.45,96.31,2024-05-20,5,126.49
O24-003225,CUST00828,P0019,West,0.18,317.28,22.39,2024-07-31,1,386.93
O24-002185,CUST01290,P0047,West,0.11,52.55,7.53,2024-11-03,6,9.84
O24-005964,CUST00650,P0045,North,0.09,19.15,4.28,2024-04-15,8,2.63
O24-005103,CUST01457,P0041,North,0.14,27.56,4.37,2024-02-29,1,32.05
O24-008027,CUST00441,P0046,East,0.13,2.68,0.39,2024-01-02,1,3.08
O24-006801,CUST01170,P0012,East,0.07,36.96,9.19,2024-02-19,2,19.87
O24-005710,CUST01098,P0042,West,0.15,48.98,5.7,2024-03-02,2,28.81
O24-005010,CUST00104,P0014,North,0.03,154.54,42.92,2024-11-30,4,39.83
O24-004187,CUST00553,P0002,East,0.02,1085.27,287.29,2024-01-07,2,553.71
O24-001401,CUST01171,P0027,South,0.23,100.16,5.6,2024-05-14,1,130.08
O24-003172,CUST01297,P0048,North,0.11,7.87,1.05,2024-04-20,4,2.21
O24-008787,CUST00009,P0031,East,0.07,503.69,64.38,2024-06-03,2,270.8
O24-004729,CUST00450,P0040,North,0.1,66.06,13.31,2024-06-29,5,14.68
O24-001716,CUST00161,P0011,East,0.22,68.72,11.9,2024-12-16,1,88.1
O24-002817,CUST00835,P0043,South,0.05,109.9,18.23,2024-05-27,3,38.56
O24-001141,CUST00804,P0047,West,0.18,66.98,8.84,2024-11-29,8,10.21
O24-001814,CUST01291,P0024,West,0.16,2249.62,330.49,2024-09-13,4,669.53
O24-008305,CUST00881,P0025  ,West,0.15,868.02,111.94,2024-11-29,2,510.6
O24-000593,CUST01380, P0023 ,South,0.08,972.15,81.2,2024-12-25,4,264.17
O24-007274,CUST01467,P0001,East,0.11,5256.21,1151.78,2024-11-27,5,1181.17
O24-008492,CUST00950,P0026,West,0.1,1722.85,220.88,2024-12-18,4,478.57
O24-006577,CUST01084,P0043,South,0.25,87.84,11.73,2024-05-12,3,39.04
O24-006093,CUST01204,P0014,North,0.05,114.34,25.19,2024-12-23,3,40.12
O24-009351,CUST00455,P0022,North,0.05,634.61,108.96,2024-12-28,1,668.01
O24-000048,CUST00603,P0007,West,0.21,508.65,126.91,2024-11-28,3,214.62
O24-000117,CUST00379,P0022,South,0.17,2936.58,250.74,2024-07-15,5,707.61
O24-007464,CUST00025,P0038,North,0,97.37,17.29,2024-05-17,8,13.23
O24-005654,CUST00385,P0003,East,0.06,6432.33,1575.22,2024-02-15,5,1368.58
O24-002077,CUST00222,P0047,West,0.09,9.27,1.62,2024-07-14,1,10.19
O24-009038,CUST01062,P0019,South,0.17,1308.31,142.22,2024-10-29,4,394.07
O24-003831,CUST01194,P0003,East,0.2,1087.15,246.96,2024-12-27,1,1358.94
O24-001101,CUST00619,P0043,South,0.16,34.29,4.49,2024-02-21,1,40.82
O24-003357,CUST01033,P0040,East,0.05,29.94,5.19,2024-09-29,2,15.76
O24-006598,CUST00920,P0027,East,0.27,192.3,23.99,2024-11-05,2,131.7123288
O24-009197,CUST00678,P0024,North,0.08,591.22,82.55,2024-05-13,1,642.63
O24-003323,CUST00348,P0036,North,0.34,27.18,2.89,2024-06-03,2,20.59
O24-006771,CUST01085,P0023,West,0,1843.03,312.48,2024-03-16,7,263.29
O24-003040,CUST00916,P0028,East,0.16,1565.22,177.53,2024-11-03,4,465.84
O24-005634,CUST00749,P0015,East,0.13,463.36,105.47,2024-11-01,10,53.26
O24-008110,CUST00454,P0004,North,0.1,6980.58,1641.93,2024-09-07,9,861.8
O24-002955,CUST00241,P0009,West,0.1,43.16,9.13,2024-07-10,2,23.98
O24-001067,CUST01442,P0019,West,0.02,1644.05,255.4,2024-12-31,4,419.4
O24-006006,CUST00130,P0012,North,0.02,74.4,17.17,2024-09-03,4,18.98
O24-002709,CUST00495,P0005,West,0.25,346.16,78.64,2024-06-26,1,461.55
O24-003705,CUST01486,P0046,East,0.07,5.69,0.75,2024-02-29,2,3.06
O24-009690,CUST00817,P0008,South,0.16,2001.18,422.15,2024-08-05,4,595.59
O24-009180,CUST00657, P0010 ,East,0.02,375.14,112.54,2024-12-21,4,95.7
O24-003219,CUST00847,P0008,South,0.15,511.36,97.48,2024-01-07,1,601.6
O24-006424,CUST01116,P0017,West,0.11,193.38,27.9,2024-09-08,1,217.28
O24-003469,CUST00133,P0019,West,0.12,701.64,63.93,2024-02-28,2,398.66
O24-001858,CUST01405,P0047,South,0.12,8.86,1.39,2024-06-11,1,10.07
O24-008483,CUST00650,P0007,North,0.06,194.16,49.37,2024-05-22,1,206.55
O24-007339,CUST00470,P0001,West,0.06,12027.8,3196.25,2024-12-20,11,1163.23
O24-003594,CUST01451,P0029,North,0.08,800.79,82.19,2024-12-19,3,290.14
O24-005168,CUST00768,P0042,East,0.13,76.6,14.72,2024-10-08,3,29.35
O24-004326,CUST00474,P0044,South,0.23,11.43,1.75,2024-12-07,1,14.84
O24-006654,CUST01216,P0011,East,0.26,62.42,12.67,2024-03-02,1,84.35
O24-009114,CUST00265,P0021,South,0.04,206.47,16.58,2024-10-17,1,215.07
O24-005078,CUST00111,P0023,North,0.11,720.31,121.37,2024-06-19,3,269.78
O24-003109,CUST00612,P0042,North,0.09,52.43,11.26,2024-08-25,2,28.81
O24-004508,CUST00382,P0014,East,0.32,28.32,5.88,2024-02-29,1,41.65
O24-006597,CUST01289,P0039,West,0.17,24.32,4.14,2024-05-03,2,14.65
O24-005842,CUST00035,P0044,East,0.14,26.01,4.47,2024-04-12,2,15.12
O24-000984,CUST00391,P0039,East,0.13,11.81,1.53,2024-04-18,1,13.57
O24-001071,CUST00674,P0010,North,0.16,236.5,55.9,2024-07-28,3,93.85
O24-008291,CUST00002,P0045,East,0.15,6.55,1.34,2024-12-01,3,2.57
O24-007129,CUST00852,P0031,South,0.12,229.38,17.86,2024-04-01,1,260.66
O24-006823,CUST00566,P0004,West,0.24,1462.15,294.14,2024-12-13,2,961.94
O24-006260,CUST01157,P0045,North,0.03,23.13,4.12,2024-06-29,9,2.65
O24-008778,CUST00758,P0048,East,0.14,5.42,0.7,2024-09-04,3,2.1
O24-003329,CUST00646,P0042,South,0.29,219.67,10.7,2024-08-24,10,30.94
O24-006369,CUST00401,P0008,North,0.06,3727.83,1030.35,2024-08-19,7,566.54
O24-009164,CUST01181,P0035,North,0.21,6.57,0.82,2024-05-18,2,4.158227848
O24-001962,CUST00169,P0004,North,0.13,7751.09,1924.49,2024-08-04,10,890.93
O24-002993,CUST00500,P0035,North,0.1,14.87,2.64,2024-01-08,4,4.13
O24-007160,CUST00425,P0013,South,0.2,98.3,18.8,2024-09-19,6,20.48
O24-007153,CUST00195,P0046,East,0.03,2.89,0.63,2024-02-06,1,2.98
O24-000978,CUST00911,P0025,West,0.06,1456.33,184.57,2024-06-15,3,516.43
O24-003708,CUST01407,P0019,North,0.17,3181.97,223.18,2024-12-13,10,383.37
O24-001843,CUST00993,P0016,East,0.02,193.1,47.56,2024-08-15,3,65.68
O24-003514,CUST00834,P0041,West,0.07,29.81,5.68,2024-10-28,1,32.05
O24-008733,CUST00297,P0029,North,0.05,1350.28,213.15,2024-05-19,5,284.27
O24-008650,CUST00692,P0042,West,0.07,51.76,12.28,2024-04-06,2,27.83
O24-000251,CUST00053,P0046,West,0.19,2.47,0.39,2024-02-09,1,3.05
O24-008073,CUST00248,P0035,East,0.07,11.47,1.81,2024-12-15,3,4.11
O24-001873,CUST00468,P0041,East,0.13,84.04,14.18,2024-12-29,3,32.2
O24-008533,CUST00557,P0004,North,0.06,868.35,213.97,2024-09-20,1,923.78
O24-002123,CUST01172,P0038,North,0.05,51.45,12.05,2024-10-29,4,13.54
O24-004120,CUST00975,P0005,North,0.12,422.37,86.21,2024-05-20,1,479.97
O24-008030,CUST01121,P0037,West,0.06,12.66,2.24,2024-03-22,1,13.47
O24-004652,CUST00481,P0001,North,0.07,1061.93,243.32,2024-07-13,1,1141.86
O24-003810,CUST01221,P0010,East,0.03,89.75,24.23,2024-01-10,1,92.53
O24-005325,CUST01411,P0023,South,0.13,232.44,24.03,2024-12-25,1,267.17
O24-007586,CUST00226,P0020,North,0.26,1009.06,112.8,2024-03-21,5,272.72
O24-002351,CUST01269,P0036,East,0.11,37.63,7.69,2024-05-04,2,21.14
O24-003302,CUST01270,P0011,East,0.05,856.9,214.64,2024-10-15,10,90.2
O24-001994,CUST01161,P0012,East,0.07,57.7,14.32,2024-08-06,3,20.68
O24-007448,CUST01340,P0036,North,0.21,48.58,6.74,2024-09-09,3,20.5
O24-002494,CUST00826,P0042,East,0.07,27.9,6.16,2024-06-06,1,30
O24-005809,CUST00892,P0023,West,0.15,242.62,32.49,2024-11-11,1,285.43
O24-002073,CUST00356,P0040,West,0.17,26.76,4.5,2024-01-13,2,16.12
O24-008577,CUST00789,P0031,North,0.25,631.17,42.1,2024-12-26,3,280.52
O24-008051,CUST00328,P0020,North,0.12,709.05,88.73,2024-03-14,3,268.58
O24-009829,CUST00527,P0034,South,0.16,8.31,0.68,2024-06-30,1,9.89
O24-008191,CUST00747,P0015,East,0.1,296.03,75.39,2024-02-20,6,54.82037037
O24-008155,CUST00840,P0044,North,0.04,92.33,21.38,2024-06-27,6,16.03
O24-001403,CUST00084,P0001,North,0.1,3183.33,769.3,2024-12-12,3,1179.01
O24-002891,CUST00375,P0020,East,0.09,490.31,74.5,2024-06-08,2,269.4
O24-000020,CUST00150,P0024,North,0.1,2915.37,483.28,2024-10-21,5,647.86
O24-002259,CUST00788,P0006,South,0.22,599.07,68.38,2024-04-28,2,384.02
O24-007473,CUST01320,P0036,West,0.08,116.75,20.78,2024-05-22,6,21.15
O24-001415,CUST00116,P0017,East,0,666.18,120.01,2024-06-24,3,222.06
O24-003660,CUST01038,P0002,North,0.18,1326.53,350.9,2024-05-20,3,539.24
O24-001895,CUST00077,P0036,North,0.18,72.09,7.4,2024-03-20,4,21.98
O24-007717,CUST00237,P0044,South,0.17,37.18,4.39,2024-11-10,3,14.93
O24-009167,CUST00663,P0020,South,0.16,1303.39,62.66,2024-08-09,6,258.61
O24-004734,CUST00199,P0016,South,0.16,53.14,9.86,2024-01-16,1,63.26
O24-006030,CUST00076,P0043,East,0,36.93,5.9,2024-10-21,1,38.47
O24-003123,CUST01152,P0018,North,0.08,3921.5,575.7,2024-03-26,10,426.25
O24-004133,CUST00575,P0039,East,0.05,13.08,2.97,2024-04-21,1,13.77
O24-007449,CUST00585,P0009,North,0.2,54.02,11.38,2024-11-28,3,22.51
O24-005827,CUST00063,P0022,East,0.19,2173.49,199.18,2024-11-12,4,670.83
O24-002407,CUST00254,P0041,North,0.08,88.51,16.29,2024-02-27,3,32.07
O24-004860,CUST00790,P0036,North,0.1,111.83,20.86,2024-01-08,6,20.71
O24-003636,CUST01482, P0009 ,North,0.29,52.16,9.58,2024-01-09,3,24.49
O24-003470,CUST01127,P0041,West,0.17,27.96,4.17,2024-04-07,1,33.69
O24-003314,CUST00080,P0028,South,0.18,1503.39,99.56,2024-05-17,4,458.35
O24-000642,CUST00002,P0006,East,0.12,711.78,180.78,2024-08-25,2,404.42
O24-008282,CUST00969,P0027,North,0.08,342.63,62.37,2024-03-13,3,124.14
O24-007409,CUST00678,P0045,North,0.23,10.2,1.1,2024-11-25,5,2.65
O24-005794,CUST00941, P0004 ,East,0.11,797.84,221.16,2024-12-13,1,896.45
O24-004906,CUST00730,P0038,South,0.14,45.68,5.58,2024-03-06,4,13.28
O24-004063,CUST01056,P0022,North,0.13,2391.46,263.1,2024-06-18,4,687.2
O24-008723,CUST00198,P0028,East,0.1,420.47,39.16,2024-06-03,1,467.19
O24-009288,CUST01134,P0021,South,0.18,375.97,42.07,2024-12-06,2,229.25
O24-005583,CUST00031,P0034,South,0.28,7.41,0.65,2024-01-25,1,10.29
O24-006750,CUST00802,P0047,East,0.04,9.79,2.11,2024-08-28,1,10.2
O24-007457,CUST00226,P0042,North,0.09,104.94,22.56,2024-01-12,4,28.83
O24-004654,CUST01338,P0048,West,0,1.72,0.23,2024-12-28,1,2.21
O24-006099,CUST00648,P0003,West,0.07,1220.82,312.02,2024-12-22,1,1312.71
O24-001459,CUST00126,P0041,East,0.08,31.99,5.32,2024-02-02,1,34.77
O24-004068,CUST00799,P0017,West,0.09,184.52,27.92,2024-03-09,1,202.77
O24-000090,CUST00425,P0040,South,0.14,12.99,1.66,2024-06-20,1,15.1
O24-008620,CUST00570,P0035,North,0.29,2.94,0.42,2024-09-18,1,4.14
O24-002072,CUST01397,P0014,North,0.08,36.41,8.58,2024-01-15,1,39.58
O24-006238,CUST00242,P0004,East,0.25,2062.78,502.8,2024-12-27,3,916.79
O24-000434,CUST00162,P0005,South,0.23,345.91,52.63,2024-06-09,1,449.24
O24-000154,CUST01090,P0041,West,0.07,92.54,17.53,2024-09-18,3,33.17
O24-002608,CUST00810,P0019,West,0.11,349.32,60.79,2024-01-04,1,392.49
O24-004699,CUST00032,P0026,East,0.15,902.55,117.01,2024-06-12,2,530.91
O24-002042,CUST01314,P0014,North,0.28,115.66,24.03,2024-10-04,4,40.16
O24-007291,CUST00566,P0037,North,0.04,26.8,5.01,2024-04-05,2,13.96
O24-003760,CUST01012,  P0016,South,0.14,108.5,20.68,2024-05-17,2,63.08139535
O24-009547,CUST01113,P0018,East,0.18,2097.74,259.97,2024-02-12,6,426.37
O24-006059,CUST00082,P0046,East,0.09,8.6,1.25,2024-07-23,3,3.15
O24-006017,CUST00802,P0038  ,North,0,24.93,4.88,2024-10-05,2,13.85
O24-006671,CUST00292,P0034,North,0.02,88.2,13,2024-10-08,9,10
O24-000091,CUST00931,P0023,North,0.08,254.17,38.12,2024-01-15,1,276.27
O24-007313,CUST01199,P0046,West,0.04,8.81,1.68,2024-06-19,3,3.06
O24-000611,CUST01281,P0008,South,0.15,521.68,94.93,2024-09-11,1,613.74
O24-000142,CUST00807,P0039,East,0.1,24.8,4.67,2024-05-21,2,13.78
O24-004373,CUST00988,P0004,South,0.28,1958.02,358.11,2024-06-07,3,906.49
O24-000004,CUST00779,P0016,North,0.07,181.24,44.6,2024-08-08,3,64.96
O24-007061,CUST00260,P0041,West,0.07,60.06,11.54,2024-01-23,2,32.29
O24-001046,CUST01214,P0044,West,0.12,13.17,2.3,2024-02-16,1,14.97
O24-003697,CUST00541,P0028,South,0.22,1045.49,39.28,2024-11-22,3,446.79
O24-003947,CUST01294,P0042,North,0.22,67.32,11.42,2024-08-14,3,28.77
O24-008354,CUST01175,P0031,West,0.06,1555.23,237.52,2024-09-22,6,275.75
O24-009936,CUST00801,P0008,North,0.09,5355.08,1312.94,2024-12-02,10,588.47
O24-007651,CUST00481,P0010,East,0.2,222.5,44.73,2024-10-13,3,92.71
O24-009294,CUST00005,P0040,East,0.2,25.7,3.83,2024-09-09,2,16.06
O24-002721,CUST00986,P0001,North,0.12,1040.6,276.87,2024-10-28,1,1182.5
O24-007001,CUST00101,P0026,North,0.18,2590.43,329.02,2024-10-23,6,526.51
O24-007683,CUST00921,P0041,West,0.19,111.07,23.13,2024-11-02,4,34.28
O24-004244,CUST00364,P0012,West,0.04,154.83,33.66,2024-07-13,8,20.16
O24-001526,CUST01206,P0005,East,0.18,378.77,83.93,2024-01-22,1,461.92
O24-001277,CUST00810,P0044,West,0.08,13.31,2.31,2024-04-24,1,14.47
O24-000366,CUST00965,P0010,South,0.17,603.44,118.76,2024-03-06,8,90.88
O24-003731,CUST01087,P0014,North,0.35,81.53,15.11,2024-05-07,3,41.81
O24-003673,CUST00166,P0026,East,0.25,761.86,96.45,2024-10-24,2,507.91
O24-000452,CUST01301,P0039,South,0.18,11.64,1.19,2024-10-12,1,14.19
O24-008957,CUST00854,P0033,East,0.09,24.15,3.46,2024-10-31,2,13.27
O24-007934,CUST00319,P0034,East,0.19,40.86,4.38,2024-11-12,5,10.09
O24-004321,CUST00416,P0034,North,0.2,16.08,1.83,2024-05-04,2,10.05
O24-004350,CUST00168,P0012,West,0.18,83.44,15.32,2024-12-16,5,20.35
O24-004537,CUST00168,P0001,North,0.2,5572.75,1202.03,2024-06-04,6,1160.99
O24-007955,CUST01278,P0012,West,0.03,99.13,25.38,2024-02-16,5,20.44
O24-007487,CUST00353,P0033,North,0.22,10.63,1.97,2024-07-12,1,13.63
O24-009628,CUST01425,P0022,South,0.15,605.99,46.71,2024-06-27,1,712.93
O24-003353,CUST01117,P0036,North,0.05,95.33,19.65,2024-02-29,5,20.07
O24-004514,CUST00991,P0019,East,0.1,1073.82,148.96,2024-05-02,3,397.71
O24-001598,CUST00523,P0022,East,0.14,2831.38,386.27,2024-04-12,5,658.46
O24-009275,CUST00461,P0018,South,0.12,377.7,42.71,2024-03-16,1,429.2
O24-004074,CUST01260,P0019,North,0.12,1446.86,189.6,2024-11-04,4,411.04
O24-000831,CUST01476,P0015,West,0.04,204.29,52.22,2024-09-05,4,53.2
O24-001614,CUST00026,P0037,West,0.04,53.68,13.01,2024-12-25,4,13.98
O24-006878,CUST00896,P0021,South,0.27,977.27,32.25,2024-05-26,6,223.12
O24-006453,CUST00371,P0010,North,0.08,320.9,73.98,2024-03-21,4,87.2
O24-007213,CUST00919,P0042,East,0.07,85.74,17.77,2024-10-12,3,30.73
O24-005738,CUST01339,P0013,South,0.15,16.01,3.22,2024-07-11,1,18.84
O24-000733,CUST00249,P0009,North,0.06,133.5,38.12,2024-09-07,6,23.67
O24-009021,CUST01248,P0003,North,0.02,5520.26,1358.18,2024-03-18,4,1408.23
O24-008441,CUST00021,P0029,North,0.16,495.77,51.79,2024-04-19,2,295.1
O24-009423,CUST00497,P0003,West,0.1,5154.52,1097.6,2024-04-10,4,1431.81
O24-006739,CUST00585,P0018,South,0.17,731.61,89.71,2024-01-05,2,440.73
O24-002780,CUST00342,P0001,East,0.09,10746.64,2340.64,2024-11-30,10,1180.95
O24-003822,CUST00017,P0033,West,0.09,50.71,9.85,2024-04-15,4,13.93
O24-002092,CUST01079,P0015,East,0.32,464.98,85.21,2024-04-12,13,52.6
O24-001855,CUST00616,P0009,West,0.17,38.84,6.72,2024-08-12,2,23.4
O24-004792,CUST00130,P0038,North,0.05,65.98,12.27,2024-07-25,5,13.89
O24-003550,CUST01136,P0008,East,0.12,2090.14,482.81,2024-08-22,4,593.79
O24-002664,CUST00336,P0043,South,0.3,83.56,6.58,2024-12-14,3,39.79
O24-004532,CUST00186,P0045  ,North,0.14,4.51,0.67,2024-03-22,2,2.62
O24-005880,CUST00398,P0019,South,0.18,1305.21,154.58,2024-03-21,4,397.93
O24-007152,CUST00629,P0006,South,0.17,313.19,56.46,2024-02-27,1,377.34
O24-008799,CUST01420,P0044,East,0.14,13.25,1.87,2024-05-23,1,15.41
O24-006606,CUST00424,P0035,North,0.1,3.74,0.67,2024-02-29,1,4.15
O24-007855,CUST00400,P0021,East,0.12,195.43,17.65,2024-01-17,1,222.08
O24-002596,CUST00690,P0030,East,0.08,188.18,27.63,2024-08-13,2,102.27
O24-005489,CUST00026,P0032,East,0.05,454,66.33,2024-01-19,1,477.89
O24-006199,CUST01223,P0018,South,0.17,356.55,21.5,2024-01-16,1,429.58
O24-008866,CUST00442,P0031,North,0.05,811.11,159.34,2024-12-10,3,284.6
O24-000969,CUST00374,P0017,South,0.4,400.18,21.23,2024-08-10,3,222.32
O24-004763,CUST01487,P0011,East,0.09,232.3,54.42,2024-12-10,3,85.09
